{"line": [[2, 3], [0, 1]], "linedir": [3, 3], "lineidx": [377, 338], "junction": [[-0.120056221268807, -0.9999990000000001], [-0.09134140521675826, 0.9999989999999999], [-0.06958727808622114, -0.9999989999999996], [-0.052943417437220384, 0.999999]], "juncdpth": [-0.6176323068415274, -0.8117938361948616, -0.61712754112847, -0.8111303901768286], "junctype": [0, 0, 0, 0], "junindex": [-1, -1, -1, -1], "K": [[3.125, 0.0, 0.0, 0.0], [0.0, 3.125, 0.0, 0.0], [0.0, 0.0, -1.0010005235671997, -0.010005001910030842], [0.0, 0.0, -1.0, 0.0]], "RT": [[-0.05277533829212189, 0.9986064434051514, 1.3597309589385986e-07, -2.6540632802607433e-08], [0.3901866376399994, 0.02062084525823593, 0.9205048680305481, -0.48278161883354187], [0.9192220568656921, 0.04858000576496124, -0.3907311260700226, -0.8814316987991333], [-0.0, -0.0, -0.0, 1.0]]}