{"line": [[0, 1], [3, 0], [4, 5], [0, 2], [4, 6]], "linedir": [1, 2, 2, 3, 3], "lineidx": [336, 339, 375, 338, 377], "junction": [[-0.2979359920349426, -0.7593078471529378], [-0.2500609913036843, -0.730193895232578], [-0.28356660929827116, 0.999999], [-0.999999, -0.7416689321757567], [-0.2502689494150075, -0.7605054532117211], [0.9999990000000002, -0.7919176908716259], [-0.2381906794257918, 0.9999989999999997]], "juncdpth": [-0.6391300530062891, -0.6798654755921627, -0.6715166148732177, -0.6632049962371014, -0.6375586782875349, -0.5989348768367478, -0.6698876062423424], "junctype": [0, 1, 0, 0, 0, 0, 0], "junindex": [306, -1, -1, -1, 308, -1, -1], "K": [[3.125, 0.0, 0.0, 0.0], [0.0, 3.125, 0.0, 0.0], [0.0, 0.0, -1.0010005235671997, -0.010005001910030842], [0.0, 0.0, -1.0, 0.0]], "RT": [[-0.1577380746603012, 0.9874809980392456, 1.3504177331924438e-07, -1.006842076378689e-08], [0.08606468886137009, 0.01374765019863844, 0.9961947202682495, -0.18677525222301483], [0.9837233424186707, 0.15713785588741302, -0.0871557742357254, -0.9874790906906128], [-0.0, -0.0, -0.0, 1.0]]}