{"line": [[0, 1], [4, 5], [3, 0], [6, 4], [2, 0], [7, 6]], "linedir": [1, 3, 2, 2, 3, 3], "lineidx": [337, 374, 340, 376, 338, 377], "junction": [[-0.2934078496481359, 0.6396540299430792], [-0.2700857535777184, 0.5851645664509728], [-0.44937360291371065, -0.9999990000000001], [-0.999999, 0.4839065417431664], [0.9416011960285557, 0.9118758893203601], [0.999999, 0.7374544994223394], [-0.2648559688549745, 0.6459474624531011], [-0.40647386188017937, -0.9999990000000001]], "juncdpth": [-1.0380335633378248, -1.0556686426953068, -0.6777599498586678, -1.0900832811387133, -0.9580758206442663, -0.9021262042519427, -1.036034624536339, -0.6750746242924313], "junctype": [0, 1, 0, 0, 0, 0, 0, 0], "junindex": [307, -1, -1, -1, 311, -1, 309, -1], "K": [[3.125, 0.0, 0.0, 0.0], [0.0, 3.125, 0.0, 0.0], [0.0, 0.0, -1.0010005235671997, -0.010005001910030842], [0.0, 0.0, -1.0, 0.0]], "RT": [[-0.2609434723854065, 0.9653540849685669, 1.341104507446289e-07, 5.398852920279751e-09], [0.6205176711082458, 0.1677311211824417, 0.7660443782806396, -0.7193920612335205], [0.7395040988922119, 0.19989436864852905, -0.6427876353263855, -0.7017656564712524], [-0.0, -0.0, -0.0, 1.0]]}