{"line": [[0, 1], [4, 5], [3, 0], [6, 4], [7, 8], [9, 10], [2, 0], [11, 9]], "linedir": [1, 3, 2, 1, 3, 2, 3, 3], "lineidx": [337, 371, 340, 373, 374, 376, 338, 377], "junction": [[-0.4453957858128533, 0.5930360126485055], [-0.4247822677623726, 0.5639530141584106], [-0.6719969168235593, -0.9999989999999999], [-0.9999989999999999, 0.3864342687673969], [0.9445720154996234, 0.3016219225762597], [0.9999989999999999, 0.10078495321367574], [0.7322443874943951, 0.9999990000000001], [0.7312292181601038, 0.9999990000000001], [0.9999989999999999, -0.0013171825585336881], [-0.4195805110831928, 0.6026527632216785], [0.6470585981647825, 0.999999], [-0.6349980451893854, -0.9999990000000001]], "juncdpth": [-1.0530843771016478, -1.0626969018386803, -0.6979787606929254, -1.1253996347031336, -1.1580444917389316, -1.0938574716078517, -0.9347672526902162, -0.9177638413649759, -0.6710962464468125, -1.0499439865121918, -0.934767257307551, -0.6937600360151336], "junctype": [0, 1, 0, 0, 0, 0, 0, 0, 0, 0, 0, 0], "junindex": [307, -1, -1, -1, 255, -1, -1, -1, -1, 309, -1, -1], "K": [[3.125, 0.0, 0.0, 0.0], [0.0, 3.125, 0.0, 0.0], [0.0, 0.0, -1.0010005235671997, -0.010005001910030842], [0.0, 0.0, -1.0, 0.0]], "RT": [[-0.40994974970817566, 0.9121081233024597, 1.341104507446289e-07, -6.65770656382847e-08], [0.5862919092178345, 0.2635105550289154, 0.7660444974899292, -0.7193920612335205], [0.6987152695655823, 0.31403982639312744, -0.6427876353263855, -0.7017657160758972], [-0.0, -0.0, -0.0, 1.0]]}