{"line": [[0, 1], [3, 0], [4, 5], [0, 2], [4, 6]], "linedir": [1, 2, 2, 3, 3], "lineidx": [336, 339, 375, 338, 377], "junction": [[-0.5519298818119234, -0.7489379817880308], [-0.5086649382996757, -0.7359192984288034], [-0.5254600079066377, 0.9999989999999999], [-0.999999, -0.7253065910396851], [-0.5088782757444203, -0.7512085451543237], [0.999999, -0.8307874918994301], [-0.48444292260978306, 0.9999989999999999]], "juncdpth": [-0.653067220273085, -0.6714494103226687, -0.6859649600131466, -0.6872178977335188, -0.6499638157654417, -0.557167481132335, -0.6827477306257573], "junctype": [0, 1, 0, 0, 0, 0, 0], "junindex": [306, -1, -1, -1, 308, -1, -1], "K": [[3.125, 0.0, 0.0, 0.0], [0.0, 3.125, 0.0, 0.0], [0.0, 0.0, -1.0010005235671997, -0.010005001910030842], [0.0, 0.0, -1.0, 0.0]], "RT": [[-0.31152665615081787, 0.9502374529838562, 1.3597309589385986e-07, -5.530028701627998e-08], [0.08281871676445007, 0.027151217684149742, 0.9961947202682495, -0.18677523732185364], [0.9466214776039124, 0.3103412091732025, -0.0871557742357254, -0.9874790906906128], [-0.0, -0.0, -0.0, 1.0]]}