{"line": [[2, 3], [4, 5], [0, 1]], "linedir": [3, 3, 3], "lineidx": [374, 377, 338], "junction": [[-0.8600430709006005, -0.999999], [-0.6543412333647148, 0.999999], [0.8164278413714858, 0.999999], [0.999999, -0.4304865032973817], [-0.8254604578391628, -0.9999989999999999], [-0.6280299492729648, 0.999999]], "juncdpth": [-0.6655553391312067, -0.8747821916971912, -0.6214451323252369, -0.5073655065153658, -0.6607367273651027, -0.8684487803129588], "junctype": [0, 0, 0, 0, 0, 0], "junindex": [-1, -1, -1, -1, -1, -1], "K": [[3.125, 0.0, 0.0, 0.0], [0.0, 3.125, 0.0, 0.0], [0.0, 0.0, -1.0010005235671997, -0.010005001910030842], [0.0, 0.0, -1.0, 0.0]], "RT": [[-0.5038057565689087, 0.863817036151886, 1.1920928955078125e-07, 6.502924776441432e-08], [0.3375202715396881, 0.19685247540473938, 0.9205048084259033, -0.48278164863586426], [0.795147716999054, 0.46375566720962524, -0.39073115587234497, -0.8814316987991333], [-0.0, -0.0, -0.0, 1.0]]}