{"line": [[0, 1], [4, 5], [3, 0], [6, 4], [9, 10], [2, 0], [11, 9], [7, 8]], "linedir": [1, 3, 2, 1, 2, 3, 3, 3], "lineidx": [337, 371, 340, 373, 376, 338, 377, 374], "junction": [[-0.5787620544207562, 0.5295220338784107], [-0.5616786879629132, 0.5129864314864301], [-0.8558545778725463, -0.9999989999999999], [-0.9999989999999999, 0.29399935018960816], [0.885086336442024, 0.4076475442694658], [0.9999989999999999, -0.022951828904714876], [0.5346873681614087, 0.999999], [0.48753840389650815, 0.9999990000000001], [0.8454649070748242, -0.9999990000000001], [-0.5566211481934548, 0.5419014932508199], [0.262695239927618, 0.9999990000000002], [-0.8263153002829874, -0.9999989999999999]], "juncdpth": [-1.074306208334412, -1.0799723385471847, -0.7264877831634821, -1.161071447120886, -1.117519889252387, -0.989102490054305, -0.9347671116836292, -0.8681638058277441, -0.5006274690288999, -1.0701029959141946, -0.9347671221115335, -0.720841288772442], "junctype": [0, 1, 0, 0, 0, 0, 0, 0, 0, 0, 0, 0], "junindex": [307, -1, -1, -1, 255, -1, -1, -1, -1, 309, -1, -1], "K": [[3.125, 0.0, 0.0, 0.0], [0.0, 3.125, 0.0, 0.0], [0.0, 0.0, -1.0010005235671997, -0.010005001910030842], [0.0, 0.0, -1.0, 0.0]], "RT": [[-0.5486917495727539, 0.8360247611999512, 1.341104507446289e-07, -1.1920928955078125e-07], [0.537386417388916, 0.3526921570301056, 0.7660444378852844, -0.7193920612335205], [0.6404320597648621, 0.4203222692012787, -0.6427875757217407, -0.7017656564712524], [-0.0, -0.0, -0.0, 1.0]]}