{"line": [[0, 1], [3, 0], [0, 2], [4, 6], [4, 5]], "linedir": [1, 2, 3, 3, 2], "lineidx": [336, 339, 338, 377, 375], "junction": [[-0.7720837354942472, -0.733227703625495], [-0.7357018220459135, -0.7262165798576135], [-0.7353724560521485, 0.9999989999999997], [-0.9999989999999999, -0.713545554033541], [-0.735906420256646, -0.7363518793224842], [0.999999, -0.8862600051913969], [-0.7008552326381223, 0.999999]], "juncdpth": [-0.67537960975721, -0.6858368123035545, -0.7090957107021416, -0.7055808969368805, -0.6708218778228692, -0.5067356824350336, -0.7043708128408173], "junctype": [0, 1, 0, 0, 0, 0, 0], "junindex": [306, -1, -1, -1, 308, -1, -1], "K": [[3.125, 0.0, 0.0, 0.0], [0.0, 3.125, 0.0, 0.0], [0.0, 0.0, -1.0010005235671997, -0.010005001910030842], [0.0, 0.0, -1.0, 0.0]], "RT": [[-0.45751526951789856, 0.8892017006874084, 1.3038514623531228e-07, 5.4745288302626705e-09], [0.07749911397695541, 0.03987497463822365, 0.99619460105896, -0.18677522242069244], [0.8858180046081543, 0.45577430725097656, -0.0871557667851448, -0.9874790906906128], [-0.0, -0.0, -0.0, 1.0]]}