{"line": [[3, 4], [0, 1], [1, 2], [6, 3], [9, 7], [12, 13], [7, 8], [5, 3], [14, 12], [10, 11]], "linedir": [1, 1, 3, 2, 1, 2, 3, 3, 3, 3], "lineidx": [337, 224, 237, 340, 373, 376, 371, 338, 377, 374], "junction": [[0.9295049068170702, -0.03678210843211259], [0.9738067429101389, -0.07784468788008021], [0.9999989999999999, -0.18010830064558708], [-0.6892020925912573, 0.4526393705796612], [-0.676226432454822, 0.4435882568369111], [-0.9952191115840453, -0.9999989999999997], [-0.999999, 0.20020243267307164], [0.7947665804733742, 0.508403708291224], [0.999999, -0.3220192848838356], [0.3355969247428257, 0.999999], [0.19587855595983442, 0.9999990000000001], [0.33968253219070893, -0.9999990000000001], [-0.6713763550044058, 0.4671178756905026], [-0.01530039866726364, 0.9999989999999997], [-0.9737879886218962, -0.999999]], "juncdpth": [-1.3727351829029324, -1.3948894207150566, -1.3583540553927005, -1.1011680758994356, -1.1044190633816076, -0.7625733656664968, -1.199657538274893, -1.0815531862448564, -0.8595830262107822, -0.9347671209974519, -0.8415092619063386, -0.4852571013956048, -1.0960072793520927, -0.9347671363080636, -0.7556404755890629], "junctype": [1, 0, 0, 0, 1, 0, 0, 0, 0, 0, 0, 0, 0, 0, 0], "junindex": [-1, 21, -1, 307, -1, -1, -1, 255, -1, -1, -1, -1, 309, -1, -1], "K": [[3.125, 0.0, 0.0, 0.0], [0.0, 3.125, 0.0, 0.0], [0.0, 0.0, -1.0010005235671997, -0.010005001910030842], [0.0, 0.0, -1.0, 0.0]], "RT": [[-0.6736956834793091, 0.7390088438987732, 1.4901161193847656e-07, 1.0717710097196687e-07], [0.47502580285072327, 0.4330432116985321, 0.7660444378852844, -0.7193920612335205], [0.5661135315895081, 0.516080915927887, -0.6427875757217407, -0.7017656564712524], [-0.0, -0.0, -0.0, 1.0]]}