{"line": [[2, 3], [4, 5], [0, 1], [8, 9], [6, 7], [12, 13], [10, 11]], "linedir": [1, 1, 3, 3, 3, 3, 3], "lineidx": [224, 273, 214, 371, 338, 377, 374], "junction": [[0.907086344233841, 0.999999], [0.999999, 0.34833599055381903], [0.9914076475553664, 0.9999990000000001], [0.9999990000000001, 0.9929431696718514], [0.9780223864261938, 0.29076183170193154], [0.999999, 0.2782743058723821], [-0.9999990000000001, 0.04921032367274647], [-0.8699824294331361, 0.9999990000000001], [0.8799284818053237, 0.999999], [0.999999, 0.13186682961073065], [-0.022635856340641858, -0.9999990000000001], [-0.017221647595522624, 0.9999989999999999], [-0.999999, -0.06296827600776826], [-0.8568385302315467, 0.9999990000000002]], "juncdpth": [-1.2129848072249985, -1.1002829337967068, -1.2695308298544083, -1.2733928098697525, -0.9656187671840428, -0.9731327802300602, -0.8400057837505005, -0.9655422692187045, -0.864905492921414, -0.7610556269585042, -0.448501867427402, -0.5894948526452737, -0.819259506223893, -0.9561411062185428], "junctype": [0, 0, 0, 0, 1, 0, 0, 0, 0, 0, 0, 0, 0, 0], "junindex": [-1, -1, -1, -1, -1, -1, -1, -1, -1, -1, -1, -1, -1, -1], "K": [[3.125, 0.0, 0.0, 0.0], [0.0, 3.125, 0.0, 0.0], [0.0, 0.0, -1.0010005235671997, -0.010005001910030842], [0.0, 0.0, -1.0, 0.0]], "RT": [[-0.7478370666503906, 0.663882315158844, 1.341104507446289e-07, -7.450580596923828e-08], [0.2593996226787567, 0.2922031283378601, 0.9205048084259033, -0.48278164863586426], [0.6111068725585938, 0.6883876919746399, -0.39073115587234497, -0.8814317584037781], [-0.0, -0.0, -0.0, 1.0]]}