{"line": [[0, 1], [3, 0], [2, 0]], "linedir": [1, 2, 3], "lineidx": [372, 375, 374], "junction": [[0.16870309341213227, -0.9498792545445099], [0.999999, -0.7630460780832192], [0.15973249631481581, 0.9999990000000002], [-0.9999989999999999, -0.7076982740153539]], "juncdpth": [-0.45907975638327936, -0.6342507256572435, -0.4848625310054615, -0.715080841548812], "junctype": [0, 0, 0, 0], "junindex": [310, -1, -1, -1], "K": [[3.125, 0.0, 0.0, 0.0], [0.0, 3.125, 0.0, 0.0], [0.0, 0.0, -1.0010005235671997, -0.010005001910030842], [0.0, 0.0, -1.0, 0.0]], "RT": [[-0.7117582559585571, 0.7024245262145996, 1.3783574104309082e-07, -8.452354194332656e-08], [0.0612204484641552, 0.06203373894095421, 0.9961947202682495, -0.18677525222301483], [0.6997516751289368, 0.7090497612953186, -0.0871557742357254, -0.9874792098999023], [-0.0, -0.0, -0.0, 1.0]]}