{"line": [[0, 1], [3, 5], [2, 3], [3, 4], [11, 8], [8, 9], [6, 7], [8, 10]], "linedir": [2, 1, 2, 3, 2, 1, 3, 3], "lineidx": [285, 296, 292, 295, 375, 372, 371, 374], "junction": [[0.9946274259387121, -0.49046462160016036], [0.9999989999999999, -0.49082493297297897], [0.9666453125745682, 0.5282279123107886], [0.9891344237821103, 0.53384756526267], [0.999999, 0.14737574957440489], [0.999999, 0.5312689325049323], [0.9536863955135355, 0.9999990000000002], [0.999999, -0.6860174849730631], [-0.40065639207679044, -0.9458922798227649], [0.999999, -0.7492884458345876], [-0.37939231227037, 0.9999990000000001], [-0.9999989999999997, -0.7269277378857395]], "juncdpth": [-0.7225889433458698, -0.7213914759735612, -0.743506301603409, -0.73833040158652, -0.7303087080698797, -0.7406964386662077, -0.685812240554499, -0.6540503050140983, -0.46180136074105993, -0.652586485300045, -0.4876839530169286, -0.6847613557351965], "junctype": [1, 0, 1, 0, 0, 0, 0, 0, 0, 0, 0, 0], "junindex": [-1, -1, -1, 231, -1, -1, -1, -1, 310, -1, -1, -1], "K": [[3.125, 0.0, 0.0, 0.0], [0.0, 3.125, 0.0, 0.0], [0.0, 0.0, -1.0010005235671997, -0.010005001910030842], [0.0, 0.0, -1.0, 0.0]], "RT": [[-0.8136468529701233, 0.5813593864440918, 1.341104365337742e-07, 1.2469584476093587e-07], [0.050668925046920776, 0.07091394066810608, 0.99619460105896, -0.18677522242069244], [0.5791471004486084, 0.8105506300926208, -0.08715575933456421, -0.987479031085968], [-0.0, -0.0, -0.0, 1.0]]}