{"line": [[31, 32], [0, 1], [20, 18], [6, 4], [10, 6], [3, 0], [0, 2], [18, 21], [29, 30], [33, 34], [29, 33], [33, 31], [12, 15], [4, 14], [8, 10], [21, 16], [16, 22], [18, 19], [12, 13], [21, 23], [16, 17], [8, 9], [4, 5], [10, 11], [6, 7], [26, 24], [27, 28], [24, 25]], "linedir": [3, 3, 1, 2, 1, 2, 1, 2, 3, 3, 2, 1, 2, 1, 2, 0, 1, 3, 3, 3, 3, 3, 3, 3, 3, 1, 3, 3], "lineidx": [437, 189, 268, 228, 233, 192, 191, 274, 432, 440, 442, 439, 226, 224, 227, 272, 273, 259, 220, 280, 255, 218, 214, 219, 215, 373, 374, 371], "junction": [[0.6691254868102071, -0.4660141010823361], [0.6736667836745968, -0.4944529804931301], [0.7373833054072657, -0.48031934168659124], [0.6305675982154214, -0.5040132688386204], [0.8200739047776863, 0.32858940117885366], [0.9999990000000001, -0.41641814819969813], [0.7924832621667817, 0.2937795393589511], [0.977668244833075, -0.5078375584927066], [0.6329165422059103, 0.15838332508968495], [0.7459452810429152, -0.4784201188819884], [0.747642979729476, 0.30664286350597714], [0.9233015798923764, -0.4963191351126128], [0.5270148548534713, -0.04114850072553815], [0.5931127995846529, -0.5134008373157576], [0.9999990000000001, 0.2762164724665543], [0.642476350756431, 0.10452340352176996], [0.7913160459803366, -0.46835594735215574], [0.8916592359347191, -0.999999], [0.5445321537014223, -0.5619106725578814], [0.6001889906544663, -0.9999990000000001], [0.506509344102741, -0.5543874997688533], [0.5945023853804225, -0.5120132769657035], [0.999999, -0.512568676222485], [0.662984852372905, -0.9999989999999997], [0.3541654286461682, 0.7325028167484535], [0.5592614705632227, -0.9999989999999997], [-0.49131195756646934, 0.9999990000000001], [-0.9999989999999999, -0.31494993132160204], [-0.6744505833253887, 0.999999], [0.6690329597579233, 0.29935041000446816], [0.6837401535358888, 0.2240620415135596], [0.8183136487161291, 0.3327760530248273], [0.819498881689985, 0.3278639206415419], [0.7163228031237534, 0.36250065890326294], [0.7324175739006008, 0.28696726223119606]], "juncdpth": [-0.942197383568502, -0.9358458643373497, -0.9484901872798653, -0.9591000279912243, -1.2027600921342483, -0.9863530262011386, -1.2171181743354538, -0.986577672886102, -1.2763841738917652, -1.0829809723431936, -1.2117727166635985, -0.9812321897430198, -1.375057391708562, -1.221817476514258, -1.2244933940807712, -1.3015962278239719, -0.8712489748193906, -0.7732025971477561, -0.9108114026582435, -0.8263498021204947, -0.9074976444335723, -0.8892742452733464, -0.8895082984309471, -0.7974173065878748, -1.0093034655688937, -0.6391646820270552, -0.9347670569692361, -0.6089857336888124, -0.9029348767727323, -1.357222057329924, -1.3280282991266636, -1.3418695568889483, -1.3399288230993978, -1.328505837696511, -1.2993120900112167], "junctype": [0, 1, 1, 1, 0, 0, 0, 1, 0, 1, 0, 1, 0, 1, 0, 1, 0, 0, 0, 0, 1, 0, 0, 0, 0, 0, 0, 0, 0, 0, 1, 0, 1, 0, 1], "junindex": [183, -1, -1, -1, 120, -1, 117, -1, 126, -1, 124, -1, 121, -1, -1, -1, 188, -1, 209, -1, -1, 206, -1, -1, 255, -1, -1, -1, -1, 104, -1, 86, -1, 106, -1], "K": [[3.125, 0.0, 0.0, 0.0], [0.0, 3.125, 0.0, 0.0], [0.0, 0.0, -1.0010005235671997, -0.010005001910030842], [0.0, 0.0, -1.0, 0.0]], "RT": [[-0.9371591210365295, 0.3489019572734833, 1.1920927533992653e-07, -2.8845995814208436e-08], [0.22426994144916534, 0.6023942232131958, 0.7660443186759949, -0.7193920612335205], [0.26727432012557983, 0.7179056406021118, -0.6427876353263855, -0.7017656564712524], [-0.0, -0.0, -0.0, 1.0]]}