{"line": [[0, 1], [18, 16], [3, 0], [0, 2], [20, 21], [12, 13], [14, 17], [26, 27], [16, 14], [21, 23], [24, 25], [32, 33], [4, 5], [8, 9], [10, 11], [21, 22], [6, 7], [16, 19], [14, 15], [30, 31], [28, 29]], "linedir": [3, 2, 2, 1, 2, 2, 1, 2, 0, 1, 3, 3, 3, 3, 3, 3, 3, 3, 3, 3, 3], "lineidx": [189, 274, 192, 191, 292, 226, 273, 340, 272, 296, 338, 377, 214, 218, 219, 295, 215, 280, 255, 374, 371], "junction": [[0.6937586718270827, 0.44912889933724043], [0.6967931189496243, 0.41889226316229655], [0.7642969339920487, 0.43157309737452687], [0.6450058012687806, 0.40916382945237717], [0.938790198186092, 0.999999], [0.999999, 0.5851957610042732], [0.8965114411003372, 0.999999], [0.9804352858503846, 0.4044379820956567], [0.6843687683380222, 0.999999], [0.7449979449026584, 0.43637629524381294], [0.8521482464549787, 0.999999], [0.93021895734048, 0.4171315042594477], [0.5401955560140055, 0.8970312309503328], [0.6333907823153869, 0.999999], [0.8267067088260965, 0.4432969978295723], [0.9309884587629503, -0.42944217698727005], [0.6267900557009659, 0.4057419361941598], [0.999999, 0.3994927292957585], [0.5841839053774923, 0.37058200779325373], [0.702205649392451, -0.43124363094906115], [0.6528786599644179, -0.4515515960030225], [0.7604548262097884, -0.4072623934775475], [0.8184714773904656, -0.9999989999999999], [0.9999990000000001, -0.43841776052237946], [-0.9999990000000001, 0.6190330586409917], [-0.9435010461228674, 0.9999990000000001], [-0.9999990000000001, 0.8078577921539867], [-0.9574818362251546, 0.999999], [0.5315919110680157, 0.9999990000000001], [0.6987051042885996, -0.9999989999999999], [-0.9999989999999999, -0.17575330280710788], [-0.8440179735630973, 0.9999989999999999], [-0.9999990000000001, 0.6086882278396698], [-0.9420557825951922, 0.999999]], "juncdpth": [-0.95214922932805, -0.9480027230197814, -0.9616573009340676, -0.9740734456991661, -1.0772935028259627, -1.0113535216493923, -1.1003600899689885, -1.0061707632220316, -1.194156167560681, -1.0969736050295906, -1.0903565797463153, -0.9988458544687567, -1.32832097907482, -1.269530835572172, -0.8823933487951303, -0.7835547136945339, -0.9015238586066012, -0.904787925829939, -0.9202016949703324, -0.8047016804631276, -0.7372289204167598, -0.7017083687477339, -0.6519683055499332, -0.7263258505597492, -1.0240028594326238, -1.085321286995957, -1.3201949878900676, -1.2111617821114522, -0.7890474707477156, -0.6003263006134684, -0.526659171674871, -0.6239897219207099, -1.0115692968826757, -1.0737880253665815], "junctype": [0, 1, 1, 1, 0, 0, 0, 1, 0, 1, 0, 1, 1, 0, 0, 1, 0, 0, 1, 1, 1, 0, 0, 0, 0, 0, 0, 0, 0, 0, 0, 0, 0, 0], "junindex": [183, -1, -1, -1, -1, -1, -1, -1, -1, -1, -1, -1, -1, -1, 188, -1, 206, -1, -1, -1, -1, 231, -1, -1, -1, -1, -1, -1, -1, -1, -1, -1, -1, -1], "K": [[3.125, 0.0, 0.0, 0.0], [0.0, 3.125, 0.0, 0.0], [0.0, 0.0, -1.0010005235671997, -0.010005001910030842], [0.0, 0.0, -1.0, 0.0]], "RT": [[-0.9174397587776184, 0.39787471294403076, 1.341104507446289e-07, -1.568053562550631e-07], [0.15546216070652008, 0.35847222805023193, 0.9205048084259033, -0.48278164863586426], [0.3662455379962921, 0.8445077538490295, -0.39073115587234497, -0.8814317584037781], [-0.0, -0.0, -0.0, 1.0]]}