{"line": [[2, 3], [4, 5], [14, 12], [3, 7], [5, 6], [8, 9], [0, 1], [5, 3], [12, 11], [10, 11], [12, 13]], "linedir": [2, 2, 2, 1, 1, 1, 3, 3, 1, 3, 3], "lineidx": [285, 292, 375, 297, 296, 310, 255, 295, 372, 371, 374], "junction": [[0.9577071816024241, 0.9999990000000001], [0.9701105978731275, 0.5503468703797209], [0.7635563931761337, -0.49393462638974917], [0.8556556898851749, -0.5026683762804612], [0.7417414917446604, 0.5406768893252648], [0.8302700638295466, 0.5719603609432651], [0.9999989999999999, 0.5457273750256252], [0.9999989999999999, -0.4965897706930501], [0.7676128047649026, -0.6863173495207007], [0.9999989999999999, -0.6689724464821467], [0.732056632821801, 0.9999989999999999], [0.7693965194428661, -0.7709132736585246], [-0.9270993840557108, -0.9235280260287195], [-0.8784314914357534, 0.999999], [-0.9999990000000002, -0.8488812513716562]], "juncdpth": [-0.8013881826092437, -0.7911419290929975, -0.71121921154167, -0.6841257975222081, -0.7321365728560731, -0.7050431594942419, -0.7276224561403798, -0.7027583110298146, -0.744510940220671, -0.7771562072895011, -0.6560608990525749, -0.6242211547607497, -0.47768725714157756, -0.5041525064387473, -0.5396491935741172], "junctype": [0, 1, 1, 0, 1, 0, 0, 0, 1, 0, 0, 0, 0, 0, 0], "junindex": [-1, -1, -1, 230, -1, 231, -1, -1, -1, -1, -1, 254, 310, -1, -1], "K": [[3.125, 0.0, 0.0, 0.0], [0.0, 3.125, 0.0, 0.0], [0.0, 0.0, -1.0010005235671997, -0.010005001910030842], [0.0, 0.0, -1.0, 0.0]], "RT": [[-0.8951632976531982, 0.4457383155822754, 1.30385160446167e-07, 3.51634454887062e-08], [0.03884878009557724, 0.07801858335733414, 0.9961946606636047, -0.18677523732185364], [0.4440421164035797, 0.8917569518089294, -0.0871557742357254, -0.9874791502952576], [-0.0, -0.0, -0.0, 1.0]]}