{"line": [[22, 23], [35, 36], [36, 37], [0, 1], [3, 0], [33, 34], [6, 4], [0, 2], [10, 6], [38, 39], [20, 25], [24, 20], [33, 38], [38, 36], [12, 15], [8, 10], [25, 18], [4, 14], [16, 24], [16, 17], [18, 26], [32, 31], [12, 13], [20, 21], [24, 27], [25, 28], [18, 19], [8, 9], [10, 11], [6, 7], [4, 5], [31, 29], [29, 30]], "linedir": [2, 2, 3, 3, 2, 3, 2, 1, 1, 3, 2, 1, 2, 1, 2, 2, 0, 1, 2, 3, 1, 3, 3, 3, 3, 3, 3, 3, 3, 3, 3, 1, 3], "lineidx": [262, 436, 437, 189, 192, 432, 228, 191, 233, 440, 274, 268, 442, 439, 226, 227, 272, 224, 263, 254, 273, 374, 220, 259, 278, 280, 255, 218, 219, 215, 214, 373, 371], "junction": [[0.5762407730128863, -0.4130832306494754], [0.5789843858839375, -0.43278196927345464], [0.6232285379044262, -0.41833714584935033], [0.5598630145429412, -0.43902471142205574], [0.7676272127143597, 0.42121424735452634], [0.9681067653068308, -0.44142798755435003], [0.7474564594069965, 0.38250981724492894], [0.9308104796548471, -0.43722791187573495], [0.6151064278394635, 0.22673902403453008], [0.7278591415221242, -0.41437279468825977], [0.6973562043190717, 0.3901959931662743], [0.8689656998476772, -0.4302633374958306], [0.5552832229186031, 0.013761859845069], [0.6201009357846353, -0.41935824487143836], [0.9999990000000001, 0.3850688400098911], [0.6280175075665647, 0.15332663744831032], [0.25447038833615215, -0.7231593309352256], [0.27031054199550075, -0.999999], [0.6590915028156722, -0.40662861100461195], [0.7537655269751191, -0.9999990000000001], [0.4394362398829331, -0.5220476890427905], [0.48889811759407836, -0.999999], [0.2560731388954389, -0.8281885318037095], [0.260095655118226, -0.8214725814150471], [0.3721101423957163, -0.5149401890648497], [0.4719772741005963, -0.467717633406377], [0.9999990000000001, -0.44501949263132656], [0.4146880592887273, -0.9999990000000001], [0.5319074841880428, -0.9999990000000001], [0.16636037866260742, 0.7667115078987351], [0.26573743819639073, -0.999999], [-0.8899289875408898, 0.9442144871803988], [-0.999999, 0.6003712068190045], [0.6616323720934072, 0.37598196681615903], [0.6696887693683947, 0.33521183084689626], [0.8033150352741936, 0.41566301026702834], [0.8098437599641869, 0.42789250848045557], [0.8132270929128692, 0.41412119073222803], [0.6960357815101438, 0.445672498311902], [0.7081654577854075, 0.3885376817749478]], "juncdpth": [-0.9196220650573649, -0.9152642723089158, -0.9218144148738054, -0.9305494996631726, -1.1661545480191977, -0.9246622789113098, -1.1811760672275318, -0.9485040798630027, -1.2457592720573554, -1.0527784378139835, -1.1781623485370363, -0.9454903362585494, -1.3464130885968832, -1.2056755036515328, -1.180170948096501, -1.2787096293663236, -0.9881495480159512, -0.9302440117037712, -0.8469753025786239, -0.7405939057789348, -0.8935232387737817, -0.8031252811097194, -1.0460004203533266, -1.0420992605593016, -0.8905094924007335, -0.870990925998154, -0.8619102966130975, -0.7990766838143857, -0.7728559163905747, -0.999115277880289, -0.6254781165717962, -0.9493884618829638, -0.8448892256888557, -1.322532220420198, -1.3066220606005972, -1.3052570119182794, -1.300023495658492, -1.2946149008248493, -1.2924891277611326, -1.2703509551480887], "junctype": [0, 1, 1, 1, 0, 1, 0, 1, 0, 1, 0, 1, 0, 1, 0, 1, 0, 0, 0, 0, 0, 0, 1, 1, 0, 0, 0, 0, 0, 0, 0, 0, 0, 0, 1, 1, 0, 1, 0, 1], "junindex": [183, -1, -1, -1, 120, -1, 117, -1, 126, -1, 124, -1, 121, -1, -1, -1, 220, -1, 188, -1, 209, -1, -1, -1, 218, 206, -1, -1, -1, 255, -1, 311, -1, 104, -1, -1, 86, -1, 106, -1], "K": [[3.125, 0.0, 0.0, 0.0], [0.0, 3.125, 0.0, 0.0], [0.0, 0.0, -1.0010005235671997, -0.010005001910030842], [0.0, 0.0, -1.0, 0.0]], "RT": [[-0.9804620742797852, 0.19670844078063965, 1.341104507446289e-07, -1.1920928955078125e-07], [0.1264418512582779, 0.6302288770675659, 0.7660443782806396, -0.7193921208381653], [0.1506873220205307, 0.7510774731636047, -0.6427875757217407, -0.7017657160758972], [-0.0, -0.0, -0.0, 1.0]]}