{"line": [[0, 1], [3, 0], [0, 2], [12, 14], [20, 17], [17, 21], [19, 20], [21, 15], [25, 26], [15, 22], [12, 13], [26, 28], [8, 9], [10, 11], [6, 7], [4, 5], [26, 27], [17, 18], [21, 24], [20, 23], [15, 16], [29, 30]], "linedir": [3, 2, 1, 2, 1, 2, 2, 0, 2, 1, 3, 1, 3, 3, 3, 3, 3, 3, 3, 3, 3, 3], "lineidx": [189, 192, 191, 226, 268, 274, 263, 272, 292, 273, 220, 296, 218, 219, 215, 214, 295, 259, 280, 278, 255, 371], "junction": [[0.6118464275719208, 0.5042188949264981], [0.6139210917328526, 0.4809651307988981], [0.6673511835091788, 0.49617950736993827], [0.5867701279849245, 0.47323381361425], [0.9141309766261425, 0.999999], [0.9907269883760887, 0.4669162704113833], [0.8777988024724596, 0.9999990000000001], [0.9505394393050217, 0.47279471208649165], [0.6843970126147916, 0.999999], [0.7377628174837135, 0.5039186544545929], [0.8245156813098145, 0.999999], [0.8917259463767915, 0.48139766737686296], [0.5719341511500963, 0.9499635199410599], [0.6117081422148624, 0.5040480250970848], [0.6036217495686855, 0.999999], [0.7092014028132635, 0.5080964810247557], [0.8029652683123494, -0.398067969553753], [0.47353110423670147, 0.400027625041199], [0.5272485170128531, -0.38974509248841577], [0.3329780137483956, 0.30606574142070025], [0.4086588137687308, 0.4087931292816154], [0.5144698427570942, 0.4526460936781744], [0.9999989999999999, 0.4655600050804048], [0.458307601316374, -0.43597269341487], [0.5765560906118478, -0.3811818812905055], [0.3707655090514673, -0.4946731163002542], [0.5436762751603046, -0.37872963323487013], [0.5873113146251766, -0.9999990000000001], [0.999999, -0.41276317324605166], [0.30023075851484415, 0.9999990000000001], [0.39461223420125263, -0.9999990000000001]], "juncdpth": [-0.923496971595859, -0.9203761234970752, -0.9275703195965217, -0.9393964826259373, -1.01536977898636, -0.9368684710459009, -1.0397255281674214, -0.9601597802714341, -1.1430865594611608, -1.0604016823582973, -1.0334857340153625, -0.9555907948813404, -1.2974347463676896, -1.2130738408983635, -1.2695309197640987, -0.8512262720916475, -0.7518267321941511, -0.9045077455702364, -0.8123540294384901, -0.9565669713887708, -0.899938758779661, -0.8777565708609529, -0.8714311637811767, -0.8024475371411961, -0.7832354303770139, -0.7754473031269877, -0.6805830625626239, -0.6300181827397808, -0.7059328244705, -0.7682911195597287, -0.5845343796973779], "junctype": [0, 1, 1, 1, 0, 1, 0, 1, 0, 1, 0, 1, 0, 1, 0, 0, 1, 0, 1, 1, 0, 0, 0, 1, 1, 1, 0, 0, 0, 0, 0], "junindex": [183, -1, -1, -1, -1, -1, -1, -1, -1, -1, -1, -1, 121, -1, -1, 188, -1, 209, -1, -1, 218, 206, -1, -1, -1, -1, 231, -1, -1, -1, -1], "K": [[3.125, 0.0, 0.0, 0.0], [0.0, 3.125, 0.0, 0.0], [0.0, 0.0, -1.0010005235671997, -0.010005001910030842], [0.0, 0.0, -1.0, 0.0]], "RT": [[-0.9687143564224243, 0.2481783628463745, 1.4156103134155273e-07, 5.7578667167490494e-08], [0.09697113931179047, 0.3785068392753601, 0.9205048680305481, -0.48278164863586426], [0.22844934463500977, 0.8917062878608704, -0.39073115587234497, -0.8814317584037781], [-0.0, -0.0, -0.0, 1.0]]}