{"line": [[3, 5], [4, 3], [2, 3], [26, 27], [22, 18], [28, 29], [20, 21], [18, 19], [27, 28], [0, 1], [19, 23], [20, 29], [12, 13], [16, 17], [14, 15], [8, 9], [10, 11], [6, 7], [21, 25], [23, 24], [29, 30], [23, 21], [19, 28], [33, 32], [18, 27], [31, 32]], "linedir": [3, 2, 1, 2, 2, 2, 2, 1, 1, 1, 2, 3, 3, 3, 3, 3, 3, 3, 1, 1, 1, 3, 3, 1, 3, 3], "lineidx": [47, 40, 39, 300, 287, 308, 285, 282, 303, 16, 292, 312, 259, 280, 278, 255, 257, 254, 297, 296, 310, 295, 311, 372, 315, 371], "junction": [[0.16397517128942912, 0.5733007110855132], [0.2563025413117614, 0.5696285442931016], [0.16396279317304158, 0.5759538508179237], [0.1731474811675579, 0.5755874007410882], [0.17123084259214352, 0.573012128889269], [0.17316054704784997, 0.5729353781205675], [0.2531644088577217, 0.999999], [0.25688126492580976, 0.4902611023020186], [0.6965964033737245, 0.999999], [0.7043607192757452, 0.6130168165923606], [0.25034154286603405, 0.999999], [0.25401620638139927, 0.4903643342207891], [0.4451702802539237, 0.9999990000000001], [0.4499928259976269, 0.623884293275498], [0.36919330838636705, 0.999999], [0.37330614445518456, 0.613223815029632], [0.48056620562064667, 0.999999], [0.48579335457050393, 0.622354770801196], [0.179311776997446, 0.4930560354430962], [0.2578831919573881, 0.4902250015214115], [0.3260901987659188, -0.49732583482110565], [0.3984664588080076, -0.5179766363651799], [0.16443293996325473, 0.47518204595456914], [0.38588040714670846, 0.6266233976804714], [0.9999989999999999, 0.6003861261345016], [0.9999989999999999, -0.5109889265116808], [0.1697854605584787, -0.6720833872614713], [0.18529266299816155, -0.6819202535211164], [0.2664520248689867, -0.6803612633196727], [0.3280494615215657, -0.714929569773963], [0.9999989999999999, -0.7008849166306806], [0.16198442763653328, 0.9999989999999997], [0.17036215075267536, -0.7956918281270347], [-0.999999, -0.8244140920596862]], "juncdpth": [-1.2633643290160173, -1.2688674128509025, -1.320062603375216, -1.320632381166496, -1.3246504935819696, -1.3205327297115295, -0.9292931665364401, -0.9158468327611917, -0.733885705565382, -0.725795874703899, -1.0242495598946488, -1.0094322248218788, -0.7994392267501752, -0.7908715997204193, -0.7964507046788755, -0.7876758408759328, -0.7687832925115223, -0.7605110665902014, -0.7776251785103088, -0.7805079746642603, -0.7004478768412861, -0.641305136604764, -0.7961925832762539, -0.6622224967886604, -0.682107009221625, -0.6601669139951649, -0.771091742279341, -0.7525243273924014, -0.755407140677515, -0.6962644004612855, -0.7191398490647773, -0.6253601812576727, -0.5946066290329355, -0.5636117683696228], "junctype": [1, 1, 1, 0, 1, 1, 0, 1, 0, 1, 0, 1, 0, 1, 0, 1, 0, 1, 0, 0, 0, 0, 1, 0, 0, 0, 1, 0, 0, 0, 0, 0, 0, 0], "junindex": [-1, -1, -1, 192, -1, -1, -1, -1, -1, -1, -1, -1, -1, -1, -1, -1, -1, -1, 240, 233, 232, 230, -1, 231, -1, -1, -1, 241, 235, 234, -1, -1, 254, -1], "K": [[3.125, 0.0, 0.0, 0.0], [0.0, 3.125, 0.0, 0.0], [0.0, 0.0, -1.0010005235671997, -0.010005001910030842], [0.0, 0.0, -1.0, 0.0]], "RT": [[-0.9894770383834839, 0.14469002187252045, 1.3317912817001343e-07, -5.483462572897224e-08], [0.012610702775418758, 0.08623860776424408, 0.9961947202682495, -0.18677523732185364], [0.14413942396640778, 0.9857118129730225, -0.0871557667851448, -0.9874792098999023], [-0.0, -0.0, -0.0, 1.0]]}