{"line": [[7, 9], [8, 7], [11, 12], [14, 11], [2, 10], [0, 1], [5, 0], [11, 13], [6, 7], [29, 32], [31, 29], [36, 37], [0, 2], [38, 36], [37, 39], [3, 4], [32, 27], [25, 31], [38, 44], [27, 33], [23, 24], [19, 20], [21, 22], [17, 18], [15, 16], [37, 42], [36, 43], [39, 40], [25, 26], [39, 41], [29, 30], [31, 34], [32, 35], [27, 28], [45, 46]], "linedir": [3, 2, 3, 2, 3, 3, 2, 1, 1, 2, 1, 1, 1, 2, 2, 1, 0, 2, 3, 1, 3, 3, 3, 3, 3, 3, 3, 3, 3, 1, 3, 3, 3, 3, 3], "lineidx": [47, 40, 189, 192, 54, 11, 26, 191, 39, 274, 268, 282, 13, 287, 292, 16, 272, 263, 318, 273, 220, 218, 219, 215, 214, 311, 315, 295, 254, 296, 259, 278, 280, 255, 371], "junction": [[0.07524957783042892, -0.3918830493367265], [0.07544204013899897, -0.4117151694301485], [0.16048957647803516, -0.3940620132286193], [0.05805722452001922, -0.4112801945610902], [0.23706162468162445, -0.41575895448743366], [0.06706484048415166, -0.41150556862661947], [0.16084115676802602, -0.41105320914940396], [0.20863013829878896, -0.41225257482327027], [0.20705314274724057, -0.4150081305623414], [0.20870519501993828, -0.4150494655547131], [0.16089909678782788, -0.41385333832653604], [0.5061645053241773, 0.5527621972292187], [0.506974673928, 0.5418631918098561], [0.5306489272952798, 0.551488689012803], [0.5002017794567366, 0.5391094628631554], [0.8564561462082728, 0.9999990000000002], [0.9177463496149317, 0.5447146217351689], [0.8288205158921462, 0.999999], [0.8879295552504959, 0.54627664372468], [0.6647518040720861, 0.9999990000000001], [0.7111925007976658, 0.5555354245997296], [0.7674177928612234, 0.9999989999999999], [0.8217294259887973, 0.5497446911730867], [0.5973138145227918, 0.999999], [0.6386865516071294, 0.5593338170634439], [0.2174360738947829, 0.22814197316343865], [0.23812676430098428, -0.4507054584827942], [0.5600734750135906, 0.5634521455732547], [0.6368879281043149, -0.36898014518066174], [0.35864081643839374, 0.43399213350838156], [0.3998814615940581, -0.3626763186315698], [0.2890371812073514, 0.4373698306581011], [0.3801772338318485, 0.490309785412965], [0.999999, 0.5404056257033794], [0.3223450943843186, -0.3606140297103697], [0.4274089020725299, -0.36340848519508945], [0.12933862506903995, -0.4948523120963193], [0.2091184465569327, -0.4966698181017569], [0.06249711109122435, -0.6200719109191739], [0.2954355785960048, -0.3598982985214815], [0.3199252722010247, -0.9999989999999999], [0.9999990000000001, -0.37863806400873823], [0.22251185219988884, -0.9999990000000001], [0.1376541869980084, -0.999999], [0.06547175449353727, -0.999999], [0.04751688053120664, 0.999999], [0.06245415656998031, -0.9999989999999999]], "juncdpth": [-1.298303497490339, -1.2949913118639234, -1.301337468047282, -1.2649110342250496, -1.2711315734755402, -1.3261467617606286, -1.3254914283036863, -1.327230309666442, -1.3312427661021435, -1.3267529949201171, -1.2980252824208665, -0.8996418594970992, -0.8982041832693292, -0.9002519312901115, -0.9062255937221959, -0.9594990782217667, -0.8954204115752982, -0.9845341693632318, -0.9189941305590874, -1.0948721921352367, -1.0233771973818266, -0.9822143183536693, -0.9172954634905408, -1.2599200949140634, -1.1783050523411072, -1.0045137198316518, -0.91723174509259, -0.8262941005587825, -0.7266353795831813, -0.8870572438853728, -0.7955728642856024, -0.8853585759202587, -0.859559911874487, -0.8364945159881277, -0.7938741963204882, -0.7645722521627853, -0.7756145273045453, -0.7773131897156929, -0.913101053388496, -0.6673237618374026, -0.6162411788920455, -0.6805172804709897, -0.7305250148250955, -0.728760011296691, -0.8716145282200262, -0.759774088095982, -0.5780543945572911], "junctype": [0, 1, 0, 1, 1, 1, 1, 0, 1, 1, 1, 0, 1, 1, 1, 0, 1, 0, 1, 0, 1, 0, 1, 0, 1, 0, 1, 0, 1, 0, 1, 0, 0, 0, 1, 1, 0, 0, 0, 0, 0, 0, 0, 0, 0, 0, 0], "junindex": [225, -1, 200, -1, -1, -1, -1, 192, -1, -1, -1, 183, -1, -1, -1, -1, -1, -1, -1, -1, -1, -1, -1, -1, -1, 220, -1, 188, -1, 209, -1, 218, 206, -1, -1, -1, 240, 233, 242, 231, -1, -1, -1, -1, -1, -1, -1], "K": [[3.125, 0.0, 0.0, 0.0], [0.0, 3.125, 0.0, 0.0], [0.0, 0.0, -1.0010005235671997, -0.010005001910030842], [0.0, 0.0, -1.0, 0.0]], "RT": [[-0.9957342147827148, 0.09226833283901215, 1.3411046495548362e-07, 2.455755243602198e-08], [0.03605223447084427, 0.38906440138816833, 0.9205048084259033, -0.48278164863586426], [0.08493340015411377, 0.9165781736373901, -0.39073118567466736, -0.8814317584037781], [-0.0, -0.0, -0.0, 1.0]]}