{"line": [[0, 1], [3, 0], [0, 2], [30, 31], [31, 32], [6, 4], [10, 6], [20, 23], [35, 33], [33, 34], [22, 20], [12, 15], [33, 31], [8, 10], [23, 18], [16, 22], [16, 17], [4, 14], [12, 13], [18, 24], [20, 21], [22, 25], [23, 26], [18, 19], [8, 9], [10, 11], [6, 7], [4, 5], [29, 28], [27, 28]], "linedir": [3, 2, 1, 2, 3, 2, 1, 2, 2, 3, 1, 2, 1, 2, 0, 2, 3, 1, 3, 1, 3, 3, 3, 3, 3, 3, 3, 3, 1, 3], "lineidx": [189, 192, 191, 436, 437, 228, 233, 274, 442, 440, 268, 226, 439, 227, 272, 263, 254, 224, 220, 273, 259, 278, 280, 255, 218, 219, 215, 214, 373, 371], "junction": [[0.46174442018615985, -0.3679659669881984], [0.4623017430044519, -0.37290524071713027], [0.47250107688927523, -0.3682025328549126], [0.4600974797862263, -0.37392158218450516], [0.6895071618213905, 0.5087997434387544], [0.8767593703082093, -0.36442824466437884], [0.6781653880447835, 0.46707769110032543], [0.8511736722270304, -0.3638623695926081], [0.5796603096900969, 0.29376321055331417], [0.6901802734436944, -0.3603017025823868], [0.6241349291975274, 0.46870971330714506], [0.7834649644547484, -0.3623648661925219], [0.5708050626713576, 0.07214204395985294], [0.638214385515339, -0.3591523807828493], [0.999999, 0.4992941437173644], [0.5993594646045964, 0.1771822272594294], [0.20520008500261835, -0.706091659921102], [0.21881300820745114, -0.9999990000000001], [0.4988158411370591, -0.3560693239495153], [0.5775360267477339, -0.999999], [0.3174485528245631, -0.4908554566409118], [0.3557933461064501, -0.9999989999999999], [0.2466874324280038, -0.48938614733166275], [0.33027819421120574, -0.4337786455805341], [0.9999989999999999, -0.36715391718953616], [0.2765813437421682, -0.9999990000000001], [0.37525400328579067, -0.999999], [-0.046945642181504404, -0.999999], [-0.029299138898087124, 0.775777716826833], [-0.9999989999999997, 0.8078039151766615], [0.7732487163589475, 0.506236024849079], [0.7784529587147466, 0.5236512312633096], [0.7827595457109466, 0.5059448541137422], [0.6553749791573797, 0.527440348485121], [0.6676850382584485, 0.4673942563109761], [0.6400160132582942, 0.4682300156993787]], "juncdpth": [-0.9012162227976503, -0.9001297676110023, -0.9013108087848457, -0.9036035292024692, -1.1335328062554808, -0.89144052392264, -1.148841653384368, -0.9153296472739907, -1.217125036500244, -1.022224160014511, -1.148235136400234, -0.9147231056127737, -1.3172392815860692, -1.1781100182214659, -1.136984570901109, -1.2678127596303483, -0.9793475863739274, -0.9184196623770142, -0.8280784554404823, -0.7152083326043844, -0.8804464436670516, -0.7855582248534755, -0.8798398996628172, -0.8574831385419932, -0.832148775250991, -0.7847434057829686, -0.7547098771244465, -0.6218969846189359, -0.9964495065916452, -0.9871455964813003, -1.2674676613301055, -1.2604510211097155, -1.2535162651361351, -1.2589346607037077, -1.2357237541940909, -1.2830550153297788], "junctype": [0, 1, 1, 1, 0, 1, 0, 1, 0, 1, 0, 1, 0, 1, 0, 1, 0, 0, 0, 0, 0, 0, 0, 0, 0, 0, 0, 0, 0, 0, 1, 0, 1, 0, 1, 1], "junindex": [183, -1, -1, -1, 120, -1, 117, -1, 126, -1, 124, -1, 121, -1, -1, -1, 220, -1, 188, -1, 209, -1, 218, 206, -1, -1, -1, -1, 255, -1, -1, 86, -1, 106, -1, -1], "K": [[3.125, 0.0, 0.0, 0.0], [0.0, 3.125, 0.0, 0.0], [0.0, 0.0, -1.0010005235671997, -0.010005001910030842], [0.0, 0.0, -1.0, 0.0]], "RT": [[-0.9992160797119141, 0.03958945721387863, 1.3224780559539795e-07, 8.502205162130849e-08], [0.025447718799114227, 0.6422836780548096, 0.7660443782806396, -0.7193920612335205], [0.030327200889587402, 0.7654438614845276, -0.6427875757217407, -0.7017656564712524], [-0.0, -0.0, -0.0, 1.0]]}