{"line": [[29, 27], [35, 36], [37, 38], [19, 20], [32, 31], [12, 15], [35, 37], [14, 12], [37, 39], [15, 10], [0, 1], [2, 3], [6, 7], [4, 5], [8, 9], [27, 25], [24, 19], [10, 16], [21, 22], [14, 17], [12, 13], [15, 18], [25, 26], [10, 11], [21, 23], [28, 27], [30, 31], [33, 34]], "linedir": [1, 3, 1, 1, 2, 2, 2, 1, 3, 0, 3, 3, 3, 3, 3, 2, 3, 1, 3, 3, 3, 3, 3, 3, 1, 3, 3, 3], "lineidx": [337, 408, 415, 282, 370, 274, 418, 268, 416, 272, 214, 215, 219, 218, 220, 334, 315, 273, 295, 278, 259, 280, 333, 255, 296, 335, 369, 371], "junction": [[0.7625907379729571, 0.9999989999999999], [0.8079541113824471, 0.6215470450015771], [0.7465577463427442, 0.9999990000000001], [0.7910414897805107, 0.6209155440799685], [0.6234660667766703, 0.999999], [0.6610908691849567, 0.616063313680615], [0.6787393607781181, 0.999999], [0.719467245845843, 0.6182430310851178], [0.6139972261931939, 0.999999], [0.6510866551872352, 0.615689766012594], [0.38392054090989386, 0.6057140418842085], [0.43793032009966987, -0.3447654242265028], [0.2285765583152955, 0.4583642942203162], [0.2552821910073689, -0.3482269072343639], [0.15708099205164702, 0.45589085834077164], [0.22871281479243843, 0.5164031458023727], [0.999999, 0.6287178152704683], [0.1754050340015986, -0.34974071097856757], [0.2575984930377971, -0.3481830094941612], [-0.0236307225732831, -0.49279096800083455], [0.029744725030487796, -0.4919242957922918], [0.029216755589758982, -0.35251121973869465], [0.03166884811149542, -0.9999989999999997], [0.9999990000000001, -0.33411329658416217], [-0.02515669757373528, -0.9999989999999999], [0.00214683333845281, 0.4246079815184693], [0.002430453789430636, -0.49236780532418284], [-0.061494139312881314, 0.9260524806754789], [-0.07989737763674155, -0.999999], [-0.06377486601981637, 0.9259523391062566], [-0.08285935189530164, -0.9999990000000001], [-0.0636087703775717, 0.9427142328605832], [-0.0708790830542218, 0.999999], [-0.2742706914168258, -0.999999], [-0.20867148168123048, 0.999999], [0.9616052597361492, 0.6343361822827489], [0.9626078588724526, 0.6273216662500627], [0.9864589102145277, 0.7004408208167131], [0.999999, 0.7009650802240679], [0.9970957971851312, 0.6286094124872478]], "juncdpth": [-0.9110800213878637, -0.8599264740974649, -0.9361676201968816, -0.8835227222622296, -1.0507199650040397, -0.9909200222968437, -0.9378257970274199, -0.8847369048936683, -1.2121311508430217, -1.1430814672890266, -0.8082209415229731, -0.7085431138337759, -0.8749443595200025, -0.7834141011740469, -0.8761585417952191, -0.8473893518039733, -0.7987117771639283, -0.7846282834492635, -0.7523672880601986, -0.773696681770594, -0.7728931269767616, -0.6622623563670008, -0.6109821730018455, -0.6499843388651916, -0.7267672998914316, -1.6091370474773967, -1.4212756389085834, -1.2509217751217108, -0.9627934422960002, -1.2509773903185868, -0.9532498423488868, -1.2417367909494423, -1.2111616236170895, -0.5810485342606241, -0.7637094600212672, -0.8449013255299405, -0.8440213220182048, -0.8173463319529559, -0.8171349810947034, -0.8086269791529873], "junctype": [0, 1, 0, 1, 0, 1, 0, 1, 0, 1, 0, 1, 0, 1, 0, 0, 0, 1, 1, 0, 1, 0, 0, 0, 0, 0, 1, 0, 0, 1, 0, 0, 0, 0, 0, 0, 1, 0, 0, 1], "junindex": [-1, -1, -1, -1, -1, -1, -1, -1, -1, -1, 188, -1, 209, -1, 218, 206, -1, -1, -1, 240, -1, 231, -1, -1, -1, 249, -1, 251, -1, -1, -1, 253, -1, -1, -1, 100, -1, 102, -1, -1], "K": [[3.125, 0.0, 0.0, 0.0], [0.0, 3.125, 0.0, 0.0], [0.0, 0.0, -1.0010005235671997, -0.010005001910030842], [0.0, 0.0, -1.0, 0.0]], "RT": [[-0.9978227019309998, -0.06595192104578018, 1.3597308168300515e-07, -2.6540629249893755e-08], [-0.025769347324967384, 0.3898804187774658, 0.9205047488212585, -0.48278161883354187], [-0.060709115117788315, 0.9185006618499756, -0.3907311260700226, -0.8814316987991333], [0.0, 0.0, -0.0, 1.0]]}