{"line": [[1, 3], [16, 17], [22, 23], [14, 15], [21, 22], [0, 2], [25, 26], [15, 18], [16, 23], [29, 30], [6, 7], [12, 13], [8, 9], [10, 11], [4, 5], [33, 29], [17, 20], [18, 19], [23, 24], [0, 1], [18, 17], [14, 21], [15, 22], [26, 27], [25, 28], [30, 31], [29, 32]], "linedir": [1, 2, 2, 1, 1, 1, 2, 2, 3, 2, 3, 3, 3, 3, 3, 1, 1, 1, 1, 3, 3, 3, 3, 3, 3, 3, 3], "lineidx": [48, 285, 308, 282, 303, 38, 332, 292, 312, 368, 255, 280, 259, 278, 254, 372, 297, 296, 310, 34, 295, 315, 311, 333, 335, 369, 371], "junction": [[0.02642874488524763, 0.5681382979186157], [0.027248806554179023, -0.5227596794448501], [0.1146025556467714, 0.5684505029987456], [0.028393943182288568, -0.5227608810898484], [0.19921736089604689, 0.9999989999999999], [0.20129112981117084, 0.6385811342626816], [0.5094113040308338, 0.999999], [0.5146965063925082, 0.6397828466579946], [0.3062974356659031, 0.9999990000000002], [0.3094822313203639, 0.6389959790530433], [0.22648667851481497, 0.9999990000000001], [0.2288436279249124, 0.6386867807543477], [0.317257988756525, 0.999999], [0.32055635080834166, 0.6390384413324115], [0.02759507142761763, 0.4970866991181081], [0.10842076410914758, 0.4973486026503667], [0.11747751889640741, -0.4998597673477099], [0.12466146770118447, -0.5212466899838165], [0.12067302672080667, 0.6382720145697552], [0.9999990000000001, 0.6416436763234135], [0.9999989999999999, -0.5221592756990022], [0.02852035593732568, -0.6841406539735746], [0.1120579583736525, -0.6842850309580175], [0.11819137597482725, -0.7199562650622569], [0.999999, -0.7216126234253865], [-0.078471563635836, -0.5861875197024822], [-0.044757118909225006, -0.49822222478907696], [-0.04290541759113579, 0.9999989999999999], [-0.07504289315809107, 0.9999989999999997], [-0.15882696483139033, -0.7958450306408944], [-0.07968646422547256, -0.5893573506020996], [-0.07619806082597441, 0.9999989999999997], [-0.15101540555312268, 0.9999990000000001], [-0.999999, -0.7939943522723771]], "juncdpth": [-1.2711143997935173, -1.2328530184983828, -1.2706429829528856, -1.2328470782178191, -0.9183240763865473, -0.908862965303875, -0.7109776689328133, -0.7036768692050209, -0.7838079163243654, -0.7757418402833067, -0.7840805476159336, -0.7760048261588466, -0.7528286592763096, -0.7450822940915051, -0.7735571632372229, -0.7732941738212789, -0.6926103079947705, -0.6328437997547145, -0.6537611599386108, -0.651352167046911, -0.6305224606824125, -0.7484563121108878, -0.7481933401275066, -0.6884268319077431, -0.6858829429510799, -0.992875421754627, -1.3813575321946465, -1.4409671065895417, -1.0382364604175391, -0.5944322711415082, -0.9829143667383629, -1.0279100592385733, -0.6251794284541451, -0.5965453167393115], "junctype": [0, 0, 1, 1, 0, 1, 0, 1, 0, 1, 0, 1, 0, 1, 0, 0, 0, 0, 0, 0, 0, 0, 0, 0, 0, 0, 0, 0, 0, 0, 0, 0, 0, 0], "junindex": [247, 246, -1, -1, -1, -1, -1, -1, -1, -1, -1, -1, -1, -1, 240, 233, 232, 230, 231, -1, -1, 241, 235, 234, -1, 250, 248, -1, -1, 254, 252, -1, -1, -1], "K": [[3.125, 0.0, 0.0, 0.0], [0.0, 3.125, 0.0, 0.0], [0.0, 0.0, -1.0010005235671997, -0.010005001910030842], [0.0, 0.0, -1.0, 0.0]], "RT": [[-0.9999129176139832, -0.013199510052800179, 1.3469252735376358e-07, -8.88312854385731e-08], [-0.0011502793058753014, 0.08714817464351654, 0.9961947202682495, -0.18677523732185364], [-0.013149294070899487, 0.9961079359054565, -0.0871557667851448, -0.9874790906906128], [0.0, 0.0, -0.0, 1.0]]}