{"line": [[25, 23], [31, 32], [39, 40], [41, 39], [37, 38], [11, 8], [33, 34], [2, 0], [8, 9], [6, 2], [15, 16], [31, 35], [35, 36], [35, 33], [39, 37], [17, 13], [4, 6], [10, 12], [0, 10], [23, 21], [21, 22], [15, 19], [17, 20], [4, 5], [13, 14], [13, 18], [30, 28], [28, 27], [6, 7], [2, 3], [0, 1], [24, 23], [26, 27], [29, 28]], "linedir": [1, 3, 3, 2, 3, 1, 3, 2, 3, 1, 1, 2, 3, 1, 1, 0, 2, 3, 1, 2, 3, 3, 3, 3, 3, 1, 1, 2, 3, 3, 3, 3, 3, 3], "lineidx": [337, 408, 440, 442, 437, 232, 413, 228, 221, 233, 268, 418, 416, 415, 439, 272, 227, 237, 224, 334, 333, 278, 280, 218, 255, 273, 373, 370, 219, 215, 214, 335, 369, 371], "junction": [[0.5864241309751759, 0.5875787370640645], [0.7506410049661965, -0.29078137382250674], [0.585073765700561, 0.5440165075977258], [0.738799402393085, -0.2915717971216138], [0.5264428922719813, 0.35722874743093097], [0.6290307103585232, -0.2988988232703912], [0.5288525189165573, 0.5388958662449136], [0.6675226039012514, -0.2963295013145941], [0.9837811455219274, 0.5803318889096741], [0.999999, 0.5285039884002573], [0.9323687377943457, 0.6195204827730053], [0.9451928738672354, 0.5768171644819728], [0.9999990000000001, 0.39431727246245923], [0.31598807024694286, -0.3197943224083212], [0.3691371414027589, -0.9999989999999999], [0.11134892921436407, -0.4744580995069495], [0.1770392823143178, -0.4703434116849198], [0.17458291384099353, -0.4121446705180245], [0.999999, -0.27413680499185933], [0.12528615427076595, -0.999999], [0.19939422097400888, -0.999999], [0.04289172258859239, -0.5090138054329922], [0.04786636506474057, -0.9999989999999999], [-0.05799664552433419, -0.02888126665534256], [-0.07300345609708522, -0.999999], [-0.06144294897185381, -0.029143213734999136], [-0.07733609317490692, -0.9999989999999997], [-0.06118988582910243, -0.013684484279604536], [-0.2235658843145216, 0.7590706097674665], [-0.3561959226486393, -0.9999990000000001], [-0.9999990000000001, 0.6817488816707924], [0.9005771724451858, -0.27439863298732514], [0.9019915932890867, -0.28067876899302124], [0.9894086660500266, -0.20414610493126864], [0.9999990000000001, -0.24619428854999698], [0.91201726821701, -0.2094675646675966], [0.9281229834991942, -0.2789345068010924], [0.7229706442659869, 0.6169560491263032], [0.726790395589072, 0.6005390302498305], [0.5940271055226355, 0.604988438329739], [0.5971539298683082, 0.5885694404917138], [0.5934709098771141, 0.5882293800147451]], "juncdpth": [-1.1057120391731945, -0.8638164652544579, -1.120924910851572, -0.8876883161481738, -1.1911987917599858, -0.9969274897007617, -1.1227407790963975, -0.8895041596370522, -1.1082140093008515, -1.090241126127189, -1.0948169505571177, -1.1094315992005106, -1.0207740694641931, -0.8150318916890378, -0.6976818291129632, -0.873724578803577, -0.8720538647673299, -0.8490893942044337, -0.7991835857708091, -0.7765281696243586, -0.743433861586705, -1.602282799317814, -1.4357588602134959, -1.3056312018318113, -1.0372441784884465, -1.3057630959334128, -1.0270258786934934, -1.2980247695050466, -1.001373183353539, -0.6285112121949347, -1.024808282497038, -0.8479242821985826, -0.8465946437865234, -0.8232891113015226, -0.8145701901139294, -0.8251049512148034, -0.8107868971927856, -1.2241433691972168, -1.2177097019476735, -1.2286829743920487, -1.2222493231063138, -1.2350969628219497], "junctype": [0, 1, 0, 1, 0, 1, 0, 1, 0, 0, 0, 1, 0, 0, 0, 0, 1, 0, 0, 0, 0, 0, 0, 0, 0, 1, 0, 0, 0, 0, 0, 0, 1, 0, 0, 0, 1, 0, 1, 0, 1, 1], "junindex": [120, -1, 117, -1, 126, -1, 124, -1, 7, -1, 21, -1, -1, 188, -1, 218, -1, 206, -1, -1, -1, 249, -1, 251, -1, -1, -1, 253, 255, -1, -1, 100, -1, 90, -1, 102, -1, 86, -1, 106, -1, -1], "K": [[3.125, 0.0, 0.0, 0.0], [0.0, 3.125, 0.0, 0.0], [0.0, 0.0, -1.0010005235671997, -0.010005001910030842], [0.0, 0.0, -1.0, 0.0]], "RT": [[-0.9929516315460205, -0.11852052807807922, 1.3783574104309082e-07, 3.742244558679886e-08], [-0.07618342339992523, 0.6382570266723633, 0.7660444378852844, -0.7193921208381653], [-0.09079208225011826, 0.7606450915336609, -0.6427876949310303, -0.7017657160758972], [0.0, 0.0, -0.0, 1.0]]}