{"line": [[31, 32], [26, 27], [20, 17], [8, 9], [28, 29], [23, 22], [31, 35], [26, 28], [35, 36], [33, 34], [28, 30], [35, 33], [10, 6], [0, 1], [2, 3], [4, 5], [17, 18], [14, 15], [8, 12], [6, 11], [10, 13], [6, 7], [15, 16], [19, 17], [21, 22], [24, 25]], "linedir": [3, 3, 1, 1, 1, 2, 2, 2, 3, 3, 3, 1, 0, 3, 3, 3, 2, 3, 3, 1, 3, 3, 1, 3, 3, 3], "lineidx": [408, 396, 337, 268, 403, 370, 418, 406, 416, 413, 404, 415, 272, 214, 215, 219, 334, 295, 278, 273, 280, 255, 296, 335, 369, 371], "junction": [[0.631679015759392, 0.9999989999999999], [0.6621195306842642, 0.6934127836379718], [0.6299196191715847, 0.999999], [0.6602987874322511, 0.6931760630793696], [0.5584142726146091, 0.9999989999999999], [0.5861906351085636, 0.6835410290372917], [0.18813602320422107, 0.6317886965873761], [0.21494428127377427, -0.3272370779880404], [0.01823157323258547, 0.4632229576296249], [0.0671051683954314, 0.4690964719355919], [0.06652013601072852, 0.5291912711870025], [0.9999989999999999, 0.7373415564773909], [0.0203544497715552, -0.34012358633213663], [0.07494785736783496, -0.3365081949363428], [-0.25869848715335914, -0.999999], [-0.23881465250054593, -0.35728678943056413], [0.9999989999999999, -0.27524764922222], [-0.05794671521514123, 0.9197718638225223], [0.08201546718023253, 0.5422634208905023], [-0.06933282184714616, -0.3460630322176245], [-0.06411799346311202, 0.9188362351182147], [-0.0767104104657889, -0.3465516053180764], [-0.06394761155635227, 0.9359575862455097], [-0.08769112299452597, 0.999999], [-0.5911967319973297, -0.999999], [-0.4497964497092945, 0.9999990000000001], [0.9338046673772641, 0.7332165302450936], [0.9344245684739407, 0.7288160183249367], [0.9393091457438708, 0.8045460436582492], [0.9999990000000001, 0.8127247471674317], [0.9498692322356601, 0.7308240276524753], [0.8139532558083026, 0.7176002635387883], [0.8144894907246395, 0.7132228815279691], [0.8977541884828543, 0.7989460026144819], [0.9078202754393736, 0.7253571104852989], [0.8152965407600093, 0.7878338214920226], [0.824389738918074, 0.7145100439436789]], "juncdpth": [-0.8713251517919849, -0.8312664795659204, -0.8958371205385929, -0.8546211831315091, -0.901431807145175, -0.8587178145395108, -0.7974595050469101, -0.6979983481095039, -0.8725692191411112, -0.8697149588726714, -0.8415498216046094, -0.7566738932331006, -0.7815589830212769, -0.746917773181163, -0.614372919312275, -0.6655257047414228, -0.6135875563573191, -1.2544195639190863, -1.5078267246320773, -1.0484170736281746, -1.254942283159687, -1.0382355634714016, -1.2454453269506056, -1.211161784059344, -0.5934418974402172, -0.7799988428636807, -0.8043401443164653, -0.8038065411485651, -0.7774173932929598, -0.7744451387918729, -0.7687745149839575, -0.8104850982237419, -0.8099514989740009, -0.7794657194013279, -0.7708228423983838, -0.7835623472002364, -0.7749194728093932], "junctype": [0, 1, 0, 1, 0, 1, 0, 1, 0, 1, 0, 0, 1, 1, 0, 0, 0, 0, 1, 1, 1, 1, 0, 0, 0, 0, 0, 1, 0, 0, 1, 0, 1, 0, 1, 0, 1], "junindex": [-1, -1, -1, -1, -1, -1, 188, -1, 218, -1, 206, -1, -1, -1, -1, 231, -1, 251, -1, -1, -1, -1, 253, -1, -1, -1, 80, -1, 82, -1, -1, 100, -1, 90, -1, 102, -1], "K": [[3.125, 0.0, 0.0, 0.0], [0.0, 3.125, 0.0, 0.0], [0.0, 0.0, -1.0010005235671997, -0.010005001910030842], [0.0, 0.0, -1.0, 0.0]], "RT": [[-0.9749280214309692, -0.2225208878517151, 1.341104507446289e-07, -6.705522537231445e-08], [-0.08694572001695633, 0.3809347450733185, 0.9205048680305481, -0.48278164863586426], [-0.2048315852880478, 0.8974258899688721, -0.39073115587234497, -0.8814317584037781], [0.0, 0.0, -0.0, 1.0]]}