{"line": [[0, 1], [32, 29], [21, 24], [21, 22], [6, 13], [14, 23], [12, 4], [4, 8], [14, 15], [46, 47], [43, 45], [41, 42], [38, 40], [43, 44], [38, 39], [46, 43], [41, 38], [18, 14], [25, 17], [20, 18], [8, 10], [31, 29], [29, 30], [33, 34], [2, 12], [18, 19], [37, 35], [27, 21], [28, 25], [16, 17], [20, 26], [10, 11], [6, 7], [35, 34], [2, 3], [17, 20], [4, 5], [12, 1], [8, 9], [36, 35]], "linedir": [1, 1, 1, 2, 1, 2, 2, 1, 3, 3, 3, 3, 3, 2, 2, 1, 1, 1, 0, 2, 2, 3, 2, 3, 1, 3, 1, 3, 3, 3, 3, 3, 3, 2, 3, 1, 3, 3, 3, 3], "lineidx": [200, 337, 268, 263, 233, 265, 225, 232, 253, 416, 413, 404, 401, 412, 400, 415, 403, 267, 272, 261, 230, 335, 334, 369, 224, 258, 373, 278, 280, 255, 275, 222, 219, 370, 214, 273, 216, 237, 221, 371], "junction": [[0.8853512217026215, -0.1685413451098271], [0.8853512217026216, -0.1685413451098271], [0.315921244217098, 0.7036558051298379], [0.4069810989576146, -0.16698405775008027], [0.674980232409208, 0.7831078952139495], [0.903425925776327, -0.21230978689742808], [0.28215310802636256, 0.6414041859889544], [0.3573557916020001, -0.18026788520588233], [0.7339004351504113, 0.8043620738823436], [0.9843669754100297, -0.192135211848268], [0.8001881128954688, 0.6093458482211346], [0.999999, -0.16845653429622198], [0.6584520301716041, 0.8291048420926603], [0.3209677125906067, 0.6554056015109144], [0.9843669631575737, -0.19213517928145402], [0.9999989999999999, -0.25432824600545556], [-0.10001543894371563, -0.999999], [-0.08516881652747431, -0.2987239886051754], [0.9034259125498507, -0.21230975486911666], [0.999999, -0.633112428425402], [0.8371554774980108, -0.051833894961395725], [-0.16727476873533864, -0.47918196526785617], [-0.15548898383463472, -0.4914076976492151], [0.9999990000000001, -0.23368486037022257], [-0.15492450873925728, -0.47610365984534486], [-0.15249444977984059, -0.41021994861503536], [0.9999989999999999, -0.7863545499087691], [-0.1880007896702865, -0.999999], [-0.174247897500542, -0.999999], [-0.048993976659487716, -0.039721240992079465], [0.1074514600129088, -0.24716290708450162], [-0.052250671788618995, -0.2899123765834596], [-0.05963317164818056, -0.042873500148923556], [-0.06359189810269432, -0.2929482246521434], [-0.05936556795334002, -0.025968841281426718], [-0.5726061245714201, 0.654571789596827], [-0.8812459368211956, -0.9999989999999999], [-0.999999, 0.4836266063571449], [0.6976928836798603, -0.017001157197131942], [0.7273048062777216, -0.08123899973863132], [0.7105107762419455, -0.08573446806256846], [0.6183093788194315, -0.038856147305645794], [0.6295718153706883, -0.1074004132820302], [0.5791147710124674, -0.04964677399105535], [0.611252763480602, -0.1123041033028893], [0.5896184190480585, -0.11809523919454003], [0.5017001757235358, -0.07095970565448942], [0.5107229743926301, -0.139214170838455]], "juncdpth": [-0.7647898059321996, -0.7647898059321996, -1.0671210049037931, -0.8283579347868402, -1.0422229218569896, -0.7786799987396158, -1.0874758902887036, -0.8586247761207371, -1.0357582237470808, -0.772215300629707, -1.0982640603334701, -0.8788185657425533, -1.028332739398568, -1.082830289744278, -0.7722152902807125, -0.7601439729631452, -0.6877528188098716, -0.8076408245516817, -0.7786799883906212, -0.7034803366124969, -0.7300643549606427, -0.8756505910715509, -0.8806747951959816, -0.7856485208850496, -0.8743945715764503, -0.8483506160194918, -0.6111778987331089, -0.7791155092191295, -0.74244138306638, -1.3111116259330347, -1.4256280173381093, -1.2293934106491031, -1.312713977443488, -1.2174923702581573, -1.3041665502273156, -1.0333079353686232, -0.6714115660685314, -1.0901816413397845, -0.764147724147616, -0.7834661842702939, -0.7503621859911186, -0.7706124222575248, -0.7568268885246142, -0.7738447905787993, -0.7931632414029222, -0.7600592590576956, -0.7803094886887081, -0.7665239615911912], "junctype": [1, 0, 0, 1, 0, 0, 0, 1, 0, 0, 0, 0, 0, 1, 0, 0, 0, 0, 0, 0, 0, 0, 1, 0, 1, 0, 0, 0, 0, 0, 1, 1, 1, 1, 0, 0, 0, 0, 0, 1, 1, 0, 1, 0, 1, 1, 0, 1], "junindex": [-1, 20, 120, -1, 19, 17, 124, -1, 7, 5, 3, -1, 21, -1, 6, -1, -1, 188, 18, -1, 23, 218, -1, -1, -1, 206, -1, -1, -1, 251, -1, -1, -1, -1, 253, 255, -1, -1, 65, -1, -1, 82, -1, 90, -1, -1, 102, -1], "K": [[3.125, 0.0, 0.0, 0.0], [0.0, 3.125, 0.0, 0.0], [0.0, 0.0, -1.0010005235671997, -0.010005001910030842], [0.0, 0.0, -1.0, 0.0]], "RT": [[-0.9066175222396851, -0.4219535291194916, 1.4901162614933128e-07, -5.8648325307331106e-08], [-0.2712264060974121, 0.582762598991394, 0.7660444378852844, -0.7193921208381653], [-0.3232352137565613, 0.6945092678070068, -0.6427876949310303, -0.7017657160758972], [0.0, 0.0, -0.0, 1.0]]}