{"line": [[0, 1], [28, 25], [12, 15], [16, 17], [12, 13], [42, 43], [39, 40], [39, 41], [37, 38], [34, 35], [34, 36], [31, 30], [42, 39], [37, 34], [18, 11], [14, 12], [2, 3], [6, 7], [8, 9], [14, 19], [25, 26], [4, 5], [27, 25], [29, 30], [22, 23], [20, 16], [21, 18], [10, 11], [11, 14], [23, 24], [32, 33]], "linedir": [1, 1, 1, 1, 3, 3, 2, 3, 3, 2, 3, 2, 1, 1, 0, 2, 3, 3, 3, 3, 2, 3, 3, 3, 3, 3, 3, 3, 1, 1, 3], "lineidx": [200, 337, 267, 268, 258, 416, 412, 413, 404, 400, 401, 370, 415, 403, 272, 261, 214, 219, 237, 275, 334, 216, 335, 369, 295, 278, 280, 255, 273, 296, 371], "junction": [[0.976270407965499, 0.7423795687135746], [0.9809622805165856, 0.7434114038675065], [0.4662618828290973, 0.999999], [0.4840804480724383, 0.7568681473178654], [0.9446072549472765, 0.9999990000000001], [0.989506823777736, 0.6975949050500936], [0.4091818960540262, 0.999999], [0.4256965942598749, 0.7432246623770082], [0.9429328647866234, 0.999999], [0.9809622805165858, 0.7434114038675049], [-0.020116804982093544, -0.3171031842302401], [-0.017610354645833742, 0.6396300675256685], [0.9895068175524719, 0.697594938430439], [0.9999990000000001, 0.626928804798244], [0.9578070760345354, 0.8675713930377136], [0.999999, 0.699849254978776], [-0.12142684176698625, 0.45890349138253944], [-0.09977945115359711, 0.4635545805279172], [-0.09885038980887098, 0.5277866039625386], [0.999999, 0.5814863054309848], [-0.1353202039131271, -0.3309284614236524], [-0.11122915221096644, -0.3280373534289778], [-0.5320601871782389, -0.999999], [-0.49221363393579026, -0.3737583661344052], [0.9999990000000001, -0.19468158986650655], [-0.052982367379782416, 0.9139544738656212], [0.1030161882424121, 0.6678187928990746], [-0.0556669754413872, 0.5872373737910909], [-0.06286392608278037, 0.9113119881186108], [-0.0661629847360041, 0.5727874781116405], [-0.06268892237334055, 0.9292695485062148], [-0.10751660533930679, 0.999999], [-0.8676403378284453, -0.9999989999999999], [-0.6601214025852585, 0.9999989999999999], [0.8104030548488186, 0.9099122462474013], [0.8284631291457005, 0.8373455330382302], [0.8197726812584063, 0.8353146976764494], [0.7254064445088229, 0.8893434775928764], [0.7337153423740879, 0.8152043087513218], [0.683491510576506, 0.8792002662839209], [0.7053747912626738, 0.8085815208218795], [0.691284061681612, 0.8052887156319019], [0.6008029110490906, 0.8591900250843876], [0.6075898737319912, 0.7857305618211953]], "juncdpth": [-0.7548312053166946, -0.7544549244993384, -0.8412296219120424, -0.8102646524942828, -0.8082054861536366, -0.7715325596504048, -0.8739433464451271, -0.8400390466331349, -0.7848828710355074, -0.7544549244993382, -0.695320907007322, -0.7942789979325462, -0.7715325469265819, -0.7634374717192364, -0.711760874793141, -0.7706742084155602, -0.8746802261976228, -0.8724075270830486, -0.8421872861289725, -0.6817302536305256, -0.7848773511143754, -0.7484607587537412, -0.626328365743823, -0.6770319088586967, -0.5699099850771885, -1.2576766449921477, -1.4128983492777865, -1.1970247523272912, -1.2591617646556248, -1.1835495730041383, -1.2491378528642603, -1.2111617187140165, -0.6149240356298264, -0.8082342128270353, -0.7407898896321221, -0.765633198032979, -0.7323229899054827, -0.7476663934558694, -0.7391994963927488, -0.751104665861341, -0.7759479625393559, -0.7426377701299877, -0.7579811696850882, -0.7495142766172539], "junctype": [1, 1, 0, 1, 0, 0, 0, 1, 0, 1, 1, 0, 0, 0, 0, 0, 0, 1, 0, 0, 1, 1, 0, 0, 0, 0, 1, 1, 1, 1, 0, 0, 0, 0, 0, 1, 1, 0, 1, 0, 1, 1, 0, 1], "junindex": [-1, -1, -1, -1, -1, 17, -1, -1, -1, -1, -1, 188, 18, -1, 23, -1, 218, -1, 206, -1, -1, -1, -1, 231, -1, 251, -1, -1, -1, -1, 253, -1, -1, -1, 65, -1, -1, 82, -1, 90, -1, -1, 102, -1], "K": [[3.125, 0.0, 0.0, 0.0], [0.0, 3.125, 0.0, 0.0], [0.0, 0.0, -1.0010005235671997, -0.010005001910030842], [0.0, 0.0, -1.0, 0.0]], "RT": [[-0.9276227951049805, -0.37351834774017334, 1.2665987014770508e-07, -1.2937216808950325e-07], [-0.14594513177871704, 0.3624511957168579, 0.9205048084259033, -0.48278161883354187], [-0.3438255190849304, 0.853881299495697, -0.39073115587234497, -0.8814316987991333], [0.0, 0.0, -0.0, 1.0]]}