{"line": [[3, 4], [18, 19], [49, 46], [59, 60], [2, 0], [55, 56], [57, 58], [62, 63], [0, 1], [3, 5], [65, 66], [62, 64], [59, 61], [65, 62], [29, 30], [24, 20], [39, 40], [34, 35], [46, 47], [48, 46], [15, 3], [11, 12], [50, 51], [52, 51], [6, 7], [8, 5], [9, 10], [28, 24], [35, 36], [20, 26], [13, 14], [53, 54], [37, 34], [16, 17], [41, 42], [36, 45], [34, 43], [35, 44], [23, 31], [37, 38], [22, 23], [30, 33], [26, 27], [24, 25], [20, 21], [32, 19], [42, 37]], "linedir": [1, 1, 1, 1, 2, 2, 3, 2, 3, 2, 3, 3, 3, 1, 2, 1, 2, 1, 2, 3, 3, 3, 3, 2, 3, 3, 3, 2, 2, 2, 3, 3, 2, 3, 3, 3, 3, 3, 1, 3, 3, 3, 3, 3, 3, 3, 1], "lineidx": [200, 251, 337, 403, 41, 400, 401, 412, 22, 202, 416, 413, 404, 415, 271, 267, 294, 281, 334, 335, 237, 221, 369, 370, 214, 216, 219, 261, 283, 265, 222, 371, 289, 238, 295, 320, 317, 319, 273, 293, 255, 279, 260, 258, 253, 275, 296], "junction": [[0.9939512909748581, -0.35683693574258696], [0.999999, -0.40380257871363445], [0.9706838920722093, -0.34472799944624727], [0.47966236614625163, 0.8925512855220873], [0.47966236614625185, 0.8925512855220873], [0.5263139454711501, 0.8490086115035306], [0.062316404622963784, 0.999999], [0.06373962779382587, 0.854696048532167], [0.5141125260168385, 0.999999], [0.05078370308843193, 0.9999989999999999], [0.05199343952499511, 0.8484434265901556], [0.592230511020456, 0.9999990000000001], [0.6028854263077711, 0.8855383375601855], [0.7534659499789822, 0.999999], [0.7886046446978636, 0.7032980369047227], [0.47169596787574014, 0.999999], [0.8013128025586139, 0.999999], [0.8594990997959192, 0.5380270948920257], [0.420840935998595, -0.18086502708015992], [0.420843601345147, -0.18086434162610857], [0.6028853927977572, 0.8855383704424853], [0.7088048182096756, -0.2523033189681533], [-0.47151423176432605, -0.3122285423221638], [-0.41549070216521966, 0.5995966062449628], [0.5263139113950687, 0.8490086433087503], [0.6169905708256023, -0.2730987476876648], [0.7886046446978636, 0.7032980369047227], [0.9139242668652644, -0.35486456387692916], [0.3645429875543636, 0.999999], [0.8017998947381659, 0.5918811665126366], [0.8594990997959192, 0.5380270948920257], [0.33670604728742753, 0.9999990000000001], [0.3549594792621371, 0.9999989999999999], [0.9833609073209645, -0.4453775537848858], [0.6169905164376431, -0.2731005862816154], [0.7088051509875588, -0.25230495515241863], [0.9139243233737324, -0.3548660132711628], [0.258305126576726, -0.10443569575693647], [0.28928730557540433, -0.9999990000000001], [0.9211811129414034, -0.4161402507521449], [0.999999, -0.4532027676720918], [-0.9675942754798823, -0.999999], [-0.9021995490803186, -0.43485248622845457], [0.6757305941219459, -0.999999], [0.7784065039249286, -0.9999989999999997], [0.9903282823672206, -0.9999990000000001], [-0.039355729211911245, 0.9042444651239177], [0.04082118261865745, 0.842496314465304], [-0.03999422845354583, 0.7994774047596266], [-0.05578284949184407, 0.8950706730307808], [-0.056684069708210286, 0.7905932233341924], [-0.05559582892228428, 0.9167517580681275], [-0.16368824473261412, 0.9999989999999999], [-0.9999989999999999, 0.6811300333350108], [-0.9522706104210868, 0.9999990000000001], [0.28299034672622375, 0.9999990000000001], [0.3029008342392658, 0.9820041226813562], [0.2548998487450697, 0.999999], [0.2566081240988308, 0.9573620167866866], [0.1828543959247318, 0.9873855177390395], [0.2058405799561901, 0.999999], [0.1848118626427803, 0.9191440971126338], [0.14823345127033352, 0.968387554847143], [0.18427516610392555, 0.9378544710459559], [0.1498071292527766, 0.9005107022564164], [0.08066993073804932, 0.931312620331884], [0.08151235425986099, 0.8641566613648233]], "juncdpth": [-1.1938894300942735, -1.1866691192481116, -1.1791640543938238, -0.7037486205464631, -0.7037486205464631, -0.7178342082131071, -0.8127706383659205, -0.7946222193837501, -0.7348705784904832, -0.8481964691513607, -0.8284609919144543, -0.7186811796053826, -0.705979764047358, -0.8052450754349076, -0.7693648665689556, -0.715634146231928, -0.8983801837999067, -0.8375616423347831, -0.5630376267556153, -0.5630372898753464, -0.705979753552783, -0.600482371059126, -0.7144536033850096, -0.810788152052802, -0.7178341977185321, -0.6123368152248752, -0.7693648665689556, -0.6638674735807237, -0.6712462684601688, -0.8140488631634241, -0.8375616423347831, -0.6712462713391525, -0.6675431047719053, -0.7320642493465512, -0.6123369235299672, -0.6004824380153684, -0.6638675267177563, -0.5278233986802245, -0.47129419973093906, -0.7085516458428349, -0.7386229782007712, -0.6745296498568418, -0.7234219703021685, -0.5591074621684369, -0.5467901223933688, -0.6126500030671937, -1.263151218209952, -1.2991115442456496, -1.2429858219306245, -1.2683673357590473, -1.2319936881944786, -1.25610844536578, -1.2111618250472465, -0.8546012645004274, -0.8974343580537748, -0.7121049128963309, -0.7176558353798926, -0.7012169076503489, -0.6965487913458823, -0.7159867799129316, -0.7121049164864715, -0.708403238433248, -0.7219140373248365, -0.7316485618712207, -0.71433049730597, -0.7337684814905856, -0.7261849443933357], "junctype": [0, 0, 1, 0, 1, 0, 0, 1, 0, 0, 1, 0, 1, 0, 0, 0, 0, 0, 1, 0, 0, 0, 1, 0, 0, 0, 0, 0, 0, 1, 0, 0, 0, 0, 0, 0, 0, 0, 0, 1, 0, 0, 0, 0, 0, 0, 0, 1, 1, 1, 1, 0, 0, 0, 0, 0, 1, 0, 1, 0, 0, 1, 0, 1, 1, 0, 1], "junindex": [164, -1, -1, 20, -1, 17, -1, -1, -1, -1, -1, -1, -1, -1, 2, -1, -1, 26, -1, 22, 6, 4, -1, 188, 18, 16, 2, 0, -1, -1, 26, -1, -1, 24, 33, 9, 11, 37, -1, -1, -1, -1, 231, -1, -1, -1, 251, -1, -1, -1, -1, 253, -1, -1, -1, -1, -1, -1, -1, 82, -1, -1, 90, -1, -1, 102, -1], "K": [[3.125, 0.0, 0.0, 0.0], [0.0, 3.125, 0.0, 0.0], [0.0, 0.0, -1.0010005235671997, -0.010005001910030842], [0.0, 0.0, -1.0, 0.0]], "RT": [[-0.7651008367538452, -0.6439104676246643, 1.341104507446289e-07, 5.0128086570566666e-08], [-0.25159579515457153, 0.29894882440567017, 0.9205048680305481, -0.48278164863586426], [-0.5927227735519409, 0.7042790055274963, -0.39073115587234497, -0.8814318180084229], [0.0, 0.0, -0.0, 1.0]]}