{"line": [[0, 1], [7, 13], [34, 31], [31, 32], [45, 46], [33, 31], [12, 4], [40, 41], [49, 48], [45, 47], [43, 44], [40, 42], [4, 8], [35, 36], [48, 45], [43, 40], [22, 18], [14, 15], [27, 28], [39, 37], [26, 22], [8, 10], [18, 24], [3, 12], [28, 30], [20, 21], [38, 37], [6, 7], [2, 3], [24, 25], [21, 26], [22, 23], [37, 36], [18, 19], [15, 17], [12, 16], [4, 5], [8, 9], [10, 11], [26, 29]], "linedir": [1, 1, 1, 2, 2, 3, 2, 2, 3, 3, 3, 3, 1, 3, 1, 1, 1, 2, 2, 1, 2, 2, 2, 1, 3, 3, 3, 3, 3, 3, 1, 3, 2, 3, 3, 3, 3, 3, 3, 3], "lineidx": [200, 233, 337, 334, 412, 335, 225, 400, 416, 413, 404, 401, 232, 369, 415, 403, 267, 236, 271, 373, 261, 230, 265, 224, 279, 255, 371, 219, 214, 260, 273, 258, 370, 253, 238, 237, 216, 221, 222, 275], "junction": [[0.36552929003434015, -0.04404350904297964], [0.3655292900343404, -0.04404350904297949], [-0.0091960456447502, -0.01981900553761748], [-0.007318996868833666, 0.7443485696482011], [0.3079691633821614, 0.9177342907655843], [0.41779082427683006, -0.08306237366926641], [-0.01233998849709225, -0.08131434141739999], [-0.009882275883852732, 0.6765871197151443], [0.35721006904381697, 0.9550923422460091], [0.4864216091383943, -0.046573260058678054], [0.5243401802928241, 0.7823700541510261], [0.7017505666767617, -0.2130087525950566], [0.2683612572485654, 0.9576718757504212], [-0.00748096646237058, 0.6784089344426637], [0.5423329865122117, 0.6814196061546568], [0.6120455780701146, 0.6111267600860336], [0.3655292900343405, -0.044043509042979885], [0.805424060304181, -0.372472810115371], [0.4864215710237474, -0.04657323059849725], [0.6094103364498932, -0.9999990000000001], [-0.5454737481948145, -0.9999990000000001], [-0.4703182854526253, -0.349094630176566], [0.4177907910109393, -0.08306239135585596], [0.5184101363066035, -0.999999], [0.7017505666767617, -0.2130087525950566], [0.8420190181710462, -0.9999989999999999], [0.22756763109868938, 0.05895984204924604], [0.7186215949221209, -0.30766535250292687], [0.805424060304181, -0.372472810115371], [0.2933156182643479, -0.999999], [0.9287974999013213, -0.9999990000000001], [-0.03524060244220797, -0.04822299962360739], [-0.011246659814424591, -0.06424816689995175], [-0.03567720272639986, -0.09495962986600368], [-0.05198323274305428, -0.05819246784277278], [-0.05262473087178958, -0.10486886358012265], [-0.05169517928917928, -0.03723325314780936], [-0.8249175466083334, 0.4791894944731867], [-0.9999990000000001, -0.20954118827395565], [-0.9999989999999999, 0.3254981526492571], [0.1428174105594802, 0.07114881151619737], [0.18968392959486835, 0.03680921046823857], [0.14517728299664567, 0.010786137416522812], [0.07995319129135733, 0.03352963660624371], [0.08125555597978816, -0.0265889492029653], [0.04917487474354478, 0.015111291685619095], [0.08083200526951972, -0.007037382774591384], [0.04997023972916187, -0.04488149947271739], [-0.011118173290368842, -0.02096924420981639], [-0.011295512832193443, -0.08070363563285128]], "juncdpth": [-0.7278582435116193, -0.7278582435116192, -0.8390534384326258, -1.0542222048927705, -1.0025861942569199, -0.7390433025528563, -0.8616087117946133, -1.0758774130159034, -0.9921160356515051, -0.7285731349565464, -1.0424487358775218, -0.7789058268490558, -0.9914011525400852, -1.0752835614747642, -1.074303521865661, -1.0976590811187958, -0.7278582435116192, -0.8341161720903298, -0.7285731266230391, -0.5815353061898735, -0.7117950914612773, -0.825537689211072, -0.7390432852284539, -0.5956006649408767, -0.7789058268490558, -0.6491510504914122, -0.6998956433862862, -0.8107606128371949, -0.8341161720903298, -0.5430106436238576, -0.7233193133585956, -1.315442144421624, -1.3236832250081028, -1.2993446636531527, -1.320556923734325, -1.2867129972033238, -1.3098496360634675, -1.091741276750902, -0.9005975469237321, -1.1486643390694657, -0.73913792719501, -0.7486835222720001, -0.7271231122814079, -0.7496080858004248, -0.7375932758277767, -0.7548431963066662, -0.7612362438950464, -0.7428283888045097, -0.765313354912081, -0.7532985523508786], "junctype": [1, 0, 1, 0, 0, 1, 1, 0, 0, 1, 0, 0, 0, 1, 1, 0, 1, 0, 0, 0, 0, 0, 0, 0, 0, 0, 0, 1, 0, 0, 0, 0, 1, 1, 1, 1, 0, 0, 0, 0, 0, 1, 1, 0, 1, 0, 1, 1, 0, 1], "junindex": [-1, 20, -1, 120, 19, -1, -1, 124, 7, -1, 3, 2, 21, -1, -1, 27, -1, 26, 6, -1, -1, 188, 18, -1, 2, -1, 23, -1, 26, -1, -1, 251, -1, -1, -1, -1, 253, 255, -1, -1, 65, -1, -1, 82, -1, 90, -1, -1, 102, -1], "K": [[3.125, 0.0, 0.0, 0.0], [0.0, 3.125, 0.0, 0.0], [0.0, 0.0, -1.0010005235671997, -0.010005001910030842], [0.0, 0.0, -1.0, 0.0]], "RT": [[-0.7300519943237305, -0.6833916902542114, 1.1920928955078125e-07, 1.2207826216581452e-07], [-0.4392755925655365, 0.46926844120025635, 0.7660444974899292, -0.7193921804428101], [-0.5235084295272827, 0.5592522025108337, -0.6427876353263855, -0.7017657160758972], [0.0, 0.0, -0.0, 1.0]]}