{"line": [[2, 0], [15, 27], [13, 14], [23, 21], [21, 22], [24, 23], [17, 18], [25, 26], [10, 0], [0, 1], [14, 15], [3, 4], [18, 24], [7, 1], [5, 6], [11, 12], [28, 29], [16, 13], [8, 9], [19, 20], [25, 24], [20, 16], [19, 17], [16, 17], [13, 23], [14, 21]], "linedir": [1, 3, 1, 1, 2, 2, 2, 3, 3, 2, 2, 3, 3, 3, 3, 3, 2, 2, 3, 3, 1, 1, 1, 3, 3, 3], "lineidx": [251, 320, 281, 305, 304, 309, 290, 312, 275, 239, 283, 253, 316, 258, 255, 280, 368, 289, 260, 295, 310, 296, 297, 293, 317, 319], "junction": [[0.5706550049336999, 0.8098975036013187], [0.735831930223058, 0.7103917817281274], [0.5706523891551495, 0.8098969038359837], [0.8282660594479768, 0.9999989999999999], [0.8347004551512598, 0.7302834013336366], [-0.40873628044427085, 0.6804778074071505], [-0.405008901347259, 0.999999], [0.729744808767239, 0.999999], [0.9889173692973828, 0.9999989999999997], [0.9996739048120032, 0.6223567713991062], [0.5675474560855998, 0.999999], [-0.4100527076747633, 0.6801425250441433], [-0.4063094293635127, 0.9999989999999999], [0.735831654857998, 0.710389885442666], [0.8347005852715497, 0.7302817031840856], [0.9996737679717611, 0.6223553066005278], [0.4306206538067399, 0.8942545888376195], [0.449020967609399, -0.5938109610517521], [0.6194841911237697, -0.5653624369634898], [-0.8771384095542611, -0.501498504228227], [-0.8512439912083947, 0.5677750104144355], [0.8715398778542977, -0.8139409861088128], [0.999999, -0.7675680748268804], [0.767635919324268, -0.802765180419133], [0.6243461025702629, -0.8501352872632376], [-0.6703912656043635, -0.6938631158587941], [-0.6671187867838977, -0.516117733027519], [0.9999990000000001, 0.6109370047013569], [-0.9999990000000001, -0.7026536918926279], [-0.6697784593335795, -0.6605784129844139]], "juncdpth": [-0.5501874456381552, -0.6058360725976188, -0.5501877502479844, -0.5984424476762461, -0.5938292564553722, -0.6961596125581786, -0.7025664325464623, -0.6108896429155509, -0.6726148912407407, -0.6653774894252351, -0.5531999677328758, -0.7534847325290785, -0.760426395866476, -0.6058362900807299, -0.5938294228612255, -0.6653776381842595, -0.5104385736928538, -0.4895212135089574, -0.5372200670785515, -0.6876339258650778, -0.7085512860489742, -0.5687285864440539, -0.62209855140023, -0.5807354562610025, -0.5330365908655689, -0.7311493055595979, -0.7347358466028877, -0.6651612347795471, -0.7234844284521181, -0.8021071040959616], "junctype": [0, 0, 1, 0, 0, 1, 0, 0, 0, 0, 0, 1, 0, 0, 0, 0, 0, 0, 0, 0, 0, 0, 0, 0, 0, 0, 1, 0, 0, 1], "junindex": [22, 16, -1, -1, 4, -1, -1, -1, -1, 0, -1, -1, -1, 33, 9, 11, 37, 36, 35, 230, 231, 8, -1, 32, 34, 234, -1, -1, -1, -1], "K": [[3.125, 0.0, 0.0, 0.0], [0.0, 3.125, 0.0, 0.0], [0.0, 0.0, -1.0010005235671997, -0.010005001910030842], [0.0, 0.0, -1.0, 0.0]], "RT": [[-0.798017144203186, -0.602634608745575, 1.378357268322361e-07, -2.514570596190424e-08], [-0.052522964775562286, 0.06955187767744064, 0.99619460105896, -0.18677522242069244], [-0.6003413796424866, 0.7949804663658142, -0.0871557667851448, -0.9874789714813232], [0.0, 0.0, -0.0, 1.0]]}