{"line": [[12, 13], [32, 26], [11, 47], [2, 3], [0, 1], [10, 2], [8, 0], [59, 60], [57, 58], [62, 63], [4, 5], [14, 15], [66, 65], [64, 62], [61, 59], [55, 56], [18, 19], [0, 2], [65, 62], [22, 23], [36, 33], [43, 44], [5, 6], [6, 7], [16, 17], [5, 9], [39, 40], [30, 31], [6, 11], [38, 36], [20, 21], [26, 27], [49, 47], [33, 37], [44, 45], [28, 29], [24, 25], [47, 51], [46, 43], [45, 54], [35, 41], [43, 52], [44, 53], [50, 46], [34, 35], [48, 46], [40, 31], [37, 29], [36, 27], [33, 28], [42, 26]], "linedir": [1, 1, 1, 3, 3, 1, 1, 1, 3, 2, 2, 3, 3, 3, 3, 2, 3, 2, 1, 3, 1, 1, 1, 2, 3, 3, 2, 2, 3, 2, 3, 2, 2, 2, 2, 2, 3, 3, 2, 3, 1, 3, 3, 1, 3, 3, 3, 3, 3, 3, 3], "lineidx": [200, 251, 291, 15, 8, 55, 45, 403, 401, 412, 25, 214, 416, 413, 404, 370, 221, 24, 415, 237, 267, 281, 63, 41, 216, 46, 271, 249, 64, 261, 222, 239, 294, 265, 283, 242, 238, 313, 289, 320, 273, 317, 319, 296, 255, 293, 279, 260, 258, 253, 275], "junction": [[0.9253630393019646, -0.23954620110055166], [0.9262764316256997, -0.24704945690788976], [0.98874755705871, -0.2624955480415364], [0.9897028910402729, -0.2698624262110413], [0.7964459582120023, -0.2552246395547274], [0.8288667029294143, -0.26631740653119046], [0.9135341056509533, -0.24246634925856303], [0.9999990000000001, -0.2735656885373345], [0.913581844492252, -0.24286374065512015], [0.845263524886262, -0.4172233664886564], [0.9776149425355669, -0.2655146823716213], [0.9379691040887735, -0.4458700743996478], [0.17461531681372552, 0.9268777987544188], [0.17461531681372575, 0.9268777987544189], [-0.1533594392621993, 0.9596871536170557], [-0.1523938188262018, 0.9999989999999999], [0.23458115355741493, 0.9999990000000001], [0.23869599552806783, 0.8884006571612555], [0.29949109627899034, 0.9999990000000001], [0.3026433978036389, 0.9330350220822116], [0.54627489427546, 0.9999989999999999], [0.5661275119469454, 0.7687906010485015], [0.17263121508678267, 0.9999990000000001], [0.17461531681372577, 0.9268777987544188], [0.6652024032115335, 0.999999], [0.7062230642769294, 0.6076741846651569], [0.005031430227113088, -0.1693452878455], [0.28069560819795325, -0.2506688801775073], [0.3571613178733832, -0.2250836234751696], [0.6594740103194519, -0.3183453521832597], [0.6633562232857622, -0.36355751656690516], [0.8123694166823366, -0.4075178435551862], [0.005028732079528873, -0.16934634994470396], [0.3026433507593242, 0.9330350514075707], [-0.6615086352993411, -0.30268225230502727], [-0.5874970848668668, 0.5548681474894371], [0.23869595078988243, 0.8884006259346034], [0.5661275119469454, 0.7687906010485015], [0.05283784228727218, 0.999999], [0.5730981424121057, 0.687608948522794], [0.7062230642769294, 0.6076741846651569], [-0.0321797481938273, 0.9999990000000001], [0.004250383866546574, 0.999999], [0.2806958154814419, -0.25067075412975937], [0.35716185937262324, -0.2250852785801699], [0.6594742267484188, -0.3183468496702303], [-0.21884411371291787, -0.10330173710008902], [0.9404532604242293, -0.44530517590099383], [-0.24513063056609738, -0.9999989999999999], [0.6633563638542883, -0.3635591536618251], [-0.999999, -0.4551416883223065], [0.9999990000000001, -0.9396354257071572], [0.3083249553636763, -0.9999989999999999], [0.39364062544947104, -0.999999], [0.7180040266582589, -0.9999990000000001], [-0.2077537703940281, 0.9999990000000001], [-0.15312996338687532, 0.9692671043821786], [-0.05972316599621722, 0.9779207679014204], [-0.059516621697231806, 0.9999990000000001], [-0.11519219224507997, 0.991061052198322], [-0.10431892252091317, 0.999999], [-0.11624902661060646, 0.932610811120815], [-0.14239299252732698, 0.9687016939506149], [-0.11586695169379965, 0.9537421934125913], [-0.1436866607406369, 0.9106173730186576], [-0.19524951344377448, 0.9252530499903263], [-0.19698951005517934, 0.8678909152084735]], "juncdpth": [-1.1163431096351886, -1.1152422932463477, -1.140421693156318, -1.1393208732474491, -1.0806451662594014, -1.0919522005937257, -1.0679265507529223, -1.099469165200018, -1.119760833127814, -1.0707699710441985, -1.1436669219498936, -0.7324724768198136, -0.6930280050281752, -0.6930280050281752, -0.8099872357656853, -0.8151195655447765, -0.7174351497143898, -0.7050673622673432, -0.698414112293851, -0.6911394873623244, -0.7724027279230844, -0.7453165299435387, -0.7009932253104243, -0.6930280050281752, -0.8571914525998638, -0.807401790814354, -0.5574322620270546, -0.5995699628091113, -0.5856420943740925, -0.6398191369553068, -0.6698604844320746, -0.7019043978261221, -0.5574327736763475, -0.6911394783923139, -0.7371943240053903, -0.8300642424296312, -0.7050673468273327, -0.7453165299435387, -0.6712461864178633, -0.7753578588144321, -0.807401790814354, -0.6712461943943244, -0.6598884486867017, -0.5995700667430945, -0.5856421476902884, -0.6398191841156322, -0.5273339648027715, -0.7320029093889937, -0.47078566968752983, -0.6698605942080799, -0.7402666759154777, -0.6884151679271506, -0.5458421534487714, -0.5313704255339968, -0.5876627376875974, -1.2111617128343284, -1.227374832879898, -0.6944245502746743, -0.6968344171360806, -0.7148511695788429, -0.7121048335675458, -0.7083524219482634, -0.7218151453046744, -0.726550636904742, -0.7153163992933899, -0.7357430137396932, -0.729244270966979], "junctype": [0, 1, 0, 1, 1, 0, 0, 0, 1, 1, 1, 1, 1, 0, 1, 0, 0, 1, 0, 1, 0, 0, 0, 1, 0, 0, 0, 0, 0, 0, 1, 0, 1, 0, 1, 0, 0, 0, 0, 1, 0, 0, 0, 0, 0, 0, 0, 0, 0, 1, 0, 0, 0, 0, 0, 0, 1, 1, 0, 0, 0, 1, 0, 1, 1, 0, 1], "junindex": [174, -1, 172, -1, -1, 176, 166, -1, -1, -1, -1, -1, -1, 20, -1, -1, -1, -1, -1, -1, -1, 2, -1, -1, -1, 26, 22, 16, 4, 0, -1, 24, -1, 6, -1, 188, 18, 2, -1, -1, 26, -1, -1, 33, 9, 11, 37, 38, -1, -1, -1, -1, -1, -1, -1, -1, -1, -1, -1, 82, -1, -1, 90, -1, -1, 102, -1], "K": [[3.125, 0.0, 0.0, 0.0], [0.0, 3.125, 0.0, 0.0], [0.0, 0.0, -1.0010005235671997, -0.010005001910030842], [0.0, 0.0, -1.0, 0.0]], "RT": [[-0.6539533734321594, -0.7565348148345947, 1.1920928955078125e-07, -3.962204431218197e-08], [-0.29560166597366333, 0.2555200457572937, 0.9205048084259033, -0.48278167843818665], [-0.6963940858840942, 0.6019672155380249, -0.39073115587234497, -0.8814318180084229], [0.0, 0.0, -0.0, 1.0]]}