{"line": [[32, 33], [2, 8], [4, 14], [2, 3], [4, 5], [12, 2], [10, 11], [0, 9], [6, 4], [54, 52], [42, 43], [9, 10], [62, 63], [58, 59], [20, 21], [24, 25], [22, 23], [26, 27], [18, 19], [16, 17], [7, 0], [33, 40], [30, 31], [34, 28], [37, 38], [60, 61], [35, 36], [57, 47], [57, 54], [39, 29], [46, 47], [48, 49], [55, 56], [43, 44], [28, 29], [52, 53], [41, 31], [51, 46], [50, 45], [45, 42], [58, 57], [9, 13], [0, 1], [10, 15], [49, 56], [46, 45], [44, 53], [42, 54], [43, 52]], "linedir": [1, 2, 3, 3, 2, 1, 2, 2, 1, 1, 1, 1, 2, 3, 1, 1, 1, 1, 1, 1, 1, 3, 2, 3, 3, 3, 3, 3, 2, 3, 2, 2, 2, 2, 2, 2, 3, 1, 1, 2, 1, 3, 3, 3, 3, 3, 3, 3, 3], "lineidx": [251, 24, 54, 8, 12, 45, 41, 25, 13, 305, 281, 63, 368, 312, 128, 154, 134, 165, 105, 101, 16, 275, 249, 253, 258, 333, 255, 316, 309, 260, 290, 294, 307, 283, 242, 304, 279, 297, 296, 289, 310, 46, 7, 64, 313, 293, 320, 317, 319], "junction": [[0.8411415419548123, 0.7699424588196788], [0.8600444098528046, -0.01546564944845752], [0.9945610777354742, 0.7912670763152901], [0.994908336389088, 0.7790717640101096], [0.742757050628578, 0.7478161536713108], [0.7620018827972875, 0.7426064199760253], [0.6789919946303283, 0.7255319984127402], [0.679215544712512, 0.7140107629097657], [0.999999, 0.7896225848743141], [0.8814323144136247, 0.7585006963097024], [0.9671062353275383, 0.7873839674587122], [0.9999990000000001, 0.7775497699878368], [0.9755018040349693, 0.7848738810804059], [0.9008583580491109, -0.012002065597280393], [0.743007051861325, 0.7360453172138747], [0.9890305887694975, -0.00451952769194159], [0.8494030992344084, -0.016368700323025214], [0.999999, -0.0035887181601531367], [0.860522500095014, -0.4841762093980463], [0.9999990000000001, -0.49384680979182377], [0.8641625664962306, -0.6373184890377456], [0.9999990000000001, -0.6535603095815197], [0.8621256688003677, -0.551623580716013], [0.9999990000000001, -0.5642353896129539], [0.8621354738845561, -0.5520360932306596], [0.999999, -0.5646656952241828], [0.8605299137521911, -0.484488111499664], [0.999999, -0.49417251848235233], [0.10896356404893734, 0.7806544386643819], [0.47451588812910617, 0.69320633308949], [0.4750693327316319, 0.6523717163150708], [0.681328619242347, 0.6051079655779179], [-0.2835591812033927, 0.8262075095427963], [-0.2835568052504366, 0.8262088876150333], [0.10827950408441742, 0.999999], [-0.7835319400047925, 0.7201771849413116], [-0.7772674071871166, 0.999999], [0.04428957915237497, 0.9999990000000001], [0.044607180662912985, 0.7510110040828609], [0.4703596106628322, 0.9999990000000001], [-0.28214446940118676, 0.999999], [0.673666426834609, 0.999999], [0.0446075626890433, 0.7510090344627691], [0.10896422919941592, 0.7806526980901249], [0.4745161463194622, 0.6932047577455858], [-0.5490885680231, 0.8870528125766753], [-0.5724005973042622, -0.5917505722308802], [-0.24303887939500524, -0.5711411478265622], [0.47506935556473234, 0.6523700309068245], [0.8354706991054127, 0.5697853093658403], [-0.999999, 0.5660970068849107], [-0.9999989999999999, -0.5070432834168286], [0.11402570392591048, -0.842328379777445], [0.49465223364146355, -0.7931254734019526], [0.04661859054837136, -0.8256068750488282], [0.49434271866275953, -0.7702788566544068], [0.8662305786051614, -0.7243224207732584], [-0.24498443787369842, -0.8616420301068617], [-0.9039101830392461, -0.6612690480577117], [-0.9005676398199282, -0.5267406463883655], [0.7532158249724831, 0.999999], [0.7588236575099458, 0.7415086127472158], [-0.9999989999999999, -0.6460720175146276], [-0.9033703605225639, -0.6395426392757254]], "juncdpth": [-1.0252548138698478, -1.0027206697681128, -1.0530998097963846, -1.0527322384572069, -1.0979072616910868, -1.1035369396443009, -1.122399309822797, -1.0833300701197306, -1.0547289465233294, -1.036622856172405, -1.0083974985549333, -1.0178334910372504, -1.0594617365537031, -1.0142690775262164, -1.097537844005817, -0.9860437201084421, -0.8594330490943929, -0.8187251006323428, -0.8483276451257346, -0.8111126043709129, -0.8447542632473966, -0.8086631365688574, -0.8467501298514923, -0.8100312594974501, -0.8454962890116785, -0.8088344040323378, -0.8470738087149372, -0.8099157589655864, -0.5654516343876088, -0.6166074478434516, -0.643805155737458, -0.6784417807363889, -0.5420269316817321, -0.542026252393834, -0.5690240020365734, -0.7423081718714648, -0.7482909071464549, -0.5859866094551817, -0.5818141082450217, -0.6220560828518323, -0.5447394371057627, -0.6861583424649478, -0.5818143142878982, -0.5654517698819017, -0.6166075823103832, -0.5136065119688809, -0.4926891517849844, -0.5267930500083201, -0.6438053327822304, -0.706861922561127, -0.7099676989309968, -0.6713148413461065, -0.5403509334647301, -0.5915067458526264, -0.5567134804681708, -0.6187044985350876, -0.6817610850040615, -0.5226095737953375, -0.7925907308444913, -0.7955324891032599, -1.2866878509117194, -1.2771789542810663, -0.833329483541043, -0.8481902611755241], "junctype": [0, 1, 0, 1, 0, 1, 1, 1, 0, 0, 0, 0, 1, 1, 1, 1, 1, 0, 1, 0, 1, 0, 1, 0, 1, 0, 1, 0, 0, 0, 1, 0, 1, 0, 0, 1, 0, 0, 0, 0, 0, 0, 0, 0, 0, 0, 0, 0, 1, 0, 0, 0, 0, 0, 0, 1, 0, 0, 0, 1, 0, 1, 0, 1], "junindex": [178, -1, 174, -1, 200, -1, -1, -1, -1, 176, 166, -1, -1, -1, -1, -1, -1, -1, -1, -1, -1, -1, -1, -1, -1, -1, -1, -1, 4, 0, -1, 24, -1, 22, -1, -1, -1, -1, 16, -1, -1, -1, 33, 9, 11, 37, 36, 35, -1, 38, -1, -1, 8, 10, 32, -1, 39, 34, 234, -1, -1, -1, -1, -1], "K": [[3.125, 0.0, 0.0, 0.0], [0.0, 3.125, 0.0, 0.0], [0.0, 0.0, -1.0010005235671997, -0.010005001910030842], [0.0, 0.0, -1.0, 0.0]], "RT": [[-0.5705691576004028, -0.8212495446205139, 1.341104507446289e-07, -1.4576401952126616e-07], [-0.0715765580534935, 0.049728505313396454, 0.9961947202682495, -0.18677523732185364], [-0.8181244730949402, 0.5683979988098145, -0.0871557667851448, -0.9874791502952576], [0.0, 0.0, -0.0, 1.0]]}