{"line": [[26, 27], [44, 45], [42, 43], [4, 5], [6, 19], [4, 9], [6, 7], [16, 17], [72, 73], [76, 74], [75, 74], [10, 12], [10, 13], [77, 78], [79, 80], [81, 79], [14, 15], [21, 23], [59, 60], [2, 8], [53, 47], [21, 22], [4, 6], [30, 31], [34, 35], [24, 25], [8, 14], [38, 39], [32, 33], [74, 73], [79, 77], [57, 50], [36, 37], [0, 2], [58, 57], [14, 20], [40, 41], [56, 53], [47, 54], [71, 69], [60, 61], [28, 29], [63, 64], [49, 56], [62, 59], [64, 65], [48, 49], [10, 11], [61, 68], [0, 1], [66, 59], [8, 18], [67, 60], [2, 3], [69, 70], [50, 51], [57, 42], [54, 55], [52, 53], [46, 47], [45, 56]], "linedir": [1, 1, 0, 3, 3, 2, 2, 1, 3, 1, 3, 2, 1, 3, 3, 1, 2, 1, 1, 2, 1, 3, 1, 3, 3, 1, 1, 3, 3, 2, 2, 0, 3, 1, 2, 3, 3, 2, 2, 2, 2, 3, 2, 1, 2, 3, 3, 3, 3, 3, 3, 3, 3, 3, 3, 3, 3, 3, 3, 3, 3], "lineidx": [200, 251, 247, 11, 54, 26, 12, 45, 398, 403, 401, 35, 38, 444, 446, 448, 41, 96, 281, 25, 267, 92, 13, 214, 221, 101, 63, 237, 216, 400, 445, 269, 222, 16, 271, 64, 238, 261, 265, 334, 283, 213, 294, 273, 289, 313, 255, 34, 320, 1, 317, 46, 319, 7, 333, 256, 279, 260, 258, 253, 275], "junction": [[0.6431705827439241, -0.27091858840887406], [0.7046044807063264, -0.999999], [0.8428771963270995, -0.16871175460369067], [0.9359186824013883, -0.9999990000000001], [0.7253436206763412, -0.2272871607371731], [0.7254872674701222, -0.2287901502753009], [0.7859499395015462, -0.1962252104136305], [0.7883843417944891, -0.19660037595104973], [0.8941961806404249, -0.17687641279346017], [0.7277307063298059, -0.22764199209180494], [0.6336199875985021, -0.3063576421203509], [0.6909337062847551, -0.999999], [0.6463023713939414, -0.30808578491931543], [0.6456529329631493, -0.3003784302807615], [0.963528909118475, -0.14242474136926997], [0.9999990000000001, -0.14845877618845446], [0.9963836912363186, -0.14786061757588007], [0.9999990000000001, -0.14609672585614553], [0.9834399823489968, -0.9292864837719339], [0.7861099881205266, -0.19776435587038327], [0.9999989999999999, -0.426473044607324], [0.9600361674725801, -0.9331552988341453], [0.967127190845884, -0.9944253624088204], [0.999999, -0.926549161790799], [0.927070000364702, -0.9999989999999999], [0.999999, -0.9898515131450399], [-0.44955920438689223, 0.8974852183960857], [-0.44955920438689223, 0.8974852183960857], [0.35592284302463456, 0.999999], [0.3808004676525109, 0.5553157821161002], [-0.5457667392101655, 0.9303177866653181], [-0.539853894648813, 0.9999989999999999], [-0.36376093966731604, 0.8752192097500975], [-0.35676365611730404, 0.9999989999999999], [-0.33786262633601094, 0.9292368422459925], [-0.3341460582614192, 0.999999], [0.034399621206800235, 0.9999989999999997], [0.03532035107506434, 0.8297092700321494], [-0.4495592043868923, 0.8974852183960857], [-0.4424301540301904, 0.9999989999999999], [0.28812806728071355, 0.999999], [0.30159925144198124, 0.7025461272217014], [0.3495066491984681, -0.35528167168641017], [0.34950849841041715, -0.35528339262829284], [-0.7942724819207454, -0.2123280713777119], [-0.7942715832951923, -0.21232646963464555], [-0.3986045812261624, -0.22726778903900272], [-0.3378626909753851, 0.9292368594852567], [-0.9198219617035847, -0.19663626049397873], [-0.8433698264547332, 0.4316115480103312], [0.38080047382032056, 0.5553157806163983], [0.4323226327107359, -0.3656338826887194], [-0.4273192445127537, -0.2581900186782002], [-0.3637610123773619, 0.8752190580940593], [0.03532035107506434, 0.8297092700321494], [0.04134220186378592, -0.2840368786090735], [-0.6718438700357866, 0.9551720516742374], [0.30159925144198124, 0.7025461272217014], [0.03563470821200342, 0.7715686646190253], [-0.42731856116147315, -0.25819183391626405], [-0.39860374196483084, -0.22726936813885623], [0.04134272041374484, -0.28403839071636683], [-0.9999990000000001, -0.18661532751726448], [0.04151980300376106, -0.3167895538957657], [0.5518126662799262, -0.3805682947335625], [0.59595917116069, -0.9999989999999997], [-0.46891688080429167, -0.999999], [-0.4391889662511871, -0.999999], [0.04521385495473987, -0.999999], [0.78839390797626, 0.6771836686888006], [0.8890222574310557, -0.17605326098970073], [0.3675482786407451, 0.7921963582123527], [-0.5263182439812496, 0.9174055575105474], [-0.5256907145561367, 0.9250894796417963], [-0.6526921647747416, 0.9581638848399463], [-0.6534827574355622, 0.9504070156413714], [-0.6551499333809337, 0.9508396775189922], [0.5923833601573263, 0.7635025627984627], [0.5953975509458694, 0.7299275456428287], [0.4442283031150001, 0.8046363732200169], [0.44653336095206564, 0.7706105649531769], [0.42065789053062697, 0.7776820591981229]], "juncdpth": [-1.0967121072426775, -1.0010905151320173, -0.9998955709432611, -0.9004939047446526, -1.1038929574848368, -1.1036743858770797, -1.0735555897581532, -1.0739120518214655, -1.0069969483595802, -1.1042494194864751, -1.1348117399684514, -1.0406776990290239, -1.1367374253071187, -1.1281990854768853, -0.9776971174847446, -0.9827050345855158, -1.0295024089479574, -1.0279639891122123, -0.9156153332038851, -1.073337018150396, -0.9420403408535166, -0.7545333060376347, -0.7490010251819487, -0.7420698910896644, -0.7322455960891514, -0.7101726860072342, -0.7021873496344924, -0.7021873496344924, -0.8878713338900565, -0.8298666941943189, -0.8434436862224799, -0.8526816329220833, -0.7092886978110402, -0.7232001006734344, -0.6923033245183986, -0.7000035088423092, -0.7436451971777283, -0.7242592874467775, -0.7021873496344924, -0.7135019419918186, -0.8056344358010672, -0.7696499683459841, -0.6641525753577522, -0.6641537522184352, -0.5789374803198363, -0.5789366480234168, -0.5868059315301668, -0.6923033192274985, -0.8144298949461343, -0.8882585088448343, -0.8298666948556814, -0.7309668649861122, -0.6037912864444781, -0.7092886741418098, -0.7242592874467775, -0.6187618944585456, -0.6844340410116487, -0.7696499683459841, -0.7443297438519327, -0.6037913653300979, -0.5868059461299566, -0.6187619184958102, -0.5658772233479675, -0.6388324252909833, -0.6819060016267748, -0.6313927707268269, -0.5502282504383501, -0.5325796458273018, -0.5657833024900455, -1.4062946554411422, -1.2471160976773241, -1.3299539078832223, -0.7349192600989016, -0.735796548791761, -0.725144569967135, -0.7242672812742755, -0.7274767416562028, -1.4716638584202846, -1.4642135697350922, -1.4432585603910146, -1.4358082717058225, -1.46174666847103], "junctype": [0, 0, 0, 0, 0, 1, 0, 1, 0, 1, 0, 0, 1, 1, 0, 0, 1, 0, 1, 1, 0, 0, 1, 0, 0, 0, 0, 1, 0, 0, 1, 0, 1, 0, 1, 0, 0, 0, 1, 0, 0, 0, 0, 1, 1, 0, 0, 0, 1, 0, 0, 1, 0, 0, 0, 0, 0, 0, 1, 0, 0, 0, 0, 1, 0, 0, 0, 0, 0, 0, 1, 1, 1, 0, 0, 1, 1, 0, 1, 0, 1, 1], "junindex": [229, -1, 178, -1, 225, -1, 200, -1, 176, -1, 247, -1, -1, -1, 166, -1, -1, -1, -1, -1, -1, 94, -1, -1, -1, -1, 20, -1, -1, 78, -1, -1, -1, -1, -1, -1, -1, 2, -1, -1, -1, 26, 24, -1, -1, 22, 4, 6, -1, 188, 75, -1, 16, 18, 2, 0, 23, 26, -1, 33, 9, 11, -1, -1, 38, -1, -1, -1, -1, 249, -1, -1, -1, 63, 65, -1, -1, 257, -1, 259, -1, -1], "K": [[3.125, 0.0, 0.0, 0.0], [0.0, 3.125, 0.0, 0.0], [0.0, 0.0, -1.0010005235671997, -0.010005001910030842], [0.0, 0.0, -1.0, 0.0]], "RT": [[-0.3857300281524658, -0.9226117134094238, 1.341104507446289e-07, 1.2734619758703047e-07], [-0.36049309372901917, 0.1507168561220169, 0.9205048680305481, -0.48278164863586426], [-0.8492685556411743, 0.35506629943847656, -0.39073115587234497, -0.8814317584037781], [0.0, 0.0, -0.0, 1.0]]}