{"line": [[41, 37], [39, 40], [5, 6], [7, 19], [14, 15], [7, 8], [11, 59], [17, 18], [34, 35], [10, 12], [10, 13], [73, 74], [62, 56], [65, 63], [53, 54], [3, 9], [21, 23], [21, 22], [0, 1], [69, 70], [34, 32], [5, 7], [10, 11], [9, 14], [30, 28], [44, 45], [71, 72], [14, 20], [37, 51], [42, 43], [2, 3], [38, 48], [28, 29], [30, 31], [26, 27], [68, 58], [24, 25], [49, 50], [32, 33], [34, 36], [68, 65], [57, 58], [69, 68], [52, 39], [37, 38], [46, 47], [54, 55], [63, 64], [24, 26], [61, 59], [66, 67], [60, 56], [56, 53], [9, 16], [3, 4], [2, 0], [59, 67], [55, 64], [65, 53], [63, 54]], "linedir": [1, 0, 3, 3, 2, 2, 1, 1, 2, 2, 1, 2, 1, 1, 1, 2, 1, 3, 1, 3, 3, 1, 3, 1, 3, 3, 3, 3, 3, 3, 1, 3, 1, 1, 1, 3, 1, 3, 1, 1, 2, 2, 1, 3, 2, 3, 2, 2, 3, 2, 2, 3, 2, 3, 3, 3, 3, 3, 3, 3], "lineidx": [251, 247, 11, 54, 41, 12, 291, 48, 158, 35, 38, 368, 296, 305, 281, 25, 96, 92, 0, 312, 164, 13, 34, 63, 133, 255, 333, 64, 275, 253, 16, 258, 128, 134, 105, 316, 101, 260, 154, 165, 309, 290, 310, 279, 239, 256, 283, 304, 106, 294, 307, 293, 289, 46, 7, 1, 313, 320, 317, 319], "junction": [[0.6660792808775314, -0.5673160153569755], [0.7220764773120443, -0.5748769983594357], [0.6425739313016728, 0.713201717834432], [0.8669543436520109, 0.8160115012301682], [0.8870741576020231, 0.005999408952806557], [0.7276572258536331, 0.7570394464011044], [0.7277572773409613, 0.7522322252815322], [0.7956149689113601, 0.7883246276615471], [0.8033811925021228, 0.7868826578028755], [0.9162367595080478, 0.8065039101841014], [0.6249974417893515, 0.6769105091478337], [0.6263928442529668, 0.5986733032195272], [0.6432942961550687, 0.6739578867157223], [0.6430922992539522, 0.6849622163086352], [0.9945520712801271, 0.8413520415599032], [0.9999990000000001, 0.8402519158828382], [0.937092034650456, 0.011827836186775418], [0.6550119470961422, -0.5571755014100661], [0.665919375268343, -0.5586047231661613], [0.7957276863464784, 0.7833758663595511], [0.9999989999999999, 0.6503349623148702], [0.9493668120106722, 0.06950705087211187], [0.9508601150174267, 0.013432187656803237], [0.9999989999999999, 0.07656476773436771], [0.7109280842351258, -0.014526343673083305], [0.999999, 0.019158188686434444], [0.7203024220522765, -0.48570695146753534], [0.9999990000000001, -0.5123235125005483], [0.7233715676953159, -0.639972642686039], [0.9999989999999999, -0.6853628276939815], [0.7216541211347527, -0.5536479414138824], [0.9999990000000001, -0.5885912898720477], [0.7068300168363645, -0.5523023348459246], [0.999999, -0.5891749239135681], [0.7055124287372327, -0.48468943292299077], [0.7202714969802728, -0.4841525702934226], [0.999999, -0.5127653461206795], [-0.6923348567293409, 0.7992523432812639], [-0.3202015651016576, 0.7438600304366906], [0.4413700562195199, 0.6304994887098476], [0.4413713073950645, 0.6304977654819184], [-0.6923361099155732, 0.7992507006353439], [-0.28257549630677076, 0.7760117193454452], [-0.28076414122316506, 0.9999989999999999], [-0.9122605705219163, 0.8319866152734212], [-0.9078671785450251, 0.999999], [0.4950362711857948, 0.9999989999999999], [0.5004300605513375, 0.6217068580106104], [-0.317856554122789, 0.9999990000000001], [0.1518237494635913, 0.9999989999999997], [0.1530973615156379, 0.70874147001557], [-0.6883547227464182, 0.9999990000000001], [0.43672224541454446, 0.999999], [-0.32020087439907124, 0.743858102330898], [-0.2825746216499352, 0.7760100275365833], [0.15309782250472462, 0.7087398872574409], [-0.9839604949578897, 0.8426592007576433], [-0.999999, -0.578099367556764], [-0.6614173641252411, -0.56436955760331], [0.6340850673141751, 0.6018122829521059], [-0.9999990000000001, 0.27418107550304305], [0.1532524259250165, 0.6733843198430979], [-0.999999, 0.8086747103766705], [-0.295640750257126, -0.8397065993310344], [0.15970330620288628, -0.8018387516485577], [-0.33453286787469966, -0.8215796380496211], [0.15961666839308866, -0.782025936905204], [0.6583510704159004, -0.7421052749070903], [-0.666590672310469, -0.8481588513322894], [-0.9674199208587513, -0.6433158975199276], [-0.9656477599063904, -0.5767063918363526], [0.8744897084333856, 0.999999], [0.8791833304469063, 0.8136522783038154], [-0.999999, -0.6262681293823827], [-0.9669250377607346, -0.6247149242357979]], "juncdpth": [-1.0459569739842758, -1.0197244123788913, -1.0842183585502152, -0.981898844365575, -0.959628181887994, -1.0880800196012768, -1.0879304302436785, -1.056018299092755, -1.057454465406403, -0.9905435641048834, -1.1256232515747646, -0.6834466862290733, -1.12913146104146, -1.116166315309786, -0.9595783532494382, -0.9605262741556222, -0.968498595402785, -1.0833337846483286, -1.0779049307438469, -1.0558687097351567, -0.9543515679979765, -0.799717481034024, -0.7984615375577744, -0.7835897199054614, -0.8533166218345054, -0.7550682003274454, -0.8422111564844731, -0.7483860779387814, -0.8386377704132217, -0.746235978928908, -0.8406336367284649, -0.7474368966295187, -0.8446891134523598, -0.7460553585693211, -0.8462666333707082, -0.8484224629539038, -0.7470045554583075, -0.5556477234197659, -0.5859040203007297, -0.6593836238088344, -0.659384880881747, -0.5556485743312602, -0.5679532308022162, -0.5716173521562843, -0.7784039893873824, -0.7821708572831523, -0.7353284591702021, -0.7274027828101401, -0.5902265307656069, -0.6119450945756338, -0.6068541830147738, -0.5588605101770994, -0.6664011826989666, -0.5859042118002455, -0.5679533446528175, -0.6068543042918471, -0.5340362373227272, -0.5147627990249726, -0.5390528606677891, -0.6809954860233471, -0.5254711270586299, -0.629515794423833, -0.5508085697402159, -0.5428525060898808, -0.5817534656883252, -0.5608033758347533, -0.6044149581966006, -0.6558946465741439, -0.5348693840971787, -0.8310577820635254, -0.8325829343572907, -1.2329881559575526, -1.2264056699126284, -0.8800984008169455, -0.8839894540557991], "junctype": [0, 1, 0, 0, 1, 0, 1, 0, 1, 0, 0, 1, 1, 1, 0, 0, 1, 1, 1, 1, 0, 0, 1, 0, 0, 0, 0, 0, 0, 0, 0, 0, 0, 0, 0, 1, 0, 0, 0, 0, 1, 1, 0, 0, 1, 0, 0, 1, 0, 0, 0, 0, 0, 0, 0, 0, 0, 0, 0, 0, 0, 1, 0, 0, 0, 0, 1, 0, 0, 0, 1, 0, 1, 0, 1], "junindex": [228, -1, 229, 178, -1, 225, -1, 200, -1, 176, 247, -1, -1, -1, 166, -1, -1, -1, -1, -1, -1, 94, -1, -1, 142, -1, 138, -1, 136, -1, 137, -1, 149, -1, 150, -1, -1, 22, 16, 24, -1, -1, 4, -1, -1, -1, -1, -1, -1, -1, 0, -1, -1, 33, 9, 11, 37, -1, 35, 38, -1, -1, -1, 8, 10, 32, -1, 39, 34, 234, -1, -1, -1, -1, -1], "K": [[3.125, 0.0, 0.0, 0.0], [0.0, 3.125, 0.0, 0.0], [0.0, 0.0, -1.0010005235671997, -0.010005001910030842], [0.0, 0.0, -1.0, 0.0]], "RT": [[-0.4338839054107666, -0.9009687900543213, 1.341104507446289e-07, -2.0421052226993197e-07], [-0.07852456718683243, 0.037815604358911514, 0.9961946606636047, -0.18677523732185364], [-0.8975403308868408, 0.4322328567504883, -0.0871557742357254, -0.9874791502952576], [0.0, 0.0, -0.0, 1.0]]}