{"line": [[19, 8], [41, 40], [39, 40], [38, 37], [0, 3], [2, 0], [12, 13], [48, 49], [46, 47], [50, 48], [23, 26], [42, 43], [44, 42], [14, 7], [24, 25], [45, 42], [0, 1], [48, 46], [15, 5], [27, 21], [7, 15], [18, 19], [9, 11], [30, 31], [26, 27], [19, 23], [34, 32], [35, 34], [20, 21], [29, 27], [28, 26], [22, 23], [32, 30], [32, 33], [36, 37], [4, 5], [17, 15], [6, 7], [10, 11], [16, 12], [8, 9]], "linedir": [1, 2, 3, 2, 3, 1, 2, 3, 3, 1, 1, 1, 3, 1, 2, 2, 2, 2, 0, 0, 2, 3, 2, 3, 2, 2, 1, 3, 3, 3, 3, 3, 2, 3, 3, 3, 3, 3, 3, 3, 3], "lineidx": [267, 400, 398, 370, 64, 63, 225, 446, 444, 448, 266, 433, 434, 231, 261, 436, 41, 445, 234, 269, 236, 253, 230, 333, 271, 265, 337, 338, 256, 279, 276, 260, 334, 335, 369, 213, 238, 217, 222, 237, 221], "junction": [[0.9316104976968768, -0.9716531842036077], [0.999999, -0.9723882894149712], [0.9137612885339137, -0.999999], [0.9372339859274486, -0.9999990000000001], [-0.044792572353642555, -0.34466315235140493], [-0.03393719583066525, 0.6414087541621464], [-0.5605136378246814, -0.22564749279646074], [-0.419365455637606, 0.7690068262225945], [-0.9379976934809934, -0.17202829298548947], [-0.6978600385412804, 0.8254557591243276], [-0.5695468306092203, -0.17783660399736595], [-0.4239938615171588, 0.8193714010951232], [-0.7493016651941646, 0.7762298872530176], [-0.7099184043612204, 0.7753677060744384], [-0.4239200767370856, 0.8185685028236335], [-0.18029142238094614, 0.7637730004063571], [-0.9999989999999999, -0.21009516773300485], [-0.24084813281509368, -0.23058855658529925], [-0.9999990000000001, -0.42956914097555576], [-0.9379977293670637, -0.172028187085142], [-0.052006966210925, -0.9999990000000001], [-0.04479256528943144, -0.3446631524555201], [-0.6895500568197116, -0.999999], [-0.5695468306092203, -0.17783660399736595], [-0.999999, -0.21885430585152899], [-0.9494588739921273, -0.21963550366563303], [-0.5605136378246814, -0.22564749279646074], [-0.24084813281509368, -0.23058855658529925], [-0.6703993594524662, -0.999999], [-0.2877052997070194, -0.9999989999999999], [0.9285381146429944, -0.07004565943363998], [0.9999989999999999, -0.36205570105677715], [0.010279698693154853, -0.05478404425939871], [0.012850715843847315, -0.9999989999999997], [-0.008695463567560045, -0.46763493916050375], [-0.009799864591936644, -0.9999989999999999], [-0.016765746259726644, -0.999999], [-0.01340975878857601, -0.054390321340563534], [-0.04159188746993017, -0.053921929442101196], [-0.9999989999999999, -0.21015419638256216], [-0.9980145029461543, -0.2023464207852958], [-0.999999, -0.20231553536405164], [-0.36416621059629783, 0.8172412879213844], [-0.36047370664863604, 0.7677175638463207], [-0.370343124710466, 0.7679336258516319], [-0.4241104358017209, 0.8185727309582075], [0.7405572313681422, -0.027101008696129993], [0.7484441168895095, -0.06705246575181426], [0.5657245034736309, -0.02414997649166428], [0.5717563546657288, -0.06411588429912166], [0.5554351177658925, -0.06384462249263412]], "juncdpth": [-0.8428020606256055, -0.8431775842268396, -0.8575290353057254, -0.8377451689242078, -0.8239313434746036, -1.0874742525407344, -0.7830137253011246, -1.0465566343295905, -0.7658782917318672, -1.029421167657663, -0.7676981665195034, -1.0312410755479693, -1.0443322797421517, -1.0445972928983165, -1.031481715091776, -1.0481743299809856, -0.7825208694477521, -0.7846314209525196, -0.7183928041824887, -0.7658782586291971, -0.7096371801412021, -0.8239313435122685, -0.6340948570596315, -0.7676981665195034, -0.7808005066849008, -0.7810543838657832, -0.7830137253011246, -0.7846314209525196, -0.6546694132787643, -0.6568425962078243, -1.3266900546505043, -1.2318834521306887, -1.3188037871258438, -1.0549399499243393, -1.5715103700909003, -1.3944199435892617, -1.0546683026906862, -1.318601575640231, -1.3183610957906293, -0.8210443332398245, -0.8226769337592876, -0.8226664338426359, -1.1528588965266477, -1.1697012222728054, -1.1336305178215342, -1.152412787414701, -1.4242051170309604, -1.4091972463715894, -1.4225874215302252, -1.4075795508708542, -1.4446599631284245], "junctype": [0, 0, 0, 0, 0, 0, 0, 0, 1, 0, 0, 0, 0, 1, 1, 0, 0, 0, 0, 0, 0, 0, 0, 0, 0, 1, 0, 0, 0, 0, 0, 0, 0, 0, 0, 0, 0, 0, 1, 0, 0, 0, 0, 1, 1, 1, 0, 1, 0, 1, 1], "junindex": [166, -1, -1, -1, 78, 76, 30, 31, -1, 7, 2, 3, 21, -1, -1, 27, -1, 26, -1, 6, -1, 75, -1, 2, -1, -1, 30, 26, -1, -1, 249, -1, 251, -1, 307, -1, -1, 253, -1, -1, 63, -1, 84, -1, -1, -1, 257, -1, 259, -1, -1], "K": [[3.125, 0.0, 0.0, 0.0], [0.0, 3.125, 0.0, 0.0], [0.0, 0.0, -1.0010005235671997, -0.010005001910030842], [0.0, 0.0, -1.0, 0.0]], "RT": [[-0.026397010311484337, -0.9996515512466431, 1.341104507446289e-07, -1.5117311136236822e-07], [-0.6425636410713196, 0.0169677734375, 0.7660443782806396, -0.7193920612335205], [-0.7657775282859802, 0.020221197977662086, -0.6427876353263855, -0.7017657160758972], [0.0, 0.0, -0.0, 1.0]]}