{"line": [[37, 38], [31, 32], [54, 55], [49, 50], [5, 6], [51, 52], [9, 11], [12, 13], [15, 35], [14, 36], [2, 4], [12, 14], [4, 5], [31, 30], [14, 15], [9, 10], [33, 28], [26, 24], [22, 23], [0, 2], [20, 18], [21, 16], [27, 22], [24, 23], [31, 33], [30, 28], [28, 29], [33, 34], [23, 25], [16, 17], [18, 19], [39, 40], [43, 44], [45, 46], [37, 47], [41, 42], [59, 26], [48, 49], [56, 54], [20, 21], [18, 16], [50, 53], [55, 57], [0, 1], [4, 7], [5, 8], [2, 3], [58, 48], [53, 57], [55, 50], [54, 49]], "linedir": [0, 2, 1, 1, 2, 2, 3, 3, 3, 3, 2, 1, 1, 3, 2, 1, 3, 3, 3, 1, 1, 1, 1, 1, 1, 1, 2, 2, 2, 2, 2, 3, 3, 3, 3, 3, 2, 2, 2, 3, 3, 2, 2, 3, 3, 3, 3, 3, 3, 3, 3], "lineidx": [247, 158, 299, 286, 41, 289, 75, 92, 173, 174, 25, 96, 63, 164, 95, 73, 162, 133, 121, 16, 101, 105, 134, 128, 165, 154, 149, 163, 129, 98, 100, 253, 260, 276, 279, 256, 332, 283, 304, 106, 99, 294, 307, 1, 46, 64, 7, 319, 313, 321, 320], "junction": [[0.7103827217072174, 0.7834729657552797], [0.7241903066593723, 0.10443452888151412], [0.8514107745054162, 0.915740124189055], [0.8723979680791636, 0.05784068514014996], [0.9176109850950648, 0.9122836554437258], [0.969969683390601, 0.9588173804877325], [0.9999989999999999, 0.9571841795614521], [0.9390815631244326, 0.09786213163705307], [0.9935777749444392, 0.11278750106156217], [0.9170377896334153, 0.09182480441969876], [0.9999990000000001, 0.11454613992674981], [0.9179295942592585, 0.05717785809374466], [0.7107028969937285, 0.09996700509054635], [0.7116462262369654, 0.052689006486337876], [0.7747708821375107, 0.12118866699337355], [0.8606724120041154, 0.11970536119153895], [0.7488672809732616, -0.5477184352504549], [0.9999990000000001, -0.5447072450134653], [0.7363220815600111, 0.05982161104847825], [0.9999990000000002, 0.05598313200177054], [0.5382170820055886, 0.002558970904651838], [0.5457889133430109, -0.49991562792432054], [0.7506841743859396, -0.6357027974868465], [0.7529954142946769, -0.7476336935334952], [0.5482708153969368, -0.6646173070389545], [0.9999989999999999, -0.7425126808016127], [0.5468897618189683, -0.5729691121076188], [0.5485145428512378, -0.5729480232025794], [0.7549677931738453, -0.6385491929157698], [0.9999990000000001, -0.6346372912586679], [0.5370622614268833, -0.5706276656685603], [0.5359954870593643, -0.49854461362086344], [0.5457668178479516, -0.4984493479028632], [0.7531263340547923, -0.5498683411703145], [0.999999, -0.5468844870133094], [0.8621644879506674, 0.05798965911663804], [0.7761191139619237, 0.05924226540116231], [-0.10612718726067318, 0.6462850194419263], [-0.1061225197239267, 0.6462833076493693], [-0.9689023230154297, 0.7100841743060196], [-0.9608786317026405, 0.9999989999999999], [0.09197792259097788, 0.9999990000000001], [0.09293537538628109, 0.6385694714751471], [-0.49913151220938523, 0.6912996448832917], [-0.4947326082345329, 0.999999], [-0.49657157734712193, 0.6614214807897664], [-0.4917757506892583, 0.9999989999999999], [-0.10505682600242382, 0.9999989999999999], [-0.9689012759183924, 0.7100826871251892], [-0.49913075634967397, 0.6912981511564374], [-0.4965709241876364, 0.6614138555980049], [-0.9999990000000001, 0.680922727230507], [-0.9697407608198119, 0.6797501544759588], [0.13154771398867454, 0.6370731768714211], [-0.5202682318276031, -0.7920566221316977], [-0.5169218647043263, -0.7753314663422789], [-0.9999989999999999, -0.8023608021374977], [0.13679270247020828, -0.761741214203896], [-0.9999989999999997, -0.4135500660394174], [0.13610487548561956, -0.5783009096159839]], "juncdpth": [-1.012129106833838, -0.9928314839704281, -0.8995509494104466, -0.8779104199094074, -0.9021732810065219, -0.8681034712531042, -0.8692555917283514, -0.8815464454128938, -0.847476635659476, -0.750849673889544, -0.7068739435273362, -0.7501201901421481, -0.7344756751679211, -0.7335020775587349, -0.6949745119064379, -0.697596825918537, -0.6518217236017698, -0.659056252124262, -0.6629271952100351, -0.6706525174027258, -0.8004863110256304, -0.7893808466508044, -0.6502441763414092, -0.6482483077616803, -0.7858074608850268, -0.6553249139407737, -1.0366861840233743, -0.7864704129671428, -0.6451753902783184, -0.6521622106240436, -0.792609875920781, -0.794187395704274, -0.7945236170471931, -0.6467529100618113, -0.6538094496525936, -0.6963895467227625, -0.6937672325822374, -0.6480660565143698, -0.648067262746609, -0.6060258214109868, -0.6110863457593027, -0.7126521518680784, -0.7053097604603474, -0.6178262266503323, -0.6233195614009138, -0.6375769155612879, -0.6437945431402502, -0.6546685123248145, -0.606025882294351, -0.6178263111030138, -0.6375769480207092, -0.6245432756316907, -0.6253115845389233, -0.6546219948716823, -0.592725474645257, -0.6124761141603967, -0.5811790364971147, -0.6295211581291187, -0.5871799283967026, -1.0185573506104915], "junctype": [0, 1, 0, 1, 0, 0, 0, 1, 1, 0, 0, 1, 0, 1, 0, 0, 0, 0, 0, 0, 0, 0, 0, 0, 0, 0, 1, 1, 0, 0, 0, 0, 1, 0, 0, 1, 1, 0, 1, 0, 0, 0, 1, 0, 0, 1, 0, 0, 0, 0, 0, 0, 1, 0, 0, 0, 0, 0, 0, 1], "junindex": [229, -1, 178, -1, 176, 166, -1, -1, -1, 98, -1, -1, 94, -1, 61, 59, 48, -1, 49, -1, 142, 138, 47, 46, 136, -1, -1, -1, 14, -1, 149, 150, -1, 15, -1, -1, -1, 24, -1, 4, -1, -1, -1, 0, -1, -1, -1, -1, 9, 11, 41, -1, -1, 38, 10, 40, -1, 39, -1, -1], "K": [[3.125, 0.0, 0.0, 0.0], [0.0, 3.125, 0.0, 0.0], [0.0, 0.0, -1.0010005235671997, -0.010005001910030842], [0.0, 0.0, -1.0, 0.0]], "RT": [[-0.1316165030002594, -0.9913007020950317, 1.341104507446289e-07, 1.8430651493872574e-07], [-0.08639755845069885, 0.011471268720924854, 0.9961946606636047, -0.18677522242069244], [-0.9875285029411316, 0.1311156302690506, -0.0871557667851448, -0.9874791502952576], [0.0, 0.0, -0.0, 1.0]]}