{"line": [[12, 13], [51, 50], [2, 5], [23, 24], [2, 3], [9, 2], [4, 0], [0, 1], [6, 10], [57, 58], [58, 60], [54, 55], [56, 54], [52, 53], [47, 48], [49, 47], [22, 17], [33, 35], [6, 7], [59, 58], [0, 6], [7, 11], [50, 47], [44, 46], [39, 40], [15, 18], [45, 44], [7, 8], [54, 52], [25, 15], [34, 33], [17, 25], [36, 29], [30, 31], [20, 22], [35, 36], [26, 23], [29, 31], [19, 20], [28, 29], [37, 35], [38, 36], [32, 33], [43, 44], [41, 42], [41, 39], [12, 18], [14, 15], [27, 25], [16, 17], [21, 22]], "linedir": [2, 3, 2, 2, 3, 1, 1, 3, 3, 3, 1, 3, 1, 3, 1, 3, 1, 1, 1, 2, 2, 3, 2, 1, 3, 1, 2, 2, 2, 0, 2, 2, 0, 3, 2, 2, 3, 1, 3, 3, 3, 3, 3, 3, 3, 2, 3, 3, 3, 3, 3], "lineidx": [204, 437, 24, 225, 8, 45, 16, 7, 46, 456, 466, 446, 448, 444, 433, 434, 231, 266, 63, 457, 25, 64, 436, 379, 333, 235, 370, 41, 445, 234, 265, 236, 269, 257, 230, 271, 237, 270, 221, 256, 276, 279, 260, 369, 335, 334, 220, 213, 238, 217, 222], "junction": [[0.7548483773259399, -0.9709447120005362], [0.7595194632826726, -0.9999989999999999], [0.9892392650799764, -0.8811304036198984], [0.994441147239581, -0.9053475545485846], [0.7510966748135655, -0.9999989999999999], [0.9999989999999999, -0.8805397117396266], [0.8303803701989769, -0.9669827648504833], [0.8396713285262786, -0.9137245840626138], [0.999999, -0.9050467317073116], [0.9828519664395836, -0.9059748274265406], [0.8362244909226316, -0.9999989999999997], [0.8552907358216334, -0.9999990000000001], [-0.182269040080733, -0.4933833802905199], [-0.1822690324420403, -0.49338337975810975], [-0.22872355053344637, -0.3567720342636474], [-0.17351718110518408, 0.6282453493949586], [-0.7626147872341237, -0.2866732740568324], [-0.5742560411330234, 0.7039816383053247], [-0.1403175862471557, 0.4773486239419758], [-0.9999990000000001, 0.18571172603342836], [-0.8481171576051443, 0.7231486829051712], [-0.7877431544850391, -0.24167579411900833], [-0.5903685656325096, 0.7520090030430768], [-0.8844207776363588, 0.6697649367890793], [-0.862520859595359, 0.6721808934495793], [-0.34460105607240477, 0.7293167321413775], [-0.9999989999999999, 0.27060042656004313], [-0.45877814669093553, -0.2629897529839423], [-0.26477389845300164, -0.999999], [-0.22872354361936792, -0.35677203375003524], [-0.09983380132709564, -0.999999], [-0.09457740599423413, -0.7512629875521276], [-0.938368112626246, -0.9999990000000001], [-0.7877431544850391, -0.24167579411900833], [-0.999999, -0.258553677911538], [-0.7626147872341237, -0.2866732740568324], [-0.45877814669093553, -0.2629897529839423], [-0.8982433876919119, -0.999999], [-0.5435801436995714, -0.9999989999999997], [0.9649662808585252, 0.025701441380376038], [0.999999, -0.1085722575769518], [0.019552630474845643, -0.05329361718855496], [0.024452665486941538, -0.999999], [-0.00493440581645466, -0.999999], [-0.003947510117428526, -0.05525719681500863], [-0.16391247488492391, -0.06862324220229175], [0.020149618915478545, -0.16863405227284162], [-0.484362760055876, 0.7608614585512886], [-0.4705811949173198, 0.7154188468493495], [-0.4921798232848668, 0.713036127936118], [-0.5880602867116583, 0.7492607077911123], [-0.5885742491353927, 0.7466605988954369], [0.7886396641866311, 0.051233883875938156], [0.7971328301780861, 0.011677936154968573], [0.6058428525354457, 0.03572653513450785], [0.6123291559531092, -0.0037635344259048073], [0.6048737260036232, -0.004386480926917553], [-0.10571326902988469, -0.06376034470412435], [-0.10461885090118868, -0.024544633181304995], [-0.1622187330237433, -0.02943105024444398], [-0.09508364501133688, -0.06287217498966112]], "juncdpth": [-0.8424403606958499, -0.8372593025152127, -0.8374554457714449, -0.8330747468709251, -0.8575289394930383, -0.8371714159118447, -0.8404238625472447, -0.8142251841028827, -0.8101103480979688, -0.8495787156381945, -0.8345503893569519, -0.7993557094269274, -0.8814918830393393, -0.881491882818879, -0.8283352571115962, -1.0918781170764578, -0.8034733982665037, -1.067016258419165, -1.145034743004201, -0.8997708557823346, -1.0609028209669082, -0.7882857844998066, -1.0518286446524678, -1.0781068952269415, -1.077316253635394, -1.0589503251694379, -0.9535011688819081, -0.7954074650167766, -0.7155533440921247, -0.8283352569237965, -0.9501840154679075, -1.0029927201846032, -0.6617518222097655, -0.7882857844998066, -0.7939146735025406, -0.8034733982665037, -0.7954074650167766, -0.6821545004041982, -0.6713189274933318, -1.2787170387863087, -1.2339200315232353, -1.3180384694822171, -1.0539119556047252, -1.0552663990650164, -1.3190467087909372, -1.3259509732790389, -1.379998886262412, -1.172071611464049, -1.188029757677474, -1.1534561664593, -1.1761045777133132, -1.1750775655261394, -1.3824737652302876, -1.367743988971383, -1.390539697728816, -1.375809921469911, -1.4118471847365746, -1.4080736567224152, -1.4228034329813202, -1.4254849144564523, -1.4441109199890787], "junctype": [0, 0, 0, 1, 0, 0, 0, 0, 0, 1, 0, 0, 0, 1, 0, 0, 0, 0, 0, 0, 0, 0, 0, 0, 1, 0, 0, 0, 0, 0, 0, 0, 0, 0, 0, 0, 0, 0, 0, 0, 0, 0, 0, 0, 0, 1, 1, 0, 1, 1, 0, 1, 0, 1, 0, 1, 1, 1, 0, 1, 1], "junindex": [178, -1, 174, -1, -1, -1, 176, 166, -1, -1, -1, -1, 122, -1, 78, 76, 30, 31, 121, -1, 7, 2, 3, 21, -1, 27, -1, 26, -1, 75, -1, 213, -1, 2, -1, 30, 26, -1, -1, 249, -1, 251, -1, -1, 253, -1, -1, 84, -1, -1, 86, -1, 257, -1, 259, -1, -1, -1, 261, -1, -1], "K": [[3.125, 0.0, 0.0, 0.0], [0.0, 3.125, 0.0, 0.0], [0.0, 0.0, -1.0010005235671997, -0.010005001910030842], [0.0, 0.0, -1.0, 0.0]], "RT": [[0.1316165030002594, -0.991300642490387, 1.2665985593685036e-07, -1.9268919970727438e-07], [-0.6371957659721375, -0.08460135757923126, 0.7660443186759949, -0.7193920016288757], [-0.7593802809715271, -0.10082417726516724, -0.642787516117096, -0.7017656564712524], [-0.0, 0.0, -0.0, 1.0]]}