{"line": [[43, 44], [36, 37], [9, 17], [14, 9], [59, 60], [9, 10], [18, 20], [13, 15], [55, 56], [4, 6], [18, 19], [67, 68], [20, 41], [21, 40], [2, 4], [36, 34], [68, 71], [11, 16], [27, 22], [32, 30], [38, 35], [20, 21], [13, 11], [26, 24], [36, 38], [34, 35], [28, 29], [30, 29], [16, 42], [11, 12], [0, 2], [61, 59], [62, 63], [54, 55], [57, 58], [49, 50], [43, 53], [51, 52], [64, 65], [45, 46], [29, 31], [28, 33], [22, 23], [38, 39], [24, 25], [26, 27], [56, 57], [24, 22], [47, 48], [60, 62], [0, 1], [4, 5], [2, 3], [7, 8], [63, 58], [60, 56], [62, 57], [59, 55], [70, 71], [68, 69], [66, 64]], "linedir": [0, 2, null, 1, 1, 2, 1, 3, 1, 1, 3, 2, 3, 3, 2, 3, 1, 3, 1, 3, 3, 2, 1, 1, 1, 1, 3, 1, 2, 2, 1, 2, 1, 2, 1, 3, 3, 3, 2, 3, 2, 2, 2, 2, 2, 3, 2, 3, 3, 2, 3, 3, 3, 3, 3, 3, 3, 3, 3, 3, 3], "lineidx": [247, 158, 88, 74, 299, 70, 96, 75, 286, 63, 92, 368, 174, 173, 25, 164, 378, 78, 105, 133, 162, 95, 73, 101, 165, 154, 121, 128, 181, 72, 16, 304, 306, 283, 291, 260, 279, 276, 332, 256, 129, 149, 98, 163, 100, 106, 294, 99, 257, 307, 1, 46, 7, 64, 314, 321, 313, 320, 377, 369, 335], "junction": [[0.7203587755508544, 0.8224302769058724], [0.7358690561144318, 0.07105789548484531], [0.8042610894709473, 0.9666489506358147], [0.8234667860523943, 0.13676269238042812], [0.8772248119300207, 0.9674054551097788], [0.8977668649922204, 0.15362203699435478], [0.8980918581883378, 0.999999], [0.9106934305871479, 0.999999], [0.9328908988934617, 0.15374734294280978], [0.9648360819370028, 0.16296484103960485], [0.999999, 0.16309296578521468], [0.8536252447193692, 0.15346456056069174], [0.999999, 0.1539867529229338], [0.771159884272332, 0.10779493285081859], [0.9463020580085835, 0.15379518761855318], [0.7719531694958367, 0.07116187899368258], [0.8555984366584461, 0.07124999066800425], [0.965083087741317, 0.15386218945411223], [0.537081083662075, 0.11196987815099925], [0.537706791841844, 0.07048685173103593], [0.5640166226806104, 0.13482141961318336], [0.6575374471080299, 0.1351412598869942], [0.4973265300350192, -0.556534475301677], [0.9999990000000001, -0.5577275621472007], [0.48873212397941707, 0.07034572154017749], [0.999999, 0.07181903815347372], [0.4166709065658742, 0.009317955094335926], [0.4226783480105884, -0.5055435468075328], [0.49861272617048963, -0.6503448438517667], [0.5001566539923598, -0.7629613745513478], [0.4246483940378862, -0.6743826656639863], [0.999999, -0.7650126853776743], [0.42358945966650297, -0.5836286712325042], [0.9999989999999999, -0.6519291926615741], [0.41730068525834785, -0.5779033005231092], [0.49686475385136086, -0.650339320370156], [0.4164515485781668, -0.5040445548160515], [0.4226609979006567, -0.504056573735917], [0.4956138113341671, -0.5587726078957652], [0.9999989999999999, -0.5599792854080079], [0.6587257159693822, 0.0708355916940629], [0.565035084808198, 0.07056560361176355], [0.9999990000000002, 0.07166591451739375], [-0.3785600573390312, 0.6350372963086046], [-0.3785541173762193, 0.635035832229415], [-0.12496941378134087, 0.5725357690169425], [-0.1234494272818609, 0.9999989999999999], [-0.07398846712701024, 0.3650002014999359], [-0.07265945800600045, 0.999999], [-0.7832529063932305, 0.6603903705640494], [-0.7756655594052446, 0.9999989999999997], [-0.7570450699292965, 0.6321337815245665], [-0.7491078232812752, 0.999999], [-0.3746220165518527, 0.9999990000000001], [-0.999999, 0.6586739644860812], [-0.7832520897689714, 0.6603889620143012], [-0.7570442077201874, 0.6321321981216638], [-0.14077061428071885, 0.636860018139332], [-0.06604726752551825, 0.33267280324199344], [-0.8153153230081318, -0.7747585939356012], [-0.7870596441606531, -0.7589859877110601], [-0.999999, -0.7739737634249872], [-0.1463823831231247, -0.7616223560203438], [-0.06777737455835627, -0.5941977587583932], [0.01746661876919947, -0.5801761935101556], [0.4209415877418883, -0.5812180189534593], [0.016706470533934998, 0.9999989999999996], [-0.06775079101277727, -0.579956150948533], [-0.013388418889635373, -0.5800965217442244], [-0.012805410554374487, 0.9999989999999999], [0.00976530574240644, 0.9999989999999999], [0.010188389640598847, -0.5049495678773672]], "juncdpth": [-0.9761475190700311, -0.9555726338814211, -0.8626209873150605, -0.8425019801183878, -0.8620950515667976, -0.842369108972758, -0.8400291583640223, -0.8272874329883613, -0.8076026212438535, -0.6500065604809379, -0.6498157565430096, -0.6424266256093071, -0.6416416663564831, -0.7193930721084564, -0.6639587422178139, -0.7186537947922507, -0.6409449904211706, -0.6498401953259926, -0.7115995549266172, -0.7107714871551877, -0.6717656306372131, -0.6712396984155984, -0.6315256878824798, -0.6288757130827747, -0.6426311635295066, -0.6398884489603691, -0.781349082633286, -0.7702436202077245, -0.6249860143906282, -0.6279522691433633, -0.7666702341364732, -0.6253321396935269, -0.7685868605023118, -0.6223702069071773, -0.7736716633607956, -0.6249951722876664, -0.7752491832791442, -0.7752088044348413, -0.6265726922060149, -0.6239345583543788, -0.6700288468189605, -0.6705547789138213, -0.6401723987695063, -0.6560900277334115, -0.6560910851168713, -0.7045676269060348, -0.7132423468229776, -0.9336125675514626, -0.9506880745163033, -0.6382767929077684, -0.6445202018939983, -0.6581937552483954, -0.6651676678227736, -0.662986781898485, -0.639451288857926, -0.6382768546479818, -0.6581938737483057, -0.6547753162684996, -0.9834050988253403, -0.6131760160444599, -0.6330930377422284, -0.6141373634560816, -0.629674477673374, -0.9583042603519698, -1.012331091280338, -1.0089049608785174, -1.0584057183682827, -1.0130576982257733, -1.0125940566074456, -1.0586783284740975, -1.3993613316962588, -1.341223757156367], "junctype": [0, 1, 0, 1, 0, 1, 0, 0, 1, 0, 0, 0, 0, 0, 1, 1, 0, 1, 0, 1, 0, 0, 0, 0, 0, 0, 0, 0, 1, 0, 0, 0, 1, 0, 0, 0, 0, 1, 0, 0, 1, 1, 0, 0, 1, 1, 0, 1, 0, 0, 0, 0, 0, 0, 0, 0, 0, 0, 0, 0, 0, 0, 0, 0, 0, 1, 0, 1, 0, 0, 0, 0], "junindex": [229, -1, 178, -1, 176, -1, -1, -1, -1, 57, -1, 52, -1, 98, -1, -1, 53, -1, 94, -1, 61, 59, 48, -1, 49, -1, 142, 138, -1, 46, 136, -1, -1, -1, 149, 14, 150, -1, 15, -1, -1, -1, -1, 24, -1, -1, -1, -1, -1, 0, -1, 28, -1, -1, -1, 11, 41, 38, 238, 10, 40, -1, 39, 239, 250, -1, -1, -1, 252, -1, -1, 308], "K": [[3.125, 0.0, 0.0, 0.0], [0.0, 3.125, 0.0, 0.0], [0.0, 0.0, -1.0010005235671997, -0.010005001910030842], [0.0, 0.0, -1.0, 0.0]], "RT": [[0.026397036388516426, -0.9996515512466431, 1.3480894267559052e-07, 1.4861437591662252e-07], [-0.08712539821863174, -0.0023005197290331125, 0.9961947202682495, -0.18677523732185364], [-0.9958475828170776, -0.026296596974134445, -0.0871557742357254, -0.9874791502952576], [-0.0, 0.0, -0.0, 1.0]]}