{"line": [[35, 36], [44, 45], [48, 49], [46, 47], [13, 22], [11, 12], [11, 19], [18, 21], [2, 3], [4, 5], [4, 9], [70, 69], [67, 68], [68, 71], [30, 31], [24, 32], [63, 66], [0, 6], [15, 17], [28, 29], [34, 25], [23, 33], [23, 24], [17, 18], [25, 23], [14, 16], [15, 20], [13, 11], [50, 46], [26, 27], [26, 30], [2, 4], [69, 68], [54, 53], [59, 56], [53, 51], [57, 55], [14, 15], [16, 20], [39, 40], [60, 61], [65, 63], [7, 8], [42, 43], [37, 38], [51, 52], [35, 41], [58, 55], [55, 56], [45, 52], [29, 26], [0, 1], [49, 51], [7, 10], [46, 53], [63, 64], [60, 62]], "linedir": [2, 2, 0, 0, null, null, 1, 3, 3, 3, 1, 3, 3, 1, 3, 3, 1, 2, 1, 3, 3, 3, 1, 1, 2, 3, 3, 2, 2, 3, 1, 2, 2, 2, 3, 0, 2, 2, 2, 3, 2, 2, 2, 3, 3, 1, 3, 3, 1, 3, 2, 3, 3, 3, 3, 3, 3], "lineidx": [204, 241, 247, 247, 88, 67, 83, 87, 8, 15, 55, 458, 456, 466, 119, 172, 379, 25, 82, 99, 174, 173, 94, 79, 95, 78, 84, 70, 249, 97, 103, 24, 457, 271, 314, 269, 294, 72, 181, 217, 334, 370, 41, 238, 213, 270, 220, 313, 291, 257, 100, 7, 256, 64, 279, 369, 335], "junction": [[0.5503655649868674, 0.05294775242047672], [0.6214191559381412, -0.890676215295997], [0.7765565610517332, 0.1663476963642553], [0.7787696255867843, 0.14584107733638832], [0.934774946108756, 0.19289636811979477], [0.9374864257310435, 0.17210098363584783], [0.5998374907378416, 0.06081853734255456], [0.5953456474032096, 0.11549333547291298], [0.999999, 0.1824437724354504], [0.9412106426087815, 0.1727171602860788], [0.6777773203597851, -0.8878664753424026], [0.41813812219509916, -0.7944147612199379], [0.4186371121737323, -0.8041483839988474], [0.314319781173262, -0.8008843468214334], [0.1741033167240042, -0.8191071450578353], [0.4876069008779022, -0.799929324675709], [0.1761030296011673, -0.9130781533259843], [0.5456652513700426, -0.8327398893597069], [0.6130875457829126, -0.8708422637944788], [0.4346149433597578, -0.8031709789799907], [0.4934219060472053, -0.8972659044485781], [0.6145898956454345, -0.8910166885121643], [0.3146903107391222, -0.8105070771301862], [0.055848223181251745, -0.8486886527080413], [0.12655193615594473, -0.8734645655128399], [-0.03656768461964598, -0.8540893673848988], [0.7475088259713393, -0.8843900065937886], [0.7579883425786401, -0.999999], [-0.19134031470199245, -0.999999], [-0.18976415165500016, -0.9311178118671967], [0.8681024204713133, -0.9637449617590786], [0.8718825123352207, -0.999999], [0.127195043055182, -0.9153157905952913], [0.056325434943748504, -0.9188489995180753], [-0.03687660136696466, -0.9234955931015599], [-0.3840106341505176, 0.40191869167161876], [-0.38401062750302073, 0.4019186931568128], [-0.5110232229232189, 0.5236521694959014], [-0.4754263999997794, 0.9999989999999999], [-0.999999, 0.6630123912754325], [-0.9496951736522202, 0.999999], [-0.35101265802177817, 0.999999], [-0.7759324405907443, 0.5794482972406463], [-0.7278211163278392, 0.9999990000000001], [-0.16500263665742868, -0.6358061871871308], [-0.16500167169598373, -0.6358061034070019], [-0.8906030462051322, -0.42291038890663646], [-0.8905968469835798, -0.42291100017463684], [-0.5840196700348623, -0.4531407340724033], [-0.5840177855205736, -0.45314091989303756], [-0.9999989999999997, -0.43658321495526997], [-0.5110232169612257, 0.5236521709455575], [-0.14825418082621916, 0.17596115392777664], [-0.7759324405907443, 0.5794482972406463], [-0.999999, 0.5212990865797584], [-0.706224052522415, -0.399867198341012], [-0.09609532624611439, -0.6658455031971366], [-0.999999, -0.43658460935136], [-0.7608276786191728, -0.9999989999999999], [-0.09921668718087294, -0.9266035621353169], [0.03523839314105312, 0.9022735468148187], [0.3928282076655805, 0.9999989999999999], [0.04479322742673784, -0.8493346981697449], [0.012398643648649814, 0.8960316887441437], [0.01574836913196066, -0.8510320573821634], [-0.3624001648593602, 0.7936032024534669], [0.03547125710557423, 0.85958453431922], [-0.047262281731368774, 0.879726999031541], [-0.047005676315269876, 0.9149212038878848], [-0.21072793813280874, 0.8694653501270225], [-0.2118548340155192, 0.8347456234175243], [-0.027512311572413906, 0.8851244536171644]], "juncdpth": [-0.839223381980787, -0.7432657063062541, -0.8128147672635109, -0.8105049519427978, -0.7986121537344371, -0.796302335694388, -0.8344620893473426, -0.8028221713054293, -0.7672012849995197, -0.8093614509520495, -0.7051823161389174, -0.5769255944296141, -0.5762379324444562, -0.5840269677948999, -0.5849294898390571, -0.5636255250372546, -0.578287121887036, -0.6010798767722978, -0.6513442850642086, -0.5865788695167559, -0.5569831517943316, -0.6497520872232858, -0.5833393076127407, -0.6211439687321239, -0.6551147038709217, -0.6282453009145286, -0.5407610804272567, -0.5332848069569388, -0.5996922152186637, -0.6046731395641887, -0.6590611455231992, -0.6562037479649931, -0.651802370870251, -0.6158812867290432, -0.622982618265615, -0.9035180743506019, -0.9035180735742201, -0.8440692675523487, -0.9072675130592965, -0.866421111859349, -0.9123139932173422, -0.9884556776455959, -0.8193591741692403, -0.873521379603977, -0.9339037561682517, -0.9339036428842813, -0.7138617811810084, -0.7138622641085034, -0.7385717174189271, -0.7385718745641168, -0.7248298838597139, -0.8440692668909859, -1.0394010358725132, -0.8193591741692403, -0.8451441948082573, -0.6961083924487184, -0.9763670891855794, -0.724829925626713, -0.6461496600278123, -0.945650888464389, -1.2642681964441582, -1.2111617451292163, -0.9945809453108578, -1.2678188519535567, -0.9981316008202562, -1.3290714508018926, -1.2889565177120827, -1.3647950427782274, -1.3722453304067503, -1.4006506406182124, -1.3932003529896895, -1.3907334349864084], "junctype": [0, 1, 0, 1, 0, 1, 1, 0, 0, 1, 1, 0, 1, 0, 0, 0, 0, 0, 0, 1, 0, 1, 1, 0, 0, 0, 0, 0, 0, 0, 0, 0, 1, 1, 1, 0, 1, 0, 0, 0, 0, 0, 0, 0, 1, 0, 0, 1, 1, 0, 0, 0, 0, 0, 0, 0, 0, 0, 0, 1, 0, 0, 1, 0, 1, 1, 1, 1, 0, 0, 1, 1], "junindex": [178, -1, 174, -1, 172, -1, -1, 166, -1, -1, -1, 55, -1, 57, 52, 51, 53, 70, 108, -1, 50, -1, -1, 59, 92, 61, 45, -1, -1, 49, 139, -1, -1, -1, -1, 122, -1, 78, -1, -1, -1, -1, 26, -1, -1, 212, 24, -1, -1, 77, -1, 75, 213, 26, -1, 38, 238, -1, -1, -1, 251, -1, -1, 253, -1, -1, -1, -1, 261, 263, -1, -1], "K": [[3.125, 0.0, 0.0, 0.0], [0.0, 3.125, 0.0, 0.0], [0.0, 0.0, -1.0010005235671997, -0.010005001910030842], [0.0, 0.0, -1.0, 0.0]], "RT": [[0.3857300579547882, -0.9226117134094238, 1.341104507446289e-07, -1.2937216808950325e-07], [-0.3604932129383087, -0.1507166177034378, 0.9205048680305481, -0.48278164863586426], [-0.8492685556411743, -0.3550664186477661, -0.39073115587234497, -0.8814317584037781], [-0.0, 0.0, -0.0, 1.0]]}