{"line": [[44, 45], [48, 49], [46, 47], [38, 36], [8, 17], [6, 7], [6, 14], [39, 40], [13, 16], [19, 41], [10, 12], [12, 13], [18, 19], [20, 43], [18, 42], [22, 26], [36, 34], [35, 36], [9, 11], [21, 25], [10, 15], [2, 3], [20, 18], [37, 39], [31, 32], [33, 34], [8, 6], [35, 33], [27, 28], [30, 32], [29, 30], [9, 10], [11, 15], [58, 56], [55, 53], [46, 52], [49, 50], [25, 26], [56, 57], [53, 54], [23, 24], [45, 51], [21, 22], [0, 1], [4, 5], [59, 54], [60, 61], [62, 63], [24, 21], [23, 22], [27, 30], [39, 35], [37, 33], [56, 53]], "linedir": [2, 0, 0, 2, null, null, 1, 1, 3, 3, 1, 1, 1, 3, 3, 1, 3, 1, 3, 1, 3, 2, 2, 3, 3, 1, 2, 3, 3, 1, 3, 2, 2, 2, 2, 3, 3, 3, 1, 1, 3, 3, 3, 3, 3, 3, 3, 3, 2, 2, 2, 2, 2, 3], "lineidx": [241, 247, 247, 155, 88, 67, 83, 165, 87, 172, 82, 79, 94, 174, 173, 104, 148, 147, 78, 103, 84, 30, 95, 162, 125, 145, 70, 146, 121, 126, 123, 72, 181, 307, 294, 279, 256, 119, 306, 291, 99, 257, 97, 7, 64, 314, 335, 369, 100, 98, 129, 163, 149, 313], "junction": [[0.624238908031663, 0.9999989999999999], [0.6395308831358778, 0.1494838158233355], [0.9092504990554994, -0.706129909338837], [0.999999, -0.7101834037180252], [0.6872161374064938, 0.999999], [0.7048429757131719, 0.10946584615671576], [0.5158132057268658, 0.20040775506149186], [0.5159484489053264, 0.19109492924549099], [0.41287413188533845, 0.1951601044335271], [0.2771517708385014, 0.17916099832392962], [0.5880572467568895, 0.1946985866303587], [0.277831021800335, 0.0920481557534311], [0.6232082649354005, 0.16382169033565075], [0.6636867443214081, 0.12826517907271218], [0.5270018885661386, 0.19164732799084064], [0.5895482572898649, 0.10462675702139192], [0.6640680052501318, 0.10781966434171726], [0.412981185270595, 0.18594911138342168], [0.14658863509853778, 0.15244963553472424], [0.20023950558705428, 0.12900123635124947], [0.05462385388881573, 0.14806167083459323], [0.837657659092518, 0.11482788846014377], [0.8543318518680181, -0.5939020784314732], [-0.08583973236456077, -0.562621204646868], [-0.08432482268701555, 0.0776052791481807], [0.8905674806293252, 0.042320504843773164], [0.9049307841278651, -0.5330790447674403], [-0.0863387810209006, -0.7735470638641003], [-0.08606722002718568, -0.6587738179131387], [0.8568415736600842, -0.7005767240677504], [0.8598392031649954, -0.8279896772469126], [0.9071986967501315, -0.6239332438593426], [0.9096514740908477, -0.7221932555783478], [0.8603657150053734, -0.7007329633041633], [0.9131565784778851, -0.6141631282670735], [0.8579108191433779, -0.596815631140666], [0.911077685713353, -0.5314468174166701], [-0.10006467715666771, -0.6581532548314235], [0.9048859239441814, -0.5312819282830861], [-0.09980752330061084, -0.564673141288323], [-0.08583670014954115, -0.5613397392308707], [0.2004639804567983, 0.08910287543155408], [0.1468586324290769, 0.08693870098561837], [0.05472341998447236, 0.08321898495578568], [-0.15139672734789358, 0.3576982396492763], [-0.15139596315341738, 0.3576982955520253], [-0.8368695989339655, 0.5798759418605168], [-0.8368631243579554, 0.5798752015228231], [-0.5281583985266781, 0.5445762499910387], [-0.5281569278043363, 0.5445760818207701], [-0.5213185021695814, 0.999999], [-0.1486459217894542, 0.999999], [-0.8268639094533284, 0.9999990000000002], [-0.6416169915560473, 0.6008529833837061], [-0.09119253930240362, 0.32783628781914004], [-0.9999989999999999, 0.562347434064427], [-0.6661436676881978, -0.7415716217835121], [-0.09988607498138685, -0.5932281089273072], [-0.9999989999999999, -0.7223047115454733], [-0.09349294891646537, -0.5648850680459816], [0.03885417304273167, 0.9999989999999999], [0.039880693370542654, 0.08261974904318113], [0.010932920129884234, 0.9999989999999997], [0.011222040078797721, 0.08146273155535785]], "juncdpth": [-0.8004485858833625, -0.7813087273909745, -0.7104265040904969, -0.7038334967987089, -0.7599466587736071, -0.740941649920223, -0.5986397353307915, -0.5984828152260543, -0.6053442023177655, -0.6059498640521379, -0.58583662189159, -0.6044682335939928, -0.6272085892937358, -0.6827305085584368, -0.6099166817952537, -0.5843549864382624, -0.6823385301399877, -0.605187282602061, -0.643957821903234, -0.6814817965999931, -0.650662245947115, -0.5690004302344209, -0.557895018630166, -0.6182348543505056, -0.6293403284884369, -0.6996743379034522, -0.6885688717750696, -0.6146614330345557, -0.6166007180935686, -0.5562609137062607, -0.5543216286435415, -0.6868475044455575, -0.6849954843858894, -0.5512917392360633, -0.6913466715378086, -0.5528692590195563, -0.6929241913213016, -0.6123020095088233, -0.693367258680212, -0.6138795292923163, -0.6209863066598235, -0.6807186711958335, -0.6427738771528589, -0.6494783010573909, -0.9444108168715268, -0.9444107332156509, -0.698503921764356, -0.6985045278137726, -0.7286476838465733, -0.728647833650979, -0.7382058225872764, -0.9618823577504164, -0.7069563081641399, -0.6817429025132482, -0.991315838544421, -0.7131528552961776, -0.6566420666393044, -0.9612096888047964, -0.6848250852656828, -0.9669256408595502, -1.0553077517347325, -1.0281411308434547, -1.0587829038962884, -1.031493332805356], "junctype": [0, 1, 1, 0, 0, 1, 0, 1, 0, 0, 0, 0, 0, 0, 1, 0, 1, 1, 0, 0, 0, 0, 0, 0, 0, 0, 0, 0, 1, 1, 0, 1, 0, 0, 0, 0, 0, 0, 1, 0, 1, 1, 1, 1, 1, 0, 0, 1, 1, 0, 0, 0, 0, 0, 0, 0, 0, 1, 0, 1, 0, 1, 0, 1], "junindex": [-1, -1, -1, -1, -1, -1, 55, -1, 57, 52, 51, 53, 70, 108, -1, 50, -1, -1, 59, 92, 61, 45, 44, 48, 49, 139, 129, 46, -1, -1, 42, -1, 127, 12, 143, 13, 144, 14, -1, 15, -1, -1, -1, -1, -1, 212, 24, -1, -1, 77, -1, -1, -1, 38, 238, -1, 39, -1, -1, -1, -1, -1, -1, -1], "K": [[3.125, 0.0, 0.0, 0.0], [0.0, 3.125, 0.0, 0.0], [0.0, 0.0, -1.0010005235671997, -0.010005001910030842], [0.0, 0.0, -1.0, 0.0]], "RT": [[0.33650150895118713, -0.9416829943656921, 1.3224780559539795e-07, 3.4232122914090723e-08], [-0.0820731446146965, -0.029327919706702232, 0.9961947202682495, -0.18677523732185364], [-0.9380995631217957, -0.3352210223674774, -0.0871557667851448, -0.9874790906906128], [-0.0, 0.0, -0.0, 1.0]]}