{"line": [[40, 41], [47, 48], [49, 50], [28, 19], [17, 18], [2, 3], [4, 5], [24, 27], [11, 9], [0, 8], [4, 14], [17, 25], [71, 70], [69, 72], [68, 69], [64, 67], [9, 10], [36, 37], [34, 35], [29, 30], [39, 31], [38, 29], [9, 15], [31, 29], [19, 17], [54, 53], [22, 20], [21, 26], [58, 56], [21, 23], [32, 33], [23, 24], [60, 57], [2, 4], [70, 69], [6, 13], [61, 62], [53, 51], [20, 21], [22, 26], [32, 36], [12, 6], [45, 46], [66, 64], [42, 43], [51, 52], [59, 56], [40, 44], [55, 53], [48, 52], [56, 57], [35, 32], [6, 7], [50, 51], [0, 1], [12, 16], [64, 65], [61, 63]], "linedir": [2, 2, 0, null, null, 3, 3, 3, 2, 2, 1, 1, 3, 1, 3, 1, 3, 3, 3, 1, 3, 3, 1, 2, 2, 2, 3, 3, 2, 1, 3, 1, 3, 2, 2, 1, 2, 0, 2, 2, 1, 2, 3, 2, 3, 1, 3, 3, 3, 3, 1, 2, 3, 3, 3, 3, 3, 3], "lineidx": [204, 241, 247, 88, 67, 8, 15, 87, 40, 25, 55, 83, 458, 466, 456, 379, 36, 119, 99, 94, 174, 173, 62, 95, 70, 271, 78, 84, 294, 82, 97, 79, 314, 24, 457, 51, 334, 269, 72, 181, 103, 41, 238, 370, 213, 270, 313, 220, 279, 257, 291, 100, 22, 256, 7, 64, 369, 335], "junction": [[0.4158963037036617, 0.08451434368416122], [0.4725122804592594, -0.9061779851199206], [0.6240165917709634, 0.2161308488494529], [0.6254939708860449, 0.19921265478025593], [0.7783077095440973, 0.2551048923696712], [0.7801970494884077, 0.23785280484993332], [0.8823260959720093, 0.26336155178794773], [0.999999, -0.6833666217408275], [0.4344327617125274, 0.08894827019455881], [0.9553745546176269, 0.19632978360590658], [0.9599228450799219, 0.1622156638863366], [0.9370723405062913, 0.19200086237300906], [0.4307518937220491, 0.15057197384178], [0.9999990000000001, 0.1099771575097794], [0.7905769667855957, 0.24044539425214614], [0.999999, 0.13706584056972743], [0.494207262224491, -0.911773873261382], [0.06189454989224751, -0.7883849227924805], [0.061961499430977895, -0.7972011682846433], [-0.030733799648339152, -0.797374105505644], [-0.16659494367708005, -0.8190178463772595], [0.11153632619315768, -0.7924690416280504], [-0.16850892287612074, -0.9130045892595051], [0.2279282830380645, -0.823695191344377], [0.3642936906326899, -0.8602798838138623], [0.08645561803947606, -0.7948631011814931], [0.1128855264389464, -0.8911111659011038], [0.36509972323577833, -0.8784725617314485], [-0.03076648934978232, -0.8060524465680086], [-0.23142897645821553, -0.8506525684966698], [-0.16750462023430626, -0.8636878912413212], [-0.3117822218573059, -0.8579332740909453], [0.3435462474431061, -0.8729131728874908], [0.3488479917158976, -0.999999], [-0.48740759398617683, -0.9999990000000001], [-0.4837538708575101, -0.9373157175563906], [0.6449226988579054, -0.950648610918167], [0.6487514410308894, -0.9999990000000001], [-0.23332173817703075, -0.9178204143952929], [-0.31429282561520305, -0.9241237424866006], [-0.485805667668991, 0.3670848363957013], [-0.4858056619268429, 0.36708483834176947], [-0.649265261105603, 0.47405896000150166], [-0.5996897255854963, 0.9999990000000001], [-0.4418491089102841, 0.9999989999999999], [-0.9129593600652746, 0.5055368252058619], [-0.8471204629683216, 0.9999989999999999], [-0.19615930712891716, -0.6416155200317036], [-0.19615789898473035, -0.6416153376150869], [-0.7391791787791032, -0.4797927633994507], [-0.7391761120921261, -0.47979293452516264], [-0.6492652560752848, 0.4740589618753031], [-0.17639868101691442, 0.16459724028778966], [-0.9129593600652746, 0.5055368252058619], [-0.999999, 0.4706440645241568], [-0.999999, -0.14814681095904186], [-0.8930170928013521, -0.43394826189716895], [-0.10448000624440003, -0.6689364303147208], [-0.9999990000000001, -0.4547516074644407], [-0.9578573423365375, -0.9999990000000001], [-0.10635772816193921, -0.8132679496680775], [0.043117336878508015, 0.9063594746529748], [0.2748645337689671, 0.999999], [0.05444101649775113, -0.7891082561334513], [0.021978914168819797, 0.897818306105182], [0.027723117163830968, -0.7917011132880449], [-0.46254246051979986, 0.7020431159190593], [0.0433268487520754, 0.8749897580242514], [-0.008299325209034666, 0.885584112976943], [-0.008265433417145336, 0.9120280826728195], [-0.15848913861304942, 0.8506036089130153], [-0.1591210215927815, 0.8246432591029575], [0.009777891274949975, 0.8928883738002394]], "juncdpth": [-0.8204483204010131, -0.722142726841823, -0.7865835640972367, -0.7847256975180189, -0.7672002959580349, -0.7653424263601658, -0.72815322160025, -0.6424691296374732, -0.8178782149822978, -0.7968114406854845, -0.7930359972798511, -0.7990830051495926, -0.7837558202931287, -0.8059049421144167, -0.7743778816280322, -0.8290769505788346, -0.6831226687278337, -0.5704604657996795, -0.5698440701346099, -0.5801521823500906, -0.5848263407398235, -0.555751369373894, -0.5781839747177546, -0.590266793701101, -0.6365871066300093, -0.5774119294895141, -0.549108996130971, -0.6351817052974207, -0.5795357887532057, -0.6237074036171775, -0.641275019030223, -0.6333990751808622, -0.5270778093685875, -0.5190673026191578, -0.6096979745535711, -0.6143029034132814, -0.6360952287044821, -0.6323411678738127, -0.6186477658971248, -0.6283394367199316, -0.9221018100308723, -0.9221018089712908, -0.8673177670747444, -0.9390176032896258, -1.0138351855609442, -0.8524154910008312, -0.9186658288147704, -0.9418253136051903, -0.941825062747107, -0.7618202201145317, -0.7618203740865125, -0.8673177661721376, -1.0473224557353389, -0.8524154910008312, -0.8689658676765056, -0.7782215678174328, -0.7226888217065254, -0.980956485649216, -0.7399353243030826, -0.6737679010112473, -0.9636381193775739, -1.261954572102277, -1.2111616463376178, -0.9994634759290015, -1.266800393442411, -1.004309296216686, -1.3890606329911115, -1.2799366895959483, -1.36840849489555, -1.374018742715446, -1.4127854036971956, -1.4071751558772994, -1.3858681812498015], "junctype": [0, 1, 0, 1, 0, 1, 0, 0, 1, 0, 1, 1, 0, 0, 1, 0, 1, 0, 1, 0, 0, 0, 0, 0, 0, 1, 0, 1, 1, 0, 1, 0, 0, 0, 0, 0, 0, 0, 1, 1, 0, 1, 0, 0, 0, 0, 0, 1, 0, 1, 0, 0, 0, 0, 0, 0, 0, 0, 0, 0, 1, 0, 0, 1, 0, 1, 1, 1, 1, 0, 0, 1, 1], "junindex": [178, -1, 174, -1, 172, -1, 164, -1, -1, 190, -1, -1, 166, -1, -1, -1, -1, 55, -1, 57, 52, 51, 53, 70, 108, -1, 50, -1, -1, 59, -1, 61, 45, -1, -1, 49, 139, -1, -1, -1, 122, -1, 78, -1, -1, 26, -1, -1, 212, -1, 77, 75, 213, 26, -1, -1, 38, 238, -1, -1, -1, 251, -1, -1, 253, -1, -1, -1, -1, 261, 263, -1, -1], "K": [[3.125, 0.0, 0.0, 0.0], [0.0, 3.125, 0.0, 0.0], [0.0, 0.0, -1.0010005235671997, -0.010005001910030842], [0.0, 0.0, -1.0, 0.0]], "RT": [[0.5264320373535156, -0.8502172231674194, 1.4901161193847656e-07, -1.0938956762629459e-07], [-0.3322064280509949, -0.2056932896375656, 0.9205048084259033, -0.48278164863586426], [-0.7826290726661682, -0.48458331823349, -0.39073115587234497, -0.8814316987991333], [-0.0, 0.0, -0.0, 1.0]]}