{"line": [[39, 40], [46, 47], [48, 49], [28, 29], [27, 18], [16, 17], [0, 1], [2, 3], [65, 67], [0, 12], [2, 14], [66, 65], [63, 64], [17, 24], [59, 62], [63, 68], [10, 8], [23, 26], [4, 5], [8, 9], [33, 34], [35, 36], [38, 30], [37, 28], [30, 28], [18, 17], [21, 19], [25, 20], [31, 32], [8, 4], [55, 54], [0, 2], [65, 63], [20, 22], [56, 57], [22, 23], [19, 20], [21, 25], [52, 50], [6, 13], [11, 6], [32, 35], [44, 45], [41, 42], [50, 51], [34, 32], [61, 59], [39, 43], [47, 51], [53, 54], [49, 50], [11, 15], [6, 7], [59, 60], [56, 58]], "linedir": [2, 2, 0, 1, null, null, 3, 3, 1, 1, 1, 3, 3, 1, 1, 1, 2, 3, 3, 3, 3, 3, 3, 3, 2, 2, 3, 3, 3, 1, 3, 2, 2, 1, 2, 1, 2, 2, 0, 1, 2, 1, 3, 3, 1, 2, 2, 3, 3, 1, 3, 3, 3, 3, 3], "lineidx": [204, 241, 247, 94, 88, 67, 8, 15, 460, 45, 55, 458, 456, 83, 379, 466, 40, 87, 19, 36, 99, 119, 174, 173, 95, 70, 78, 84, 97, 62, 314, 24, 457, 82, 334, 79, 72, 181, 269, 51, 41, 103, 238, 213, 270, 100, 370, 220, 257, 291, 256, 64, 22, 369, 335], "junction": [[0.44081682024050056, 0.25510094815500833], [0.44145023104707465, 0.24488894777435116], [0.5823554793927309, 0.30634724936510244], [0.5832194244638478, 0.2958798621950656], [0.9092330323500392, 0.17799620227640864], [0.9148191279043986, 0.13385923346758122], [0.6550191747526897, 0.3217044777844624], [0.7779877428666718, -0.9999990000000001], [0.79857385861459, 0.2601977827131112], [0.8037498854917235, 0.2141665188384778], [0.7586325546933861, 0.2467880644697438], [0.2447322455870102, 0.1741342956538383], [0.45132072448398386, 0.24843912305574709], [0.999999, 0.07227094720897886], [0.5925828716727068, 0.2992476653390547], [0.2821961690657404, -0.9262039339754722], [-0.29922300482194714, -0.7982813539848058], [-0.2989696328306631, -0.7913714945807702], [-0.3735561101710454, -0.802371327129876], [-0.4953967636535275, -0.8268408979182271], [-0.27319715410430756, -0.794492435266002], [-0.5009993843607234, -0.9194508214683573], [-0.10581510247484098, -0.8222520647441179], [0.09315972371078832, -0.8552512106117681], [-0.27687515856710093, -0.7950278898072621], [-0.27648926098961074, -0.892780661965826], [0.0936415081770001, -0.8977481997406842], [-0.3738661780350703, -0.809148123309139], [-0.5039166818321397, -0.858788492500719], [-0.49738325836113195, -0.8596771601995007], [-0.5676606383431676, -0.8674967668442359], [-0.09035787624929655, -0.9999990000000002], [-0.08895517698093916, -0.8701916136530379], [-0.7513815517252753, -0.9999989999999999], [-0.7467437266807401, -0.9483855453632203], [0.383387086705809, -0.9414751653826827], [0.38608921490579184, -0.9999990000000001], [-0.507666692443287, -0.9199655108442734], [-0.5718057835351424, -0.9275899787847363], [-0.568958074756727, 0.3257931453972585], [-0.5689580700796002, 0.32579314769829026], [-0.759484567130958, 0.415646678847871], [-0.695594238614991, 0.9999990000000001], [-0.5144409816180894, 0.999999], [-0.9999989999999999, 0.4981028173229517], [-0.9268782284920993, 0.9999989999999999], [-0.22161682394596793, -0.648274025408303], [-0.22161518747358006, -0.6482737259122066], [-0.8607954701579346, -0.5109246739475725], [-0.8607915161926085, -0.5109247417791554], [-0.7594845631683886, 0.41564668102699776], [-0.19948701640945263, 0.15154819574049425], [-0.999999, 0.42447930734472394], [-0.9999989999999999, -0.48101204363965755], [-0.11014460587072995, -0.672227636733181], [-0.1121868776500138, -0.8211953318611191], [0.04996035407599167, 0.9112230076778844], [0.20775362569163444, 0.9999989999999999], [0.0636031098393909, -0.8503493693527833], [0.031037013869824708, 0.9005765568650542], [0.03942787131239179, -0.8463400067724466], [-0.5488619017918677, 0.574319922743261], [0.05015638223069675, 0.8859115685201742], [0.03063679544785051, 0.9131986003083082], [0.0306976644544545, 0.9003856356629969], [-0.10345729199832877, 0.8373207451986922], [-0.10365587224541982, 0.8247970606851607], [-0.09372130651098352, 0.8303863416623125], [0.05006107822115136, 0.8982173602199599]], "juncdpth": [-0.7672022480258445, -0.7661014322570971, -0.7431236461347304, -0.7420228268459544, -0.8065213954396326, -0.8015965849208643, -0.7023779295469055, -0.5913600785074187, -0.7647377691605435, -0.7598129678002103, -0.7712559821315752, -0.7714495152541332, -0.7704474642356857, -0.8276297207662613, -0.746368872721652, -0.6690326909777907, -0.5731586831234887, -0.573644424215277, -0.5856838214565414, -0.5939832337067195, -0.5578652387955536, -0.587340869433806, -0.5885775368850723, -0.6297939842609308, -0.5775910706137533, -0.5512228655526306, -0.626553664449993, -0.5851980829191106, -0.63455737321057, -0.6357653893892115, -0.6465967227876446, -0.5158009306798743, -0.5239341831741315, -0.6283856449151017, -0.6322883585643888, -0.6209393734387492, -0.616593565453649, -0.629870061849063, -0.6419094105109736, -0.9451458650574652, -0.9451458637412141, -0.8963982714069944, -0.978732319459634, -1.0453060327187422, -0.9011902848608462, -0.9722844702929389, -0.9510719414869978, -0.9510715214954024, -0.7909008126386222, -0.7909008784187624, -0.8963982702857431, -1.0565689144836343, -0.8918764622788923, -0.762917833245533, -0.9858911439533847, -0.9679439673263424, -1.2592117823598805, -1.2111616536093481, -0.9891085035239905, -1.2652314392083985, -0.9959634036883621, -1.4823976030437396, -1.2736180955628698, -1.3733006376847627, -1.370577486985839, -1.4214580045980272, -1.4187348538991036, -1.4260280344290286, -1.3825485051400153], "junctype": [0, 1, 0, 1, 0, 1, 0, 0, 0, 1, 1, 0, 1, 0, 1, 1, 1, 0, 0, 0, 0, 0, 0, 0, 1, 0, 1, 1, 0, 1, 0, 0, 0, 0, 0, 0, 0, 1, 1, 0, 1, 0, 0, 0, 0, 0, 1, 0, 1, 0, 0, 0, 0, 0, 0, 1, 0, 0, 1, 0, 1, 1, 1, 0, 1, 0, 1, 1, 1], "junindex": [174, -1, 172, -1, 223, -1, 164, -1, 190, -1, -1, 166, -1, -1, -1, -1, -1, 55, 57, 52, 51, 53, 70, 108, -1, 50, -1, -1, 59, -1, 61, -1, 45, -1, 49, 139, -1, -1, -1, 122, -1, 78, -1, -1, -1, -1, -1, 212, -1, 77, 75, 213, -1, -1, 238, -1, 251, -1, -1, 253, -1, -1, -1, 261, -1, 263, -1, -1, -1], "K": [[3.125, 0.0, 0.0, 0.0], [0.0, 3.125, 0.0, 0.0], [0.0, 0.0, -1.0010005235671997, -0.010005001910030842], [0.0, 0.0, -1.0, 0.0]], "RT": [[0.6539532542228699, -0.756534993648529, 1.341104507446289e-07, -1.9913969140361587e-07], [-0.29560187458992004, -0.2555198073387146, 0.9205048084259033, -0.48278164863586426], [-0.6963940858840942, -0.6019671559333801, -0.39073115587234497, -0.8814316987991333], [-0.0, 0.0, -0.0, 1.0]]}