{"line": [[32, 33], [39, 40], [41, 42], [14, 15], [25, 13], [11, 12], [19, 15], [13, 18], [59, 60], [54, 58], [28, 29], [0, 1], [6, 7], [24, 22], [13, 12], [8, 6], [30, 31], [20, 16], [23, 17], [26, 27], [51, 52], [20, 23], [16, 17], [45, 43], [6, 0], [12, 15], [37, 38], [17, 21], [48, 47], [21, 22], [57, 56], [49, 50], [9, 2], [29, 27], [2, 4], [27, 30], [56, 54], [34, 35], [43, 44], [32, 36], [51, 53], [40, 44], [4, 5], [46, 47], [42, 43], [9, 10], [2, 3], [54, 55]], "linedir": [2, 2, 0, null, null, null, 2, 1, 2, 1, 3, 3, 3, 3, 2, 2, 3, 3, 3, 3, 2, 2, 2, 0, 1, 1, 3, 1, 3, 1, 3, 3, 2, 2, 1, 1, 2, 3, 1, 3, 3, 3, 3, 1, 3, 3, 3, 3], "lineidx": [204, 241, 247, 71, 88, 67, 77, 74, 457, 379, 99, 19, 36, 87, 70, 40, 119, 78, 84, 97, 334, 181, 72, 269, 62, 83, 238, 82, 314, 79, 371, 333, 41, 100, 51, 103, 370, 213, 270, 220, 335, 257, 29, 291, 256, 64, 22, 369], "junction": [[0.7585023480321065, 0.2379276509892447], [0.763755626327867, 0.18858701859215313], [0.3883210105105023, 0.3625311807057243], [0.46391171609259796, -0.9999989999999999], [0.8911085258291209, 0.12958262085367783], [0.9999989999999999, -0.7542002026453722], [0.6011076848844981, 0.31310484416061524], [0.6054723761065245, 0.26192188484156065], [0.5486653480148106, 0.28824138359652407], [0.04602771276176485, 0.1843932956343798], [0.05319115476846955, -0.932712778569313], [-0.6380567936368738, -0.8060085856737221], [-0.637822498406593, -0.8030092741965114], [-0.6898810411663223, -0.8152884939851714], [-0.45642131513747125, -0.8258622785513805], [-0.4562813610075338, -0.8233515988699137], [-0.7901662437855468, -0.8416851989793652], [-0.6369094504335563, -0.8057394812903087], [-0.681492651752406, -0.8161962782337308], [-0.4641500586242575, -0.8250005934438676], [-0.7988340558060267, -0.9316763174238457], [-0.43207254714356014, -0.8285769463110898], [-0.18384278723305406, -0.8562523102285575], [-0.6444202062607396, -0.9020578458155478], [-0.1850260664503081, -0.9091479128274385], [-0.690128508647783, -0.8182217810983988], [-0.5216537197151457, -0.9999990000000001], [-0.5139562062531099, -0.8766095659218198], [-0.9695290366772897, -0.999999], [-0.9652691859586899, -0.9632586813546384], [0.0976079346053379, -0.9371065644097624], [0.09834760031467427, -0.999999], [-0.6317103141252277, 0.28002340142879883], [-0.6317103105996975, 0.2800234039738372], [-0.8397260785331325, 0.35165050126595737], [-0.762064769198774, 0.999999], [-0.5674889248407572, 0.999999], [-0.9999989999999999, 0.8002851918274189], [-0.9695629506428345, 0.9999990000000001], [-0.24081255826760012, -0.6555682227419233], [-0.24081092035109067, -0.6555678027235399], [-0.9471000508486636, -0.5447145001267276], [-0.9470956051783087, -0.5447144099089312], [-0.8397260756892376, 0.35165050363158606], [-0.21699910577033477, 0.13722383883168757], [-0.999999, 0.34468814215054], [-0.999999, -0.5364118677037352], [-0.11298172385133222, -0.6756316162026584], [-0.11635966562878239, -0.9159405137488091], [0.9522716758153682, 0.9999990000000001], [0.999999, 0.6811368177184333], [0.05559694517178541, 0.9167514549464999], [0.16368979238904868, 0.9999990000000001], [0.06184313726563824, 0.19262403310763762], [0.03935684531662685, 0.9042441662667202], [0.05055023178176511, -0.9324515338310112], [-0.4779830465195685, 0.5058156202312676], [-0.49695900118565023, 0.23362381755663705], [0.05578396222701037, 0.8950703769384727], [0.04578603656844106, 0.9006537586244714], [0.055670388518531726, 0.9082370928309048]], "juncdpth": [-0.7756242613803204, -0.770289340523817, -0.6854002224015403, -0.5737194771043154, -0.7950538105649165, -0.7084798447086262, -0.7400609346326572, -0.734726020415573, -0.7514563602874419, -0.7662114156378479, -0.6630209181576837, -0.5861824995435359, -0.5863978251758297, -0.6004834667590897, -0.6099195769768703, -0.6101066557628192, -0.6121709925805616, -0.5699142782429787, -0.6015517048818451, -0.6121128314787436, -0.6055286293255819, -0.5960544619719732, -0.631135048129547, -0.5632719044934205, -0.6270988349037596, -0.6002681446873844, -0.5235675428502642, -0.5314089669384905, -0.6552874572965561, -0.658179306544207, -0.613973069211863, -0.6093552571070598, -0.9720734111767179, -0.972073409636753, -0.9305828306732914, -1.025417521971837, -1.0820804644480282, -1.0015935756863945, -1.0330350800892723, -0.9614122055062629, -0.9614116036260547, -0.8250855248558474, -0.8250854296384339, -0.9305828293614691, -1.0669090046609122, -0.9344597978571691, -0.8164138011283749, -0.9910475938860598, -0.9622775794999934, -0.8974344476665991, -0.8546022140746131, -1.2561085798795881, -1.2111617721925458, -1.1292386973477737, -1.26315135510794, -0.9834446001722509, -1.5378202606666926, -1.4791000352587107, -1.2683674693037754, -1.3810361856920248, -1.376349756615367], "junctype": [0, 1, 0, 0, 0, 0, 0, 1, 1, 0, 1, 1, 0, 0, 1, 0, 0, 0, 1, 1, 0, 0, 0, 0, 1, 1, 0, 0, 0, 0, 0, 0, 0, 1, 0, 0, 0, 0, 0, 1, 0, 1, 0, 0, 0, 0, 0, 0, 1, 0, 0, 0, 0, 1, 0, 1, 0, 1, 1, 1, 1], "junindex": [223, -1, 164, -1, 245, -1, 190, -1, -1, 166, -1, -1, 55, 57, -1, 72, 52, 51, -1, -1, 53, 70, 108, 50, -1, -1, -1, 45, -1, 49, 139, -1, 122, -1, 78, -1, -1, -1, -1, -1, 212, -1, 77, 75, 213, -1, -1, 238, -1, -1, -1, 251, -1, -1, 253, -1, 255, -1, -1, -1, -1], "K": [[3.125, 0.0, 0.0, 0.0], [0.0, 3.125, 0.0, 0.0], [0.0, 0.0, -1.0010005235671997, -0.010005001910030842], [0.0, 0.0, -1.0, 0.0]], "RT": [[0.7651010751724243, -0.64391028881073, 1.341104507446289e-07, 2.5198008302140806e-07], [-0.2515959143638611, -0.2989487051963806, 0.9205048680305481, -0.48278167843818665], [-0.592722475528717, -0.7042792439460754, -0.39073118567466736, -0.8814318180084229], [-0.0, 0.0, -0.0, 1.0]]}