{"line": [[15, 16], [14, 13], [11, 12], [47, 48], [45, 43], [46, 43], [43, 44], [34, 36], [24, 23], [38, 42], [22, 23], [23, 20], [0, 1], [6, 7], [8, 6], [31, 28], [20, 25], [18, 21], [25, 18], [29, 30], [6, 0], [4, 5], [13, 12], [19, 20], [10, 9], [41, 40], [32, 37], [9, 2], [27, 28], [2, 3], [26, 25], [2, 4], [40, 38], [38, 39], [34, 35], [28, 30], [34, 32], [15, 21], [17, 18], [32, 33]], "linedir": [2, 2, 2, 2, 3, 2, 1, 1, 2, 1, 3, 1, 3, 3, 2, 0, 2, 1, 0, 3, 1, 3, 1, 3, 3, 3, 1, 2, 3, 3, 3, 1, 2, 3, 3, 1, 2, 3, 3, 3], "lineidx": [204, 198, 193, 457, 434, 436, 433, 337, 230, 379, 222, 231, 19, 36, 40, 269, 236, 235, 234, 257, 62, 29, 197, 217, 64, 371, 343, 41, 256, 22, 238, 51, 370, 369, 335, 270, 334, 220, 213, 333], "junction": [[0.7137168034358262, -0.6825526735761878], [0.7222781971439995, -0.7354143098449643], [0.2956852959535333, -0.563420268462896], [0.3257926025245055, -0.9999990000000001], [0.8686826481398882, -0.7944417646686045], [0.9081995397638035, -0.9999989999999999], [0.5343578453406341, -0.6083483901408572], [0.5410160054832502, -0.6623328853615695], [0.4809349053038291, -0.6381093429591943], [-0.02185304629859241, -0.7570453678416513], [-0.02303785481293938, -0.9999990000000001], [-0.36305140504508854, -0.769479104044004], [-0.3614210051629372, -0.7683675753814037], [-0.5624266695673096, -0.7037135263928839], [-0.5639891691131611, -0.704903909518058], [-0.660511249820303, -0.6738846961490981], [-0.6605112464616183, -0.6738846934451976], [-0.8709772449304902, -0.6062474218492107], [-0.6787947494155789, 0.34927836827789355], [-0.999999, 0.005657375500157108], [-0.943617726778605, 0.21531528129386102], [-0.5186076904196286, 0.27100066202173906], [-0.9999989999999999, 0.2040621354083689], [-0.9908077828182629, 0.236416769871665], [-0.999999, 0.2238443165977067], [-0.8566609552223088, 0.3307761801407103], [-0.9999990000000001, -0.23702207542700016], [-0.9501715060738528, -0.999999], [-0.8709772422275179, -0.606247419383187], [-0.23814529809078167, -0.999999], [-0.22870138301123552, -0.8126550538095347], [-0.999999, -0.6154144931296749], [0.7537405317268032, 0.5433029038130095], [0.999999, -0.4959551773914663], [0.0548620404599974, -0.033662486620092094], [0.06465260467018964, -0.7042968866760126], [0.06784804520144418, -0.03994895568647815], [0.999999, 0.3755994144389566], [0.04027650591682078, -0.04570370514024626], [0.047424762613155, -0.7148018940609989], [-0.4389699646759194, -0.4413499161404148], [-0.46992885363976356, -0.7351319913175988], [0.055142116167688264, -0.05284712196541408], [-0.7737919301639422, 0.3452667159381593], [-0.7637491002160548, 0.3404411562034951], [-0.7751690389142252, 0.3392532191619964], [-0.7787568014058641, 0.3388800091060965], [0.05323750668207808, -0.05193189418698575], [0.05510637797348062, -0.05039912592382027]], "juncdpth": [-0.7517176115522155, -0.7428072541437591, -0.6756827076009646, -0.6132410453284916, -0.761086944597507, -0.7279710785573994, -0.7240189406908151, -0.7151085933821145, -0.7348791539389439, -0.7458270937529381, -0.707471330526623, -1.0965251883921938, -1.0958677241633117, -1.058936138723233, -1.0595936005757682, -0.9631581744203935, -0.9631581730836989, -0.9308430305835899, -1.1943859384733897, -1.1802545747611235, -1.2507748741092852, -1.2267010823101934, -1.2301306875351756, -1.2415419725899826, -1.2470265345036997, -1.2018695405160416, -1.0295958630289326, -0.8532598034382018, -0.9308430294449237, -0.9958972424413673, -1.0370213452770274, -0.9350951974959695, -1.069629157454103, -0.8062234652917065, -1.3080426957278162, -1.1099591139871936, -1.3112271303951, -1.1294668133904828, -1.3141558481936446, -1.1160722664530218, -1.5525693773580285, -1.450286343464598, -1.3178095342026974, -1.3362215624864762, -1.3383980137781186, -1.3338477309814212, -1.3391036515393429, -1.437964187137192, -1.437107169763553], "junctype": [0, 1, 0, 0, 0, 0, 0, 1, 1, 0, 0, 1, 0, 0, 1, 0, 1, 0, 0, 0, 0, 0, 0, 0, 0, 0, 0, 0, 0, 0, 0, 0, 0, 0, 0, 1, 1, 0, 0, 1, 0, 1, 1, 0, 1, 1, 1, 1, 1], "junindex": [223, -1, 164, -1, 245, -1, 190, -1, -1, 166, -1, -1, 194, 168, -1, 122, -1, 78, 76, -1, 31, 121, -1, 3, -1, 27, -1, -1, 75, -1, 213, -1, 249, -1, 251, -1, -1, -1, 253, -1, 255, -1, -1, 84, -1, -1, -1, -1, -1], "K": [[3.125, 0.0, 0.0, 0.0], [0.0, 3.125, 0.0, 0.0], [0.0, 0.0, -1.0010005235671997, -0.010005001910030842], [0.0, 0.0, -1.0, 0.0]], "RT": [[0.7980172634124756, -0.602634608745575, 1.4901161193847656e-07, 5.454486995404295e-08], [-0.3873661756515503, -0.5129555463790894, 0.7660444378852844, -0.7193920612335205], [-0.46164482831954956, -0.6113167405128479, -0.6427876353263855, -0.7017655968666077], [-0.0, 0.0, -0.0, 1.0]]}