{"line": [[37, 38], [10, 11], [7, 8], [9, 8], [39, 40], [35, 33], [18, 16], [14, 12], [17, 13], [31, 33], [14, 17], [12, 13], [30, 32], [46, 47], [28, 27], [25, 26], [8, 11], [13, 15], [36, 32], [34, 30], [45, 44], [21, 19], [29, 25], [22, 20], [15, 16], [4, 0], [40, 41], [24, 23], [20, 23], [19, 24], [38, 42], [0, 1], [26, 27], [25, 28], [19, 20], [32, 33], [30, 31], [43, 44], [5, 6], [3, 1], [2, 0]], "linedir": [2, null, null, 2, 0, 2, 3, 3, 3, 3, 2, 2, 3, 2, 3, 3, 1, 1, 2, 2, 3, 2, 2, 2, 1, 2, 3, 3, 1, 1, 3, 1, 1, 1, 3, 1, 1, 1, 3, 3, 3], "lineidx": [241, 71, 67, 70, 247, 155, 87, 78, 84, 148, 181, 72, 146, 332, 125, 123, 83, 82, 163, 149, 314, 98, 129, 100, 79, 30, 256, 119, 103, 104, 257, 21, 124, 126, 97, 147, 145, 291, 64, 29, 22], "junction": [[0.22817523596466924, -0.8013455668506918], [0.8927962870599565, -0.7219002220096294], [0.21692083370210158, 0.9999989999999999], [0.8506101427433793, 0.9999989999999999], [-0.09563407913200236, -0.7284986762415494], [-0.0979756121162176, 0.07164156181464497], [-0.09542391948730099, 0.999999], [-0.8144427923252823, 0.18101216069082307], [-0.8143563884670624, 0.18478233671387737], [-0.8230489866195158, 0.18172851821615268], [-0.6245883073846249, 0.165209160624238], [-0.6245243489350095, 0.16884986531690216], [-0.9264740963521945, 0.1475338215809212], [-0.8283780090355799, 0.18217209236517642], [-0.9285859819440552, 0.06645063132898023], [-0.6135766039621144, 0.16429257469278874], [-0.3504796117439256, 0.14239306679723657], [-0.8304220326908849, 0.09448568031514112], [-0.3509952823536004, 0.09004905628365667], [-0.7620309060854676, -0.597296609550015], [-0.7470033960566483, 0.11885913715931977], [-0.9999989999999999, -0.5404780409144462], [-0.999999, 0.04650354020962099], [-0.09353510941190739, 0.07131850974168744], [-0.09518498025981662, -0.5573498157352665], [-0.766995679751553, -0.8339019343339708], [-0.7642147233801245, -0.7013703972033614], [-0.09542404322778872, -0.6484552650955376], [-0.09572823032160196, -0.7643791244307364], [-0.999999, -0.7372750226055916], [-0.7897441652329784, -0.7041983133821799], [-0.07180084622575013, -0.6472872448320156], [-0.787472526601648, -0.599430690931134], [-0.07162152152551758, -0.5564677119101146], [-0.999999, -0.6360350617962451], [-0.09517411768831734, -0.5532107313678544], [-0.9999989999999999, -0.5473760517552201], [-0.24593117289804375, 0.33189986161895], [-0.24592969014223, 0.33190034089686177], [-0.999999, 0.4215397347104286], [-0.9782435652635887, 0.4225351177463277], [-0.9622389961841354, 0.9999990000000002], [-0.24128650196738147, 0.999999], [-0.9999989999999999, 0.4252269135531121], [-0.11127530163230394, 0.315234204977484], [-0.11203774246828928, 0.07266459921895205], [0.8922853456664604, -0.7010452801275007], [0.999999, -0.7163442671674636]], "juncdpth": [-0.5822995056993219, -0.6854460993748341, -0.6125113486032068, -0.7194410990626486, -0.6755075996754293, -0.6922035343470743, -0.7107125377902033, -0.6189895961117071, -0.6190552710106292, -0.6232089873927519, -0.6412915105632199, -0.6413571856566465, -0.6514783192074913, -0.6019450147864018, -0.6499966960559047, -0.6265340052781487, -0.6595328604085366, -0.6004633793330743, -0.6585639099124658, -0.5520476962423294, -0.5631530965053098, -0.6694921048158029, -0.6905260029956463, -0.6408177303797218, -0.6297122779914087, -0.5484743062557049, -0.5504701766211767, -0.628134758370256, -0.6261388906022285, -0.6627240208656486, -0.5468568187573694, -0.6300969838966094, -0.5484343385408623, -0.6316745036801024, -0.6496481158441006, -0.639027277909947, -0.6526359411026813, -0.9846621995064953, -0.9846614198515473, -0.8576517040447776, -0.8564250206582676, -0.8706695513735379, -1.0036093390724334, -0.8531240405472492, -1.012538805270756, -1.005648565520815, -0.7262059682941198, -0.7011232146604051], "junctype": [0, 0, 0, 0, 1, 1, 0, 1, 0, 1, 1, 0, 0, 0, 0, 0, 0, 0, 1, 0, 0, 0, 0, 0, 0, 0, 0, 0, 0, 0, 0, 0, 0, 0, 0, 1, 0, 1, 0, 0, 0, 0, 0, 0, 0, 1, 1, 0], "junindex": [163, 244, -1, -1, -1, -1, -1, -1, 55, -1, -1, 72, 52, 51, 53, 70, 108, 50, -1, 44, 45, -1, -1, 139, 129, 42, 43, 128, 127, -1, 12, 143, 13, 144, -1, -1, -1, -1, 212, -1, 77, -1, -1, -1, 238, -1, -1, -1], "K": [[3.125, 0.0, 0.0, 0.0], [0.0, 3.125, 0.0, 0.0], [0.0, 0.0, -1.0010005235671997, -0.010005001910030842], [0.0, 0.0, -1.0, 0.0]], "RT": [[0.8287093043327332, -0.5596793293952942, 1.341104507446289e-07, -2.0421052226993197e-07], [-0.04877938702702522, -0.07222671806812286, 0.9961946606636047, -0.18677523732185364], [-0.5575495362281799, -0.8255558609962463, -0.0871557667851448, -0.9874791502952576], [-0.0, 0.0, -0.0, 1.0]]}