{"line": [[34, 35], [41, 42], [14, 15], [11, 12], [28, 29], [31, 32], [33, 32], [30, 29], [13, 12], [54, 58], [27, 20], [16, 17], [0, 1], [6, 7], [21, 19], [26, 25], [8, 6], [20, 17], [51, 52], [22, 23], [24, 23], [46, 44], [39, 40], [12, 15], [6, 0], [32, 29], [17, 18], [18, 19], [57, 56], [9, 2], [54, 55], [51, 53], [56, 54], [2, 4], [44, 45], [23, 25], [36, 37], [43, 42], [34, 38], [42, 45], [47, 48], [43, 44], [10, 9], [4, 5], [49, 50], [2, 3]], "linedir": [2, 2, null, null, 3, 3, 2, 2, 2, 1, 2, 2, 3, 3, 3, 3, 2, 3, 2, 3, 2, 0, 3, 1, 1, 1, 1, 1, 3, 2, 3, 3, 2, 1, 1, 1, 3, 1, 3, 3, 1, 3, 3, 3, 3, 3], "lineidx": [204, 241, 71, 67, 188, 195, 198, 193, 70, 379, 181, 72, 19, 36, 87, 119, 40, 84, 334, 97, 100, 269, 238, 83, 62, 197, 82, 79, 371, 41, 369, 335, 370, 51, 270, 103, 213, 248, 220, 257, 291, 256, 64, 29, 333, 22], "junction": [[0.5700308664061114, 0.28739323018665686], [0.574258726211764, 0.23492121456164688], [0.09676838904232886, 0.3818609117330084], [0.11592531159642049, -0.9999990000000001], [0.7330805470131386, 0.18604644488337144], [0.854243654718497, -0.999999], [0.37029879039131147, 0.3508700464457785], [0.3731541087110685, 0.29680781057213096], [0.3173003587874926, 0.3139958716925028], [-0.15510681813151525, 0.18053629919367706], [-0.18060433802582582, -0.999999], [-0.932743524469333, -0.8264515824019578], [-0.9322297318983142, -0.8219410394746419], [-0.9407940108677971, -0.8258398857973979], [-0.7336652791569352, -0.841578058079574], [-0.7332733646109458, -0.8371957991574268], [-0.999999, -0.8459958781748957], [-0.954151990575607, -0.8248249122384578], [-0.7287225518028931, -0.841953619181113], [-0.44932435083603844, -0.8631830003733572], [-0.9649867584893987, -0.9177898161474605], [-0.45247397287880564, -0.9208390530875716], [-0.9089318346329, -0.9999989999999999], [-0.897113653329991, -0.8912738659752453], [-0.9999990000000001, -0.9304346228369061], [-0.19452410023873842, -0.937990775224619], [-0.1959773930116639, -0.999999], [-0.9999990000000001, -0.9310941273713478], [-0.3424980577381921, 0.15012197757488543], [-0.34213106947697314, 0.15784955216587437], [-0.3491086607493571, 0.15175139441137558], [-0.5491342228866157, 0.20105476630110816], [-0.5485255509517788, 0.20899213359773824], [-0.5548654967397612, 0.20246744137705489], [-0.6735271629634525, 0.2317158011559678], [-0.6735271606104164, 0.23171580383812257], [-0.8900836018072348, 0.2850937924635578], [-0.8001682022624761, 0.9999990000000001], [-0.6009553327374879, 0.9999989999999999], [-0.9999989999999999, 0.8672213996351733], [-0.9795553700578579, 0.9999990000000001], [-0.25341827641982084, -0.6632768278216046], [-0.2534168492453446, -0.6632762981878877], [-0.998826753297805, -0.5795083384002467], [-0.8900836000625483, 0.2850937949075751], [-0.22861826527772527, 0.12205227639063808], [-0.999999, 0.27118380031029765], [-0.9999989999999997, -0.5793773796715445], [-0.17352563521748005, -0.6722550244136404], [0.8291364154849524, 0.9999989999999999], [0.9999989999999999, -0.31104699639573663], [0.05987823764799866, 0.9228150676857058], [0.13195285054573008, 0.999999], [0.06514351590812846, 0.35658305528263534], [0.046732844903148794, 0.9087378071487265], [0.050814220697102036, 0.34512960641527435], [-0.36277617199033946, 0.4701989795195179], [-0.3787403282868773, 0.16692097687872093], [0.06005858642132053, 0.9034202239932574]], "juncdpth": [-0.7518511335975074, -0.7463157753358937, -0.6776448798621617, -0.5656613642483942, -0.7653737654366076, -0.6568155188045343, -0.7233985259150586, -0.717863173061709, -0.7396588468590054, -0.7681722761268519, -0.6597232828150555, -0.6080657574895724, -0.6084008886903911, -0.6131389114074627, -0.627034119767572, -0.627369251799947, -0.617662916599171, -0.5915963510937168, -0.6125099335978152, -0.640576325658027, -0.5849539788640641, -0.6361173553697078, -0.5421722742142178, -0.549314591407918, -0.6036300251660178, -0.6153704006173419, -0.6108071496689557, -0.6046368717487762, -1.1377744972711024, -1.1389949313888672, -1.143693623088876, -1.0998376564740868, -1.1010580897952629, -1.1057567784283906, -1.0022095895547127, -1.0022095878295927, -0.9690148458047849, -1.0779034831821164, -1.1232369500252608, -1.076920039439688, -1.0993956734373005, -0.9725866734247577, -0.9725858967224383, -0.8635174689098042, -0.9690148443352378, -1.078083273617419, -0.9774515213731834, -0.8633648861077636, -0.9859323901322511, -0.8477089260461721, -0.7028668705651079, -1.2527221283550918, -1.2111615262953446, -1.1514679794497913, -1.2606116802645135, -1.159357531359213, -1.568304957140103, -1.502200069952873, -1.263617820748071], "junctype": [0, 1, 0, 0, 0, 0, 0, 1, 1, 0, 0, 1, 0, 1, 1, 0, 0, 0, 0, 0, 0, 1, 0, 0, 0, 0, 0, 0, 1, 0, 1, 1, 0, 1, 0, 1, 0, 0, 0, 0, 0, 1, 0, 0, 0, 0, 0, 0, 1, 0, 0, 0, 0, 1, 0, 1, 0, 1, 1], "junindex": [223, -1, 164, -1, 245, -1, 190, -1, -1, 166, -1, -1, 55, -1, -1, 72, -1, 51, 70, 108, 50, -1, -1, 45, -1, 139, -1, -1, -1, 194, -1, -1, 168, -1, 122, -1, 78, -1, -1, -1, -1, -1, 212, 77, 75, 213, -1, -1, -1, -1, -1, 251, -1, -1, 253, -1, 255, -1, -1], "K": [[3.125, 0.0, 0.0, 0.0], [0.0, 3.125, 0.0, 0.0], [0.0, 0.0, -1.0010005235671997, -0.010005001910030842], [0.0, 0.0, -1.0, 0.0]], "RT": [[0.8570917844772339, -0.5151636004447937, 1.4901159772762185e-07, 1.82212531285586e-07], [-0.201290562748909, -0.3348923921585083, 0.9205046892166138, -0.4827815890312195], [-0.4742105305194855, -0.7889571189880371, -0.3907310962677002, -0.8814316391944885], [-0.0, 0.0, -0.0, 1.0]]}