{"line": [[13, 12], [11, 12], [14, 15], [38, 41], [16, 15], [25, 24], [24, 20], [0, 1], [6, 7], [23, 24], [8, 6], [32, 29], [20, 26], [26, 18], [30, 31], [18, 22], [15, 12], [6, 0], [10, 9], [19, 20], [4, 5], [9, 3], [13, 40], [28, 29], [33, 37], [2, 3], [27, 26], [38, 39], [35, 36], [40, 38], [29, 31], [3, 4], [35, 33], [21, 22], [17, 18], [33, 34]], "linedir": [2, 3, 3, 1, 2, 2, 1, 3, 3, 3, 2, 0, 2, 0, 3, 1, 1, 1, 3, 3, 3, 2, 3, 3, 1, 3, 3, 3, 3, 2, 1, 1, 2, 3, 3, 3], "lineidx": [193, 188, 195, 379, 198, 230, 231, 19, 36, 222, 40, 269, 236, 234, 257, 235, 197, 62, 64, 217, 29, 41, 371, 256, 343, 22, 238, 369, 335, 370, 270, 51, 334, 220, 213, 333], "junction": [[0.50780417333527, -0.6358081844293023], [0.5142341431551678, -0.6910163817941745], [-0.003126685691062651, -0.999999], [-0.0028298632185203925, -0.5516224738329873], [0.6888968496975697, -0.7381032355297014], [0.7293283848533217, -0.9999990000000001], [0.2907719719507245, -0.5756804198081558], [0.29456671085909997, -0.6317968239404052], [0.24078151868334768, -0.6172970172715897], [-0.22702883828659332, -0.766072686208354], [-0.23885614573471192, -0.9999990000000001], [-0.3472186893013501, -0.8045313706239244], [-0.34638959872627406, -0.7937175937924045], [-0.34865623621891423, -0.7959933646468672], [-0.5609499528503393, -0.7561207023698507], [-0.5595749288265055, -0.745138293566917], [-0.5676774992764521, -0.7545968961994736], [-0.9180182294998485, -0.675243843389033], [-0.7209002575517433, 0.2694156608725516], [-0.9999989999999999, -0.1362897853057496], [-0.9353056292663636, 0.11346031205161103], [-0.6993379876879595, -0.7247754647400657], [-0.5521916977408917, 0.21132975962229877], [-0.9999989999999997, 0.06763142239509641], [-0.9832971604583702, 0.1287033595707913], [-0.9999989999999999, 0.08990582536405918], [-0.8816663829659127, 0.23254514862230383], [-0.9999989999999999, -0.23608999280231996], [-0.9857834682864894, -0.9999990000000001], [-0.9180182278663349, -0.6752438408437329], [-0.2479561337370092, -0.9999990000000001], [-0.2389835068693483, -0.8290469114162701], [-0.9999990000000001, -0.6881042404010674], [0.6224479007225053, 0.6293173254033153], [0.9501351407324344, -0.9999989999999997], [0.05847781799258332, -0.027948570684089864], [0.06693229498353448, -0.5704294682083859], [0.999999, 0.4553171386546825], [0.046999699511858166, -0.041325478537274585], [0.053558598234600616, -0.5668240889308843], [-0.323776694119269, -0.47343825556329205], [0.05874822306308718, -0.04529909224787863]], "juncdpth": [-0.7340277988157113, -0.7248495221390483, -0.6080691171004394, -0.6718327593427365, -0.7383286517518817, -0.6973981311366328, -0.7124615679421638, -0.7032832997196111, -0.7272505315590615, -0.7494544743168507, -0.712344264844468, -1.1084079128112811, -1.1110609042270072, -1.4633115788736328, -1.079652912704957, -1.082305902847942, -1.0877873563976115, -0.963830564222661, -1.2273734475531777, -1.213414702995864, -1.2973443020234505, -0.9889911970128765, -1.2525340796274764, -1.268607570783115, -1.2901555476616569, -1.3086117291381199, -1.2432257036132492, -1.0961115120019107, -0.8975744703384043, -0.963830562962614, -1.0086322545083921, -1.0465012001572127, -0.9702394248569485, -1.0413334183421474, -0.6821929978548041, -1.3051616265434047, -1.14029983036068, -1.1002097524791505, -1.311926435594093, -1.151262988501268, -1.5757546337149746, -1.3139494522846562], "junctype": [0, 1, 0, 0, 0, 0, 0, 1, 1, 0, 0, 1, 0, 1, 1, 0, 1, 0, 0, 0, 0, 1, 0, 0, 0, 0, 0, 0, 0, 0, 0, 0, 0, 0, 0, 0, 1, 0, 0, 1, 0, 1], "junindex": [223, -1, -1, 164, 245, -1, 190, -1, -1, 166, -1, -1, 194, -1, -1, 168, -1, 78, 76, -1, 31, -1, 121, -1, 3, -1, 27, -1, -1, 75, -1, 213, -1, 249, -1, 251, -1, -1, 253, -1, 255, -1], "K": [[3.125, 0.0, 0.0, 0.0], [0.0, 3.125, 0.0, 0.0], [0.0, 0.0, -1.0010005235671997, -0.010005001910030842], [0.0, 0.0, -1.0, 0.0]], "RT": [[0.8830852508544922, -0.46921253204345703, 1.4901159772762185e-07, 1.9126458195017904e-09], [-0.3016040623188019, -0.5676361322402954, 0.7660443782806396, -0.7193920016288757], [-0.3594375252723694, -0.6764825582504272, -0.6427875757217407, -0.7017655968666077], [-0.0, 0.0, -0.0, 1.0]]}