{"line": [[37, 33], [11, 12], [51, 55], [22, 21], [24, 25], [27, 25], [36, 33], [15, 13], [16, 12], [20, 21], [0, 1], [6, 7], [23, 19], [17, 14], [8, 6], [48, 49], [42, 41], [54, 53], [25, 26], [30, 31], [6, 0], [38, 39], [9, 3], [13, 14], [18, 19], [53, 51], [41, 43], [51, 52], [48, 50], [44, 45], [40, 41], [32, 33], [3, 4], [28, 29], [34, 35], [10, 9], [4, 5], [2, 3], [46, 47]], "linedir": [1, null, 1, 1, 3, 2, 2, 1, 1, 3, 3, 3, 3, 3, 2, 2, 0, 3, 1, 3, 1, 3, 2, 1, 1, 2, 1, 3, 3, 1, 3, 3, 1, 3, 3, 3, 3, 3, 3], "lineidx": [229, 71, 379, 117, 195, 198, 227, 82, 83, 113, 19, 36, 119, 87, 40, 334, 269, 371, 197, 217, 62, 238, 41, 79, 103, 370, 270, 369, 335, 291, 256, 218, 51, 213, 220, 64, 29, 22, 333], "junction": [[0.3507937254706258, 0.32260471669648394], [0.3535057751167596, 0.26818142203286044], [-0.24083720832371755, -0.999999], [-0.20115806733554642, 0.37768246562886737], [0.5379272536664854, 0.2317731638824294], [0.6308554313624647, -0.9999990000000001], [0.11771201678050175, 0.3701738017539733], [0.11864852310638645, 0.31454664763964335], [0.07634276286617117, 0.3228985980316943], [-0.34811143748213774, 0.16287141979208444], [-0.40434152318837874, -0.9999990000000001], [-0.9658713668488433, -0.8616079162049097], [-0.9652475968354925, -0.8562970041545945], [-0.9787506272432097, -0.8609707661358715], [-0.6876871718892905, -0.8753699703599273], [-0.9999989999999999, -0.8599195869090592], [-0.9999990000000001, -0.8545580615597893], [-0.6926359824910748, -0.9346488239243177], [-0.999999, -0.9214485147002186], [-0.47407101357977305, -0.9440355263277747], [-0.46439608563810725, -0.9999989999999999], [-0.46223143960305313, -0.9610222951435278], [-0.47501057470999586, -0.9604971480019098], [-0.4772651766832346, -0.999999], [-0.5358282893592511, 0.15633903255353024], [-0.5347679611427317, 0.170598060204042], [-0.34923581595663883, 0.13961862811968742], [-0.5421164286944565, 0.1573788781626623], [-0.9121882628838277, 0.2185762428041086], [-0.8124039349104013, 0.9999990000000001], [-0.999999, 0.7685554964619022], [-0.964897135637934, 0.999999], [-0.6903929559807945, 0.1818988017230087], [-0.619116317307163, 0.9231800838372936], [-0.6948788911250118, 0.18264062370148323], [-0.6157683541554932, 0.999999], [-0.6248822388183953, 0.9058356905951868], [-0.6231074840070074, 0.9241721950171315], [-0.9999989999999999, 0.7488451118476357], [-0.9620212909757334, 0.999999], [-0.999999, -0.46907992474953425], [-0.9121882621681614, 0.2185762452353978], [-0.9999990000000001, 0.1993580868499557], [-0.3499139183190189, 0.12559508238080183], [-0.9999989999999997, -0.6153282276366557], [-0.38797251296612845, -0.6614784811415991], [0.6601216393876311, 0.9999989999999997], [0.8676399934361303, -0.9999990000000002], [0.06268936736552844, 0.9292692821247368], [0.10751724365831201, 0.999999], [0.06858361309197579, 0.3244303996972503], [0.052982811142730804, 0.9139542139137232], [0.05780925313336667, 0.32655746039464595], [-0.24429026394721026, 0.4449148020152782], [-0.2491418625547619, 0.3075415139516405], [0.06286436643329667, 0.9113117273353502]], "juncdpth": [-0.7357976630028736, -0.7301527033253317, -0.5673878521414322, -0.6793065180702635, -0.7429141577666033, -0.6334789800492596, -0.715168166707226, -0.7095232117647501, -0.735666580623456, -0.7772835169489918, -0.6691902335992037, -0.6524345390410022, -0.6528561600325853, -0.6375324115282925, -0.6578818871810661, -0.636096041728929, -0.6504505360008558, -0.6531813981816543, -0.5902380643063678, -0.6250968005208439, -0.6511023964134216, -0.6541514960687769, -0.653212870504791, -0.6209132951627652, -1.1270612277445313, -1.1292959398279443, -1.15315846921682, -1.1393564191213346, -1.010732807269997, -1.1348769118950368, -1.2186625194044567, -1.262996031576416, -1.1773388612667346, -1.3128814223060639, -1.0348005894349823, -1.167745852590848, -1.3230820946473032, -1.3123026917045035, -1.125282884213167, -1.1697056206952392, -0.921979620533826, -1.010732805679519, -1.0234631142187094, -1.0754531310862299, -0.9070105222047975, -0.9699553936136758, -0.8082344083401112, -0.6149241843808788, -1.2491379891010097, -1.2111617006615025, -1.1417822947750307, -1.2576767812288971, -1.1526725418507047, -1.590690488541172, -1.5597147285634618, -1.2591618998739174], "junctype": [0, 1, 0, 0, 0, 0, 0, 1, 1, 0, 0, 1, 0, 0, 0, 0, 0, 1, 0, 0, 0, 0, 1, 0, 1, 0, 1, 1, 0, 0, 0, 0, 1, 0, 1, 0, 1, 1, 0, 0, 0, 0, 0, 1, 0, 1, 0, 0, 0, 0, 1, 0, 1, 0, 1, 1], "junindex": [223, -1, -1, 164, 245, -1, 190, -1, -1, 166, -1, -1, 72, 70, 108, -1, -1, -1, -1, 139, -1, 157, -1, -1, -1, 168, -1, -1, 78, -1, -1, -1, -1, 126, -1, -1, -1, -1, -1, -1, -1, 75, -1, -1, -1, -1, -1, -1, 251, -1, -1, 253, -1, 255, -1, -1], "K": [[3.125, 0.0, 0.0, 0.0], [0.0, 3.125, 0.0, 0.0], [0.0, 0.0, -1.0010005235671997, -0.010005001910030842], [0.0, 0.0, -1.0, 0.0]], "RT": [[0.9276228547096252, -0.37351831793785095, 1.341104507446289e-07, 1.2734619758703047e-07], [-0.14594537019729614, -0.36245107650756836, 0.9205048084259033, -0.48278161883354187], [-0.3438253700733185, -0.853881299495697, -0.39073115587234497, -0.8814316987991333], [-0.0, 0.0, -0.0, 1.0]]}