{"line": [[36, 40], [11, 12], [14, 12], [23, 18], [22, 24], [0, 1], [6, 7], [8, 6], [29, 28], [39, 38], [12, 13], [25, 16], [16, 20], [21, 22], [10, 9], [6, 0], [9, 3], [27, 28], [4, 5], [2, 3], [26, 25], [28, 30], [38, 36], [36, 37], [33, 34], [31, 35], [17, 18], [3, 4], [33, 31], [19, 20], [15, 16], [31, 32]], "linedir": [1, 3, 2, 1, 1, 3, 3, 2, 0, 3, 1, 0, 1, 3, 3, 1, 2, 3, 3, 3, 3, 1, 2, 3, 3, 1, 3, 1, 2, 3, 3, 3], "lineidx": [379, 195, 198, 229, 231, 19, 36, 40, 269, 371, 197, 234, 235, 222, 64, 62, 41, 256, 29, 22, 238, 270, 370, 369, 335, 343, 218, 51, 334, 220, 213, 333], "junction": [[0.2761664702521785, -0.6052089842797489], [0.27977599044389145, -0.6617952881565421], [-0.3318086654775919, -0.9999989999999997], [-0.30117673398470896, -0.5638682719502613], [0.47576754723563375, -0.6948321731752266], [0.5086225362281285, -0.999999], [0.03143446438976249, -0.562778739003869], [0.03185406496076541, -0.6200048749373642], [-0.00406596881070617, -0.6139500935733062], [-0.42126871860353277, -0.789380624916133], [-0.4409263907915808, -0.9999990000000001], [-0.545089153227103, -0.8016383720902521], [-0.5430818897714164, -0.7849721096474085], [-0.4225173995975045, -0.8027593789940627], [-0.5504654579819085, -0.8008525103517734], [-0.9374159669870525, -0.7442914336543549], [-0.741781564862353, 0.18826780232532492], [-0.6942628451567648, -0.7798334517552697], [-0.5816432375662905, -0.049209055230250515], [-0.7178354706309596, -0.7763878092032737], [-0.5700598495857595, 0.1501211229071408], [-0.999999, -0.15941220186994476], [-0.9519809508286255, 0.027072790093823452], [-0.6012096450496909, -0.04517877518577475], [-0.9111934109579561, 0.01867140989170741], [-0.8822863210859225, 0.13622805570780622], [-0.999999, -0.3424748425923776], [-0.9910588830102675, -0.999999], [-0.937415966365822, -0.7442914311175708], [-0.9999989999999999, -0.7601893106770332], [-0.4240638755818464, -0.8193288006332304], [0.46483396448911923, 0.6989407050397723], [0.7258746356182757, -0.9999990000000001], [0.0606487031939093, -0.021929271482407496], [0.06951159307474805, -0.5693803353247583], [0.9999990000000001, 0.543645385004455], [0.05257941534643844, -0.0363209574199817], [0.06000942811700545, -0.5677329039297998], [-0.20482079891323438, -0.49539778227889303], [-0.20889938862146326, -0.5794227993926568], [0.06091111175523454, -0.038137962777266755]], "juncdpth": [-0.7228921005488816, -0.7135657091539811, -0.6134387083654679, -0.6758298733218124, -0.7217525265272509, -0.675130123073868, -0.7079982753719598, -0.6986718915214112, -0.7260385990479802, -0.7589854357717583, -0.7251479003231743, -1.1017002067017125, -1.1057721517542056, -1.1165825025048715, -1.1154134954607893, -0.9992693572825382, -1.2628122649611253, -1.1556123766187203, -1.3793654298310196, -1.0166455175342, -1.2801884245435269, -1.2753211693010937, -1.3396484942986984, -1.3772081896446975, -1.3439103244102943, -1.2866362631282646, -1.1351828200729885, -0.9451820722063975, -0.9992693559326593, -1.007801203234147, -1.0408602481207, -1.0195033021912914, -0.6528668628260111, -1.3021404875517697, -1.1361128147965724, -1.0695135354240546, -1.30938757687032, -1.1472649876173036, -1.5920247514317674, -1.560941878037092, -1.3103082880546204], "junctype": [0, 1, 0, 0, 0, 0, 0, 1, 1, 0, 0, 1, 0, 1, 1, 0, 0, 1, 0, 1, 0, 0, 0, 1, 1, 0, 0, 0, 0, 0, 1, 0, 0, 0, 1, 0, 0, 1, 0, 1, 1], "junindex": [223, -1, -1, 164, 245, -1, 190, -1, -1, 166, -1, -1, 168, -1, -1, 78, 76, -1, 126, -1, 121, -1, 3, -1, -1, 27, -1, -1, 75, -1, -1, 249, -1, 251, -1, -1, 253, -1, 255, -1, -1], "K": [[3.125, 0.0, 0.0, 0.0], [0.0, 3.125, 0.0, 0.0], [0.0, 0.0, -1.0010005235671997, -0.010005001910030842], [0.0, 0.0, -1.0, 0.0]], "RT": [[0.9460425972938538, -0.32404235005378723, 1.4901162614933128e-07, -5.8648325307331106e-08], [-0.20829053223133087, -0.6081044673919678, 0.766044557094574, -0.7193921804428101], [-0.24823078513145447, -0.7247107028961182, -0.6427876353263855, -0.7017657160758972], [-0.0, 0.0, -0.0, 1.0]]}