{"line": [[9, 10], [34, 38], [19, 22], [21, 14], [0, 1], [6, 7], [8, 7], [27, 26], [37, 36], [16, 14], [23, 12], [12, 17], [21, 17], [25, 26], [7, 0], [26, 28], [4, 5], [2, 3], [18, 19], [36, 34], [24, 23], [15, 16], [34, 35], [31, 32], [29, 33], [13, 14], [20, 21], [31, 29], [3, 4], [10, 17], [11, 12], [29, 30]], "linedir": [2, 1, 1, 1, 3, 3, 2, 0, 3, 2, 0, 1, 2, 3, 1, 1, 3, 3, 3, 2, 3, 3, 3, 3, 1, 3, 3, 2, 1, 3, 3, 3], "lineidx": [204, 379, 231, 229, 19, 36, 40, 269, 371, 227, 234, 235, 226, 256, 62, 270, 29, 22, 222, 370, 238, 219, 369, 335, 343, 218, 223, 334, 51, 220, 213, 333], "junction": [[0.029970203812988525, -0.593130887279946], [0.03036759384890365, -0.6503781861349449], [-0.6358570701283796, -0.9999989999999999], [-0.5818878978589441, -0.5990245713623585], [0.23819792880101212, -0.667810188140214], [0.2562138123023756, -0.999999], [-0.2327125779370365, -0.6283120422143484], [-0.22963360292877114, -0.5707245737974262], [-0.24283572839496478, -0.6274629516370612], [-0.71708099771763, -0.8272066518007748], [-0.7170809977016788, -0.8272066546345103], [-0.9314101431560223, -0.8113459745803244], [-0.7425626695680347, 0.10826106108276394], [-0.6395165699671549, -0.8329465363070713], [-0.5373055671055239, -0.10459475998310544], [-0.6298623849954001, -0.8336609605392534], [-0.5451058357539849, -0.22033548957785104], [-0.5727067158616208, 0.08916080216413429], [-0.999999, -0.48718899782948333], [-0.9001430621602249, -0.06665373537459442], [-0.6930415877774625, -0.8289856043523229], [-0.5820699903564935, -0.09991383659098688], [-0.8871344852921629, -0.06801400954322931], [-0.8608700328468253, 0.04425884254418743], [-0.9999990000000001, -0.5504767980625668], [-0.9701513082030758, -0.9999989999999999], [-0.9314101434605122, -0.8113459721235531], [-0.9999989999999999, -0.8369109017472092], [-0.613630467539066, -0.8348621468848141], [0.28641638697529104, 0.7479243676651159], [0.45462252859011865, -0.9999989999999997], [0.06131075221330536, -0.015752329474447394], [0.07177120247048033, -0.6538509601584435], [0.999999, 0.6445010980525631], [0.05687254915843333, -0.030809048306754943], [0.0663018766997906, -0.6533922143366457], [-0.0835757597721422, -0.5072835745723756], [-0.08507520837150814, -0.5832013581159314], [0.06156607029065567, -0.031327004707413314]], "juncdpth": [-0.7185890179864685, -0.7091853672319323, -0.629215074525195, -0.6875737013791308, -0.7117732768982192, -0.6617242301565933, -0.7013368752027105, -0.7107405188874445, -0.7309569865222466, -1.0454283392730206, -1.0454283409234386, -1.036271728367475, -1.2998146359900287, -1.184403207475822, -1.4097105561065857, -1.278805367708681, -1.4776419850561042, -1.3089712485459923, -1.2501030611012922, -1.388781153942972, -1.181787030167563, -1.4070943695328477, -1.3895207750761316, -1.3310138685684816, -1.145831219323737, -0.9948901959207591, -1.0362717269615627, -1.0511110196275748, -1.0499061232065592, -1.0046849796781443, -0.6329602724639481, -1.2990543962873284, -1.1097191633270747, -1.036493245923379, -1.3066023113010428, -1.1207779737471375, -1.6009717166629296, -1.5727548430656677, -1.3068635226516159], "junctype": [0, 1, 0, 0, 0, 0, 1, 0, 1, 1, 0, 0, 0, 1, 0, 1, 0, 0, 0, 0, 1, 0, 1, 0, 0, 0, 0, 0, 1, 0, 0, 0, 1, 0, 0, 1, 0, 1, 1], "junindex": [223, -1, -1, 164, 245, -1, -1, 190, -1, -1, 122, 78, 76, -1, 126, -1, 124, 121, -1, 3, -1, 115, -1, 27, -1, -1, 75, -1, -1, 249, -1, 251, -1, -1, 253, -1, 255, -1, -1], "K": [[3.125, 0.0, 0.0, 0.0], [0.0, 3.125, 0.0, 0.0], [0.0, 0.0, -1.0010005235671997, -0.010005001910030842], [0.0, 0.0, -1.0, 0.0]], "RT": [[0.985312819480896, -0.17075875401496887, 1.341104365337742e-07, -8.147821972670499e-08], [-0.10976171493530273, -0.6333468556404114, 0.7660443186759949, -0.7193920016288757], [-0.13080869615077972, -0.7547933459281921, -0.6427876353263855, -0.7017655968666077], [-0.0, 0.0, -0.0, 1.0]]}