{"line": [[36, 35], [22, 24], [18, 12], [35, 38], [0, 1], [1, 4], [7, 8], [37, 38], [34, 35], [23, 22], [12, 14], [19, 10], [21, 22], [10, 16], [16, 18], [39, 40], [8, 1], [5, 6], [2, 3], [13, 14], [32, 30], [32, 33], [11, 12], [17, 18], [15, 16], [27, 25], [3, 6], [20, 19], [25, 29], [9, 10], [30, 31], [27, 28], [25, 26]], "linedir": [1, 1, 1, 2, 3, 2, 3, 3, 3, 0, 2, 0, 3, 1, 2, 1, 1, 3, 3, 3, 2, 3, 3, 3, 3, 2, 1, 3, 1, 3, 3, 3, 3], "lineidx": [433, 270, 229, 442, 19, 26, 36, 440, 432, 269, 227, 234, 256, 235, 226, 454, 62, 29, 22, 219, 370, 371, 218, 223, 220, 334, 51, 238, 343, 213, 369, 335, 333], "junction": [[-0.2207166988457264, -0.6578461299179561], [-0.21783084535856181, -0.6005510014032909], [-0.8955985008136591, -0.9999990000000001], [-0.830000917480946, -0.6539759038161417], [-0.21317962200541807, -0.6578940060825219], [-0.0129970017514119, -0.999999], [-0.012059291434778777, -0.6591715398330654], [-0.48452465996095495, -0.6561703989113963], [-0.47818421966364977, -0.5988490059058148], [-0.9027658127415301, -0.8748145424933937], [-0.7248773701392711, 0.031418544140966176], [-0.5447845998892589, -0.655787622556337], [-0.4823751898840018, -0.15402238340785848], [-0.5078846194446667, -0.6560220144265104], [-0.46277075527210854, -0.2669379126468328], [-0.6650741280960843, -0.6550235330598393], [-0.5610377181288654, 0.030014918054597082], [-0.5939630589414294, -0.6554752367271143], [-0.5259103020291558, -0.15367518848091757], [-0.8200625996114316, -0.04150539617781415], [-0.999999, -0.8677743862003429], [-0.9273388170865002, -0.999999], [-0.9027658138693546, -0.8748145401719236], [-0.9999989999999999, -0.9265230432506156], [-0.8718995562321803, -0.8749885687653557], [0.0946721428789979, 0.7730512753424372], [0.15155020274474212, -0.9999989999999999], [0.06043653299145108, -0.00957116387998524], [0.07646775081183932, -0.9999989999999999], [0.9999989999999997, 0.7631013775783303], [0.05976501390077473, -0.024922019625093755], [0.07530848988989186, -0.9999990000000001], [0.038583387445157415, -0.5091317713381299], [0.043057136965660645, -0.9999989999999999], [-0.5488980453460256, -0.033466488618084066], [-0.5402296495046423, 0.025876335348492055], [-0.5616384296377518, 0.02605947128606807], [-0.5388156306688173, -0.08618997448264537], [-0.5304770767858532, -0.027221098598994173], [0.27114807266340357, 0.7720427467371656], [0.5003484569224975, 0.769523053364736]], "juncdpth": [-0.7117966033549074, -0.7212265559262221, -0.6550034881226644, -0.7067704333408624, -0.7422811080233659, -0.6575164319067958, -0.7086410353790411, -0.71118994368876, -0.7206198893518261, -1.073911601501912, -1.3374545091036332, -1.2732141935121446, -1.4379416515555268, -1.373028257629366, -1.5068796776692748, -1.1288360766902057, -1.33816231635399, -1.273011956296599, -1.4377394102277936, -1.3752478195028115, -1.127790591663446, -1.0454546714030222, -1.0739116000751672, -1.106660071688101, -1.0740185630482064, -0.9972497645315087, -0.6229719631435083, -1.2959810951142592, -1.0242805053990054, -1.0001807924177202, -1.3036408537982462, -1.0345704424655435, -1.6023721729670393, -1.4358789693878022, -1.4737398303430438, -1.497387078799114, -1.4972835311166124, -1.5043789222574946, -1.5280261820188088, -1.088887612053667, -1.0896965311814124], "junctype": [1, 0, 0, 0, 1, 0, 0, 1, 0, 0, 0, 1, 0, 1, 0, 1, 0, 1, 0, 0, 0, 0, 0, 0, 1, 0, 0, 0, 0, 0, 0, 0, 0, 0, 1, 0, 1, 1, 0, 0, 0], "junindex": [-1, 223, -1, 164, -1, -1, 245, -1, 190, 78, 76, -1, 126, -1, 124, -1, 121, -1, 115, 27, -1, -1, 75, -1, -1, 249, -1, 251, -1, -1, 253, -1, 255, -1, -1, 104, -1, -1, 106, 257, 281], "K": [[3.125, 0.0, 0.0, 0.0], [0.0, 3.125, 0.0, 0.0], [0.0, 0.0, -1.0010005235671997, -0.010005001910030842], [0.0, 0.0, -1.0, 0.0]], "RT": [[0.9999129176139832, -0.013199727050960064, 1.3457612624279136e-07, -1.5259999486261222e-07], [-0.008484724909067154, -0.6427316665649414, 0.7660444378852844, -0.7193920612335205], [-0.01011149026453495, -0.7659777402877808, -0.6427876353263855, -0.7017656564712524], [-0.0, 0.0, -0.0, 1.0]]}