{"line": [[22, 23], [23, 24], [19, 13], [30, 33], [0, 1], [7, 8], [31, 30], [1, 2], [32, 33], [29, 30], [20, 11], [13, 15], [5, 6], [27, 28], [11, 17], [17, 19], [4, 6], [8, 1], [3, 4], [14, 15], [12, 13], [18, 19], [21, 20], [16, 17], [10, 11], [9, 4], [26, 27], [25, 26]], "linedir": [2, 1, 1, 2, 3, 3, 1, 2, 3, 3, 0, 2, 3, 3, 1, 2, 2, 1, 3, 3, 3, 3, 3, 3, 3, 1, 1, 3], "lineidx": [262, 264, 229, 442, 19, 36, 433, 26, 440, 432, 234, 227, 34, 341, 235, 226, 35, 62, 29, 219, 218, 223, 238, 220, 213, 51, 343, 333], "junction": [[-0.4600038770376341, -0.6836362304417777], [-0.454079419136807, -0.6268667529724647], [-0.4254729456151992, -0.6811964987204389], [-0.28134162617193603, -0.999999], [-0.26166672543570174, -0.6696230132955743], [-0.17260704431057658, -0.999999], [-0.16829782046545388, -0.8820566379693977], [-0.7106540632033244, -0.7013455474210073], [-0.7015840013743835, -0.6448620805598929], [-0.999999, -0.7217887845893222], [-0.8131945176028457, -0.7085903910731678], [-0.6906607211077668, -0.04064459632521131], [-0.46449583626574104, -0.6276240999146016], [-0.41852023738070954, -0.19688006955868903], [-0.4080587478018954, -0.6799661244137908], [-0.3733086000840435, -0.3049068582217475], [-0.6239313052456377, -0.6392161822405541], [-0.5362461019232377, -0.025992818875852166], [-0.5105406978643496, -0.6309718858856483], [-0.460084041890304, -0.2005484968802243], [-0.762577735938713, -0.11971850301663503], [-0.880341752121457, -0.7133345792924524], [-0.17237635971314808, -0.9936852211658861], [-0.17126279715597434, -0.9960436990132487], [-0.16240471775434348, -0.9955241737825716], [-0.16255869523071362, -0.9999989999999997], [-0.10156424508260559, 0.7725950902174894], [0.9565914839349691, 0.9018304213179571], [0.9999989999999999, 0.7737575374833228], [-0.491255435167942, -0.12910684094856748], [-0.4781158391922995, -0.02604188566214653], [-0.5370510290261554, -0.03162204805719711], [-0.46951179519818376, -0.17894104731802363], [-0.45719821198682337, -0.07657524351666573]], "juncdpth": [-0.7213273326733192, -0.7307386098616684, -0.7511925255929556, -0.6626120292317756, -0.7124341584926457, -0.7794499969416865, -0.799407542983379, -0.7279776964359069, -0.7373889666012978, -0.7319904711046887, -1.1676333776526129, -1.3747892385589933, -1.3185098699103557, -1.4633515789949105, -1.4011423201683892, -1.5315701151620862, -1.17491285423306, -1.3670305171754755, -1.3207266380584226, -1.4655683469887872, -1.4182303488927435, -1.2285126879273591, -1.1523006841130776, -1.1539719283854053, -1.153603370447859, -0.6231519815362015, -0.997383764028694, -0.9608069255845306, -0.9191006146281557, -1.4864806715209375, -1.527332128873582, -1.530622059448655, -1.5167999939913008, -1.5576514580091385], "junctype": [1, 0, 1, 0, 0, 0, 0, 1, 0, 0, 1, 0, 1, 0, 1, 0, 1, 0, 1, 0, 0, 1, 1, 0, 1, 0, 0, 0, 0, 1, 0, 1, 1, 0], "junindex": [-1, 223, -1, -1, 245, -1, 247, -1, 190, -1, -1, 76, -1, 126, -1, 124, -1, 121, -1, 115, 27, -1, -1, 207, -1, -1, 249, 305, -1, -1, 104, -1, -1, 106], "K": [[3.125, 0.0, 0.0, 0.0], [0.0, 3.125, 0.0, 0.0], [0.0, 0.0, -1.0010005235671997, -0.010005001910030842], [0.0, 0.0, -1.0, 0.0]], "RT": [[0.9894770979881287, 0.14468979835510254, 1.341104507446289e-07, -2.0212199558500288e-07], [0.09300471842288971, -0.6360235810279846, 0.7660444378852844, -0.7193920612335205], [0.11083890497684479, -0.757983386516571, -0.6427876353263855, -0.7017656564712524], [-0.0, 0.0, -0.0, 1.0]]}