{"line": [[26, 27], [29, 28], [20, 14], [28, 26], [36, 35], [9, 10], [0, 1], [1, 4], [35, 38], [23, 24], [37, 38], [34, 35], [21, 12], [14, 16], [12, 18], [18, 20], [6, 8], [10, 1], [31, 26], [30, 28], [15, 16], [2, 3], [19, 20], [13, 14], [25, 24], [22, 21], [11, 12], [17, 18], [3, 6], [7, 8], [5, 6], [32, 33]], "linedir": [1, 1, 1, 2, 1, 3, 3, 2, 2, 2, 3, 3, 0, 2, 1, 2, 2, 1, 3, 3, 3, 3, 3, 3, 3, 3, 3, 3, 1, 3, 3, 3], "lineidx": [284, 291, 229, 288, 433, 36, 19, 26, 442, 263, 440, 432, 234, 227, 235, 226, 35, 62, 322, 314, 219, 22, 223, 218, 278, 238, 213, 220, 51, 34, 29, 333], "junction": [[-0.3751073096898177, 0.2648627006265257], [-0.3721919194443291, 0.32002285958326937], [-0.9999990000000001, -0.1263347228998802], [-0.9511341372677271, 0.2395835785477843], [-0.34965008373802764, 0.265979899152378], [-0.20777430345271028, -0.999999], [-0.17612873503653037, 0.27359493919406724], [-0.1305650295369421, -0.999999], [-0.11384979626172807, 0.07051955575766375], [-0.62606967949081, 0.25384913653603813], [-0.621237197828682, 0.3087154516169416], [-0.81370100509974, 0.24561487563223905], [-0.7346938824277862, 0.9365903317257199], [-0.4831125384538312, 0.31498672840602054], [-0.4527108316376878, 0.7584484781991201], [-0.43042812587609647, 0.3173787598885986], [-0.4104886588393462, 0.6437199230543053], [-0.6320458213088621, 0.25358687163561044], [-0.5703958272622784, 0.9469468385892643], [-0.5293165334557494, 0.31288892745773444], [-0.4960471659717911, 0.7559514405968034], [-0.8117142530958529, 0.852966786069093], [-0.8878600692422609, 0.24236038131712762], [-0.1160160881487277, -0.0682194988542251], [-0.08865709490004493, -0.14816620411137746], [-0.09507156059939388, -0.6915340146953027], [-0.06241868676874705, -0.7291183901709435], [-0.06043050292397466, -0.7290859144053491], [-0.08623519488499173, -0.691380474020852], [-0.12575693744032146, -0.6920672037470252], [-0.08953989064011339, -0.999999], [-0.06450841202994337, -0.999999], [-0.06245391724794035, -0.999999], [-0.04751619435345552, 0.999999], [-0.5303953191014071, 0.8441889295230014], [-0.522194287662264, 0.9449684426986998], [-0.5708438029764756, 0.9419085830112158], [-0.5092768277335855, 0.7899373183468692], [-0.5015961695043749, 0.889054252298798]], "juncdpth": [-0.7312238679424695, -0.7369515499465153, -0.7030878367539412, -0.739209190849305, -0.7619612498407398, -0.6133031407582406, -0.7234964694465658, -0.7225804554107591, -0.8286675160951694, -0.7363199105334882, -0.742047588310573, -1.1783817704191646, -1.3051017875556896, -1.3274673333269607, -1.4166129355405523, -1.4296595187821635, -1.4991049853427771, -1.1724364299692178, -1.299156443956655, -1.3291659949464611, -1.418311593180979, -1.3551773679553838, -1.2389530111199156, -1.2411088929639296, -1.3253158613663745, -1.2358979168539606, -1.0797835972516223, -1.0797249033613883, -1.0156229022575325, -1.0167222809841314, -0.9781392091138648, -1.0448049872816545, -0.578054528491307, -0.7597742344788714, -1.4302734114924256, -1.45273572880936, -1.4546953446310862, -1.4669365260986154, -1.4893988481063314], "junctype": [1, 0, 0, 0, 1, 0, 0, 0, 0, 1, 0, 1, 0, 1, 0, 1, 0, 1, 0, 1, 0, 0, 1, 1, 0, 1, 0, 1, 0, 1, 0, 0, 0, 0, 1, 0, 1, 1, 0], "junindex": [-1, 223, -1, 164, -1, -1, 245, -1, 247, -1, 190, -1, 76, -1, 126, -1, 124, -1, 121, -1, 115, 27, -1, -1, 218, -1, 237, -1, 238, -1, -1, -1, -1, -1, -1, 104, -1, -1, 106], "K": [[3.125, 0.0, 0.0, 0.0], [0.0, 3.125, 0.0, 0.0], [0.0, 0.0, -1.0010005235671997, -0.010005001910030842], [0.0, 0.0, -1.0, 0.0]], "RT": [[0.9957342147827148, 0.09226835519075394, 1.303851746570217e-07, -2.9038458748686935e-08], [0.036051999777555466, -0.38906440138816833, 0.9205048680305481, -0.48278164863586426], [0.08493351936340332, -0.9165781736373901, -0.39073115587234497, -0.8814317584037781], [-0.0, 0.0, -0.0, 1.0]]}