{"line": [[8, 10], [7, 8], [16, 17], [18, 19], [13, 14], [20, 18], [14, 15], [1, 5], [9, 8], [11, 12], [19, 15], [18, 14], [0, 1], [22, 23], [2, 3], [5, 6], [1, 4], [21, 22]], "linedir": [2, 1, 1, 2, 1, 1, 2, 2, 3, 3, 3, 3, 1, 1, 3, 3, 3, 3], "lineidx": [120, 103, 291, 300, 284, 301, 287, 43, 119, 279, 315, 318, 21, 342, 22, 34, 29, 333], "junction": [[-0.999999, -0.7569395775982137], [-0.10830600317728442, -0.7624551991958145], [-0.9999990000000001, -0.20031712029614238], [-0.9665817748664404, 0.999999], [-0.10307338913631557, 0.9999989999999999], [-0.07254215910750862, -0.687258017557865], [-0.06917994237266231, 0.9999990000000001], [-0.9999990000000001, 0.0324171275076849], [-0.9964232836406534, 0.0324311154138543], [-0.999999, -0.0956279690135443], [-0.9935411039468043, 0.03164459121242868], [-0.999999, 0.8684061100952501], [-0.9962230599194182, 0.999999], [-0.07064113737304316, 0.2667293410689416], [-0.018217570118173248, 0.26708736853692194], [-0.0012232219341805238, 0.20263176452673107], [-0.999999, 0.29645654692531437], [-0.9861658381588108, 0.29655738338519105], [-0.018642012966428423, -0.5586748607071363], [-0.0012483413944705019, -0.5239589324070988], [-0.07228554468777938, -0.5584815243570238], [0.04678098985945786, 0.9999989999999999], [0.04920173271130021, -0.796761012056691], [0.9999989999999999, -0.8030422312273423]], "juncdpth": [-0.6357752446415933, -0.628605022627225, -0.6457538309943724, -0.6680790951228934, -0.6605152326214346, -0.7428219067988604, -0.7789213016663618, -0.7223324609285566, -0.7222994224288732, -0.7197167494092226, -0.7241617794817136, -1.115458062195692, -1.1196859129393402, -1.1034666145586198, -1.1027358093373993, -1.2520476511265, -1.0459036395335928, -1.0457185962201152, -1.0776349729443748, -1.2269468296271735, -1.078365780608854, -0.6241009838833328, -0.5933919805287684, -0.5863548435960296], "junctype": [0, 0, 0, 0, 0, 0, 0, 0, 0, 0, 1, 0, 0, 1, 0, 0, 0, 1, 0, 0, 1, 0, 0, 0], "junindex": [-1, 244, -1, -1, -1, 246, -1, -1, 139, -1, -1, -1, -1, -1, 242, 240, -1, -1, 243, 241, -1, -1, 248, -1], "K": [[3.125, 0.0, 0.0, 0.0], [0.0, 3.125, 0.0, 0.0], [0.0, 0.0, -1.0010005235671997, -0.010005001910030842], [0.0, 0.0, -1.0, 0.0]], "RT": [[0.9992160797119141, 0.03958972170948982, 1.3457611203193665e-07, 1.4678792581435118e-07], [0.0034503384958952665, -0.08708744496107101, 0.9961947202682495, -0.18677525222301483], [0.03943908214569092, -0.9954137206077576, -0.0871557667851448, -0.9874791502952576], [-0.0, 0.0, -0.0, 1.0]]}