{"line": [[24, 23], [22, 23], [16, 12], [6, 7], [0, 1], [27, 30], [1, 2], [23, 25], [28, 27], [18, 10], [4, 5], [29, 30], [12, 17], [26, 27], [10, 14], [14, 16], [7, 1], [15, 16], [11, 12], [19, 18], [8, 4], [9, 10], [13, 14], [3, 4], [20, 21]], "linedir": [1, 3, 1, 3, 3, 2, 2, 2, 1, 0, 2, 3, 2, 3, 1, 2, 1, 3, 3, 3, 1, 3, 3, 3, 3], "lineidx": [421, 420, 229, 36, 19, 442, 26, 430, 433, 234, 35, 440, 227, 432, 235, 226, 62, 223, 218, 238, 51, 213, 220, 29, 333], "junction": [[-0.5934563069581272, 0.22943359071291028], [-0.5889707189585491, 0.28334466662216634], [-0.5454655714193632, 0.2353327075762142], [-0.485259979020173, -0.9999989999999999], [-0.41262430081080215, 0.2516618213268611], [-0.3397753859694509, 0.16201045800898797], [-0.8212199073889505, 0.20143643498973923], [-0.8151236577437595, 0.2545924274701262], [-0.9999989999999999, 0.1794605525993526], [-0.747222012652072, 0.26322518877307516], [-0.6841112403807559, 0.8627939039992594], [-0.40760752144987644, 0.2454879323931489], [-0.3805289481307177, 0.7182601756800016], [-0.5837450518950386, 0.2775776591016179], [-0.533360419109003, 0.8890557317241937], [-0.4505455248410528, 0.24700046888784113], [-0.4211121509642017, 0.7118128166314501], [-0.31832609070334644, 0.616531417337458], [-0.7369672867502194, 0.7755286670271888], [-0.794968428173518, 0.25715488800626035], [-0.39461176580035034, -0.999999], [-0.300229874815612, 0.999999], [-0.45640061575784224, 0.7675342141420467], [-0.4560390322254164, 0.7727586997706561], [-0.4593638364384454, 0.7722132161451394], [-0.41787339108081817, 0.7123273508816398], [-0.4577879687522986, 0.769724880359568], [-0.44915728899537194, 0.8940095188264334], [-0.527853300778861, 0.8803598496163655], [-0.42575834118955425, 0.7248123545840066], [-0.41824344159806004, 0.8419632254969117]], "juncdpth": [-0.7480451442529723, -0.7537422291903844, -0.7769130933134184, -0.6237509431816162, -0.7335516866940379, -0.7777331827154079, -0.7617521418730016, -0.7674492223955163, -0.7687212629455507, -1.2351492721758235, -1.3490943422858979, -1.3484964979341671, -1.4444557108776723, -1.2180393343787805, -1.3331028824115787, -1.3543625774858778, -1.4490246890200726, -1.5200819157932195, -1.405102122383612, -1.302585576986514, -0.5845345612999381, -0.7682913582516502, -1.4494712582160445, -1.45062051007385, -1.4509975489683196, -1.4936176011113824, -1.4580582145050225, -1.4860751336866502, -1.4952667455515616, -1.4948837281135763, -1.521743377760108], "junctype": [1, 0, 1, 0, 0, 1, 1, 0, 0, 1, 0, 1, 0, 1, 0, 1, 0, 1, 0, 1, 0, 0, 1, 0, 1, 1, 1, 0, 1, 1, 0], "junindex": [-1, 223, -1, -1, 245, -1, -1, 190, -1, -1, 76, -1, 126, -1, 121, -1, 115, -1, 27, -1, -1, -1, -1, 112, -1, -1, -1, 104, -1, -1, 106], "K": [[3.125, 0.0, 0.0, 0.0], [0.0, 3.125, 0.0, 0.0], [0.0, 0.0, -1.0010005235671997, -0.010005001910030842], [0.0, 0.0, -1.0, 0.0]], "RT": [[0.9687143564224243, 0.2481783777475357, 1.341104507446289e-07, -6.705522537231445e-08], [0.09697090834379196, -0.3785068988800049, 0.9205048680305481, -0.48278164863586426], [0.22844944894313812, -0.8917062878608704, -0.39073115587234497, -0.8814318180084229], [-0.0, 0.0, -0.0, 1.0]]}