{"line": [[1, 3], [0, 1], [4, 6], [1, 2], [4, 5]], "linedir": [2, 1, 1, 3, 3], "lineidx": [43, 21, 342, 29, 333], "junction": [[-0.9999990000000001, -0.7368866579581245], [-0.38473332259505133, -0.7563712289287632], [-0.36620727168748446, 0.9999990000000001], [-0.2778060517370118, -0.7054463055546586], [-0.27847932994351515, -0.7937211559025583], [-0.26479850596278437, 0.9999989999999997], [0.999999, -0.8370379296875847]], "juncdpth": [-0.663282294874967, -0.6365234109021498, -0.6687240498193706, -0.7115502646982279, -0.5968585951870482, -0.6276947474344172, -0.5509887422038795], "junctype": [0, 0, 0, 1, 0, 0, 0], "junindex": [-1, 244, -1, -1, 248, -1, -1], "K": [[3.125, 0.0, 0.0, 0.0], [0.0, 3.125, 0.0, 0.0], [0.0, 0.0, -1.0010005235671997, -0.010005001910030842], [0.0, 0.0, -1.0, 0.0]], "RT": [[0.9804620742797852, 0.19670847058296204, 1.3597309589385986e-07, 1.0938573780094885e-07], [0.01714414358139038, -0.08545295149087906, 0.9961946606636047, -0.18677523732185364], [0.1959599405527115, -0.9767310619354248, -0.0871557742357254, -0.9874791502952576], [-0.0, 0.0, -0.0, 1.0]]}