{"line": [[1, 3], [0, 1], [4, 6], [1, 2], [4, 5]], "linedir": [2, 1, 1, 3, 3], "lineidx": [43, 21, 342, 29, 333], "junction": [[-0.999999, -0.7220361563878227], [-0.6361741928635383, -0.7440166494114507], [-0.6057458525151148, 0.9999989999999999], [-0.5850657748263429, -0.7306842136027993], [-0.5858962411930599, -0.7824218282784279], [-0.55728571172622, 0.9999989999999999], [0.9999990000000001, -0.8853879770731312]], "juncdpth": [-0.6852379492614086, -0.6532333455002689, -0.6860468574624518, -0.6722789085562353, -0.6101077046864026, -0.6414297958165415, -0.5074577444838793], "junctype": [0, 0, 0, 1, 0, 0, 0], "junindex": [-1, 244, -1, -1, 248, -1, -1], "K": [[3.125, 0.0, 0.0, 0.0], [0.0, 3.125, 0.0, 0.0], [0.0, 0.0, -1.0010005235671997, -0.010005001910030842], [0.0, 0.0, -1.0, 0.0]], "RT": [[0.9371591210365295, 0.34890198707580566, 1.341104365337742e-07, 6.438668975761175e-08], [0.030408691614866257, -0.08167886734008789, 0.99619460105896, -0.18677522242069244], [0.3475743234157562, -0.9335929751396179, -0.08715575933456421, -0.9874790906906128], [-0.0, 0.0, -0.0, 1.0]]}