{"line": [[4, 5], [6, 7], [0, 1], [1, 2], [10, 12], [11, 10], [20, 21], [7, 1], [8, 4], [22, 23], [16, 17], [13, 11], [9, 10], [18, 19], [3, 4], [14, 15]], "linedir": [2, 3, 3, 2, 1, 0, 2, 1, 1, 3, 3, 3, 3, 3, 3, 3], "lineidx": [35, 36, 19, 26, 235, 234, 376, 62, 51, 377, 338, 238, 213, 341, 29, 333], "junction": [[-0.7798109287802237, 0.18077869925464174], [-0.7741684482068091, 0.23274009174630977], [-0.7182668515680135, 0.1939398083943633], [-0.7320383672271609, -0.9999990000000001], [-0.6257858160298823, 0.21371673994010645], [-0.5989378934264665, 0.19400761079038367], [-0.9747439242237002, 0.13909256885547733], [-0.9678846643599638, 0.18992028433826957], [-0.9999990000000001, 0.13369180856009225], [-0.6773581336534056, 0.20268807671892952], [-0.6211252286937258, 0.7970419545417374], [-0.6511517057831391, 0.7084703374610283], [-0.5467182675438331, 0.8189659107350086], [-0.701148073409085, 0.19760063357680083], [-0.698705475555369, -0.9999989999999999], [-0.5315916899871661, 0.9999989999999999], [0.942055775830588, 0.9999990000000001], [0.999999, 0.6086872589581285], [0.8440179892948864, 0.9999989999999999], [0.999999, -0.17575623874317153], [0.9574817941718494, 0.999999], [0.9999989999999999, 0.8078572942543022], [0.9435010390470371, 0.9999989999999999], [0.999999, 0.6190321133441932]], "juncdpth": [-0.7725740431630348, -0.7782048952089449, -0.7980642058093778, -0.642528640750232, -0.751623779268338, -0.7613665816336227, -0.7945488031535128, -0.8001796503777037, -0.7928165559511211, -1.275400291348873, -1.3908670891478812, -1.451404746164454, -1.3766540665863143, -1.3479104102201922, -0.6003263885702306, -0.7890475722140662, -1.0737882534396, -1.0115693710057023, -0.6239898863871886, -0.5266591115117488, -1.2111617015287066, -1.3201951846427171, -1.085321516259244, -1.0240029365238137], "junctype": [1, 0, 1, 0, 0, 1, 1, 0, 0, 1, 0, 0, 1, 1, 0, 0, 0, 0, 0, 0, 0, 0, 0, 0], "junindex": [-1, 223, -1, -1, 245, -1, -1, 190, -1, -1, 76, 27, -1, -1, -1, -1, -1, -1, -1, -1, -1, -1, -1, -1], "K": [[3.125, 0.0, 0.0, 0.0], [0.0, 3.125, 0.0, 0.0], [0.0, 0.0, -1.0010005235671997, -0.010005001910030842], [0.0, 0.0, -1.0, 0.0]], "RT": [[0.917439877986908, 0.39787453413009644, 1.341104507446289e-07, -1.0938956762629459e-07], [0.1554618626832962, -0.35847237706184387, 0.9205048680305481, -0.48278164863586426], [0.3662455081939697, -0.8445078134536743, -0.39073115587234497, -0.8814317584037781], [-0.0, 0.0, -0.0, 1.0]]}