{"line": [[0, 1], [1, 2], [5, 1], [3, 4], [12, 13], [8, 9], [10, 11], [6, 7]], "linedir": [3, 2, 1, 1, 3, 3, 3, 3], "lineidx": [19, 26, 62, 51, 377, 338, 341, 333], "junction": [[-0.9274942595311993, 0.12277888172692945], [-0.9211828959462528, 0.17204014841902937], [-0.8633083556522639, 0.14393430821027964], [-0.999999, 0.09888159877247873], [-0.8240176678414672, 0.15688436744804252], [-0.999999, 0.14521814939094746], [-0.9563248544329003, -0.9999990000000002], [-0.7275947023587096, 0.999999], [0.9161217754914535, 0.999999], [0.9999990000000001, 0.41751008525901595], [0.45415119661076464, 0.9999990000000001], [0.596919792179255, -0.9999989999999999], [0.9230552292736284, 0.9999990000000001], [0.999999, 0.46967339699195615]], "juncdpth": [-0.8042171884941152, -0.8097271704859896, -0.8252044408613172, -0.8121785985801352, -0.7804207185492648, -0.8244845818715696, -0.6250347340805058, -0.8215233541354352, -1.0118948761657784, -0.9270197665470902, -0.5984971641339177, -0.45535104260798603, -1.0224947911746907, -0.9438200233329321], "junctype": [1, 0, 1, 0, 1, 0, 0, 0, 0, 0, 0, 0, 0, 0], "junindex": [-1, 223, -1, -1, -1, -1, -1, -1, -1, -1, -1, -1, -1, -1], "K": [[3.125, 0.0, 0.0, 0.0], [0.0, 3.125, 0.0, 0.0], [0.0, 0.0, -1.0010005235671997, -0.010005001910030842], [0.0, 0.0, -1.0, 0.0]], "RT": [[0.8431944847106934, 0.5376086831092834, 1.341104507446289e-07, -1.6425593685198692e-07], [0.21006035804748535, -0.3294624090194702, 0.9205048084259033, -0.48278164863586426], [0.49487143754959106, -0.7761646509170532, -0.39073115587234497, -0.8814317584037781], [-0.0, 0.0, -0.0, 1.0]]}