{"line": [[17, 14], [5, 1], [0, 1], [1, 2], [3, 4], [14, 15], [7, 13], [10, 8], [14, 16], [8, 9], [6, 7], [11, 12]], "linedir": [1, 1, 3, 2, 1, 2, 1, 2, 3, 3, 3, 3], "lineidx": [379, 62, 19, 26, 51, 376, 343, 340, 377, 338, 333, 341], "junction": [[-0.999999, -0.8368665106270918], [-0.9904883622548728, -0.7934875547324839], [-0.9347623833638545, -0.819582096867651], [-0.999999, -0.8442115899933088], [-0.9193341901273447, -0.8137573223950675], [-0.9999990000000001, -0.7971732079362636], [-0.9570642309117134, -0.9999989999999997], [-0.6275502146904137, 0.6265362991831096], [0.7849624455314633, 0.3522236698192544], [0.999999, -0.5715215659884435], [0.32112596233650786, 0.9999990000000001], [0.21955349650732053, 0.9999989999999999], [0.3807384985578048, -0.9999989999999999], [-0.04336214021903228, 0.9999989999999999], [0.7965605090840183, 0.3360262819047383], [0.999999, 0.051912288290348316], [0.999999, -0.5293087388012327], [0.7894822185701962, 0.33280781365572737]], "juncdpth": [-0.7897365198705348, -0.7973195398197908, -0.8088615505054324, -0.7823919025375076, -0.7692162771904266, -0.7989297444747826, -0.6833906981574719, -1.0422250581306267, -1.1383433286121942, -0.8935574970398805, -0.934767182102645, -0.842731547530297, -0.4859619554252566, -0.9347672013644345, -1.1445762080393482, -1.2661835411704458, -0.911724966868084, -1.1458228376493835], "junctype": [0, 0, 1, 0, 1, 0, 0, 0, 0, 0, 0, 0, 0, 0, 0, 0, 0, 1], "junindex": [-1, 223, -1, -1, -1, -1, -1, 249, 307, -1, -1, -1, -1, -1, 309, -1, -1, -1], "K": [[3.125, 0.0, 0.0, 0.0], [0.0, 3.125, 0.0, 0.0], [0.0, 0.0, -1.0010005235671997, -0.010005001910030842], [0.0, 0.0, -1.0, 0.0]], "RT": [[0.8136467933654785, 0.5813596248626709, 1.341104507446289e-07, 1.0717710097196687e-07], [0.3736906945705414, -0.5230021476745605, 0.7660444974899292, -0.7193920612335205], [0.4453473687171936, -0.6232894659042358, -0.6427875757217407, -0.7017656564712524], [-0.0, 0.0, -0.0, 1.0]]}