{"line": [[0, 1], [6, 7], [2, 3], [4, 5]], "linedir": [3, 3, 3, 3], "lineidx": [333, 377, 338, 341], "junction": [[-0.999999, 0.1318660144050306], [-0.8799281107092379, 0.9999990000000001], [0.856838739839302, 0.9999989999999999], [0.999999, -0.06296926873146921], [0.017221968256586624, 0.999999], [0.022635565971750107, -0.999999], [0.8699826371927674, 0.9999990000000001], [0.9999990000000001, 0.0492095953599742]], "juncdpth": [-0.7610556266112221, -0.8649055900453074, -0.9561413065012484, -0.8192595682989865, -0.589494993246237, -0.4485019743999978, -0.9655424706725068, -0.8400058753525378], "junctype": [0, 0, 0, 0, 0, 0, 0, 0], "junindex": [-1, -1, -1, -1, -1, -1, -1, -1], "K": [[3.125, 0.0, 0.0, 0.0], [0.0, 3.125, 0.0, 0.0], [0.0, 0.0, -1.0010005235671997, -0.010005001910030842], [0.0, 0.0, -1.0, 0.0]], "RT": [[0.7478371858596802, 0.6638822555541992, 1.4901161193847656e-07, -1.7170651744891074e-07], [0.2593993544578552, -0.2922033667564392, 0.9205048084259033, -0.48278164863586426], [0.6111068725585938, -0.6883876919746399, -0.39073115587234497, -0.8814317584037781], [-0.0, 0.0, -0.0, 1.0]]}