{"line": [[0, 1], [3, 0], [2, 0]], "linedir": [2, 1, 3], "lineidx": [339, 342, 341], "junction": [[0.21271164591440406, -0.9493759823119762], [0.999999, -0.7168701797550067], [0.20140363301979672, 0.9999990000000001], [-0.9999990000000001, -0.7516671690314518]], "juncdpth": [-0.4594214792556337, -0.700291694498963, -0.4852167838004276, -0.6493403979217462], "junctype": [0, 0, 0, 0], "junindex": [304, -1, -1, -1], "K": [[3.125, 0.0, 0.0, 0.0], [0.0, 3.125, 0.0, 0.0], [0.0, 0.0, -1.0010005235671997, -0.010005001910030842], [0.0, 0.0, -1.0, 0.0]], "RT": [[0.7818315029144287, 0.6234898567199707, 1.341104507446289e-07, -2.514570951461792e-08], [0.054340627044439316, -0.06814120709896088, 0.9961947202682495, -0.18677523732185364], [0.6211172342300415, -0.7788563966751099, -0.0871557667851448, -0.9874792098999023], [-0.0, 0.0, -0.0, 1.0]]}