{"line": [[6, 7], [5, 2], [0, 1], [2, 3], [2, 4]], "linedir": [3, 1, 3, 2, 3], "lineidx": [377, 342, 338, 339, 341], "junction": [[0.9703502432161194, 0.9999989999999999], [0.999999, -0.06083188777728974], [-0.357462668449578, -0.946887159432568], [0.9999990000000001, -0.7062066117332534], [-0.3384818027252261, 0.999999], [-0.9999989999999999, -0.7739461632888895], [0.9917056834590465, 0.9999990000000002], [0.999999, 0.7096545148361719]], "juncdpth": [-0.7583183497257565, -0.7358350228138538, -0.4611192353537866, -0.7175457715519253, -0.4869768084362195, -0.6204386109812126, -0.7652758078643606, -0.7589290964832474], "junctype": [0, 0, 0, 0, 0, 0, 0, 0], "junindex": [-1, -1, 304, -1, -1, -1, -1, -1], "K": [[3.125, 0.0, 0.0, 0.0], [0.0, 3.125, 0.0, 0.0], [0.0, 0.0, -1.0010005235671997, -0.010005001910030842], [0.0, 0.0, -1.0, 0.0]], "RT": [[0.6736957430839539, 0.739008903503418, 1.341104507446289e-07, -1.1514377717958268e-07], [0.0644087940454483, -0.05871656537055969, 0.9961946606636047, -0.18677523732185364], [0.7361966967582703, -0.6711320877075195, -0.08715575933456421, -0.9874790906906128], [-0.0, 0.0, -0.0, 1.0]]}