{"line": [[8, 5], [5, 6], [4, 2], [7, 5], [0, 1], [2, 1], [2, 3]], "linedir": [1, 2, 1, 3, 3, 2, 3], "lineidx": [378, 375, 342, 377, 338, 339, 341], "junction": [[0.8233974667813745, 0.9999989999999997], [0.8642843657693805, -0.7240243237813234], [-0.8892110746467242, -0.9258349277144009], [-0.8424790773226862, 0.999999], [-0.9999990000000001, -0.864034254270228], [0.8950938641262118, -0.7204784443185334], [0.9999990000000001, -0.7084048635504266], [0.8528324249701897, 0.999999], [0.8640889814474337, -0.7157858137334969]], "juncdpth": [-0.7233958534589746, -0.6891738145695112, -0.4759982548033954, -0.5024015523248802, -0.5258042130436305, -0.6946398409884575, -0.7139197271199405, -0.7290623599279189, -0.7020083001865949], "junctype": [0, 0, 0, 0, 0, 0, 0, 0, 1], "junindex": [-1, 306, 304, -1, -1, 308, -1, -1, -1], "K": [[3.125, 0.0, 0.0, 0.0], [0.0, 3.125, 0.0, 0.0], [0.0, 0.0, -1.0010005235671997, -0.010005001910030842], [0.0, 0.0, -1.0, 0.0]], "RT": [[0.5486919283866882, 0.8360246419906616, 1.30385160446167e-07, -1.4436703565934295e-07], [0.07286429405212402, -0.0478217788040638, 0.9961947202682495, -0.18677523732185364], [0.8328433632850647, -0.5466039776802063, -0.0871557667851448, -0.9874790906906128], [-0.0, 0.0, -0.0, 1.0]]}