{"line": [[2, 3], [0, 1], [4, 5]], "linedir": [3, 3, 3], "lineidx": [341, 338, 377], "junction": [[0.6280316264945752, 0.9999990000000001], [0.8254620106215249, -0.9999989999999999], [-0.9999989999999999, -0.4305021839569377], [-0.8164258378132941, 0.9999989999999999], [0.6543429089520898, 0.9999989999999999], [0.8600446209152112, -0.9999989999999997]], "juncdpth": [-0.8684488464267194, -0.6607367895074062, -0.5073646316912609, -0.6214453027644476, -0.8747822548939593, -0.6655553991405485], "junctype": [0, 0, 0, 0, 0, 0], "junindex": [-1, -1, -1, -1, -1, -1], "K": [[3.125, 0.0, 0.0, 0.0], [0.0, 3.125, 0.0, 0.0], [0.0, 0.0, -1.0010005235671997, -0.010005001910030842], [0.0, 0.0, -1.0, 0.0]], "RT": [[0.5038055181503296, 0.8638172149658203, 1.341104507446289e-07, 1.8221255970729544e-07], [0.33752018213272095, -0.19685260951519012, 0.9205048680305481, -0.48278167843818665], [0.7951478362083435, -0.46375536918640137, -0.39073115587234497, -0.8814316987991333], [-0.0, 0.0, -0.0, 1.0]]}