{"line": [[0, 1], [2, 3]], "linedir": [3, 3], "lineidx": [338, 377], "junction": [[0.46045176277389577, 0.9999990000000001], [0.6052010276893288, -0.9999990000000001], [0.49252858194955706, 0.9999989999999999], [0.647361654090189, -0.9999990000000001]], "juncdpth": [-0.8387056088658433, -0.638107410962323, -0.8432468257087457, -0.641562478022339], "junctype": [0, 0, 0, 0], "junindex": [-1, -1, -1, -1], "K": [[3.125, 0.0, 0.0, 0.0], [0.0, 3.125, 0.0, 0.0], [0.0, 0.0, -1.0010005235671997, -0.010005001910030842], [0.0, 0.0, -1.0, 0.0]], "RT": [[0.36124151945114136, 0.9324722290039062, 1.341104365337742e-07, 1.2734618337617576e-07], [0.36434587836265564, -0.1411484330892563, 0.9205046892166138, -0.4827815890312195], [0.8583451509475708, -0.33252450823783875, -0.3907310962677002, -0.8814315795898438], [-0.0, 0.0, -0.0, 1.0]]}