{"line": [[6, 3], [3, 4], [2, 1], [5, 3], [0, 1]], "linedir": [1, 2, 2, 3, 3], "lineidx": [378, 375, 339, 377, 338], "junction": [[0.6327559289820139, 0.9999989999999999], [0.664500970527714, -0.741843500123443], [-0.9999990000000001, -0.8653154415088656], [0.7031635439051078, -0.7389755259099322], [0.9999990000000002, -0.7169563906230486], [0.6696241435015949, 0.9999989999999999], [0.6642926149142662, -0.7304110796580258]], "juncdpth": [-0.6962185786197375, -0.6629580655783838, -0.5246661098257273, -0.6670419554538021, -0.7001556452729816, -0.7004522553068352, -0.6795424612704816], "junctype": [0, 0, 0, 0, 0, 0, 1], "junindex": [-1, 306, -1, 308, -1, -1, -1], "K": [[3.125, 0.0, 0.0, 0.0], [0.0, 3.125, 0.0, 0.0], [0.0, 0.0, -1.0010005235671997, -0.010005001910030842], [0.0, 0.0, -1.0, 0.0]], "RT": [[0.4099499583244324, 0.9121080636978149, 1.30385160446167e-07, -2.0421052226993197e-07], [0.07949542254209518, -0.03572962433099747, 0.9961946606636047, -0.18677523732185364], [0.9086371660232544, -0.40838998556137085, -0.0871557667851448, -0.9874790906906128], [-0.0, 0.0, -0.0, 1.0]]}