{"line": [[7, 4], [3, 2], [4, 5], [2, 0], [4, 6], [0, 1]], "linedir": [1, 3, 2, 2, 3, 3], "lineidx": [379, 341, 376, 340, 377, 338], "junction": [[0.3180465094002306, 0.6336374227814738], [0.4861603312420051, -0.9999990000000001], [-0.8737622229292733, 0.9536592525180746], [-0.9999989999999999, 0.5533814346354525], [0.34580702859246215, 0.6261832299186887], [0.999999, 0.45052105694599287], [0.5273227583833208, -0.999999], [0.32328621863174123, 0.5827208488103206]], "juncdpth": [-1.0399518352325834, -0.680336908253094, -0.9468809664098154, -0.8273497233433103, -1.0423382618397314, -1.101927162169412, -0.6835427780260641, -1.0564736173741658], "junctype": [0, 0, 0, 0, 0, 0, 0, 1], "junindex": [307, -1, 305, -1, 309, -1, -1, -1], "K": [[3.125, 0.0, 0.0, 0.0], [0.0, 3.125, 0.0, 0.0], [0.0, 0.0, -1.0010005235671997, -0.010005001910030842], [0.0, 0.0, -1.0, 0.0]], "RT": [[0.31152674555778503, 0.9502373933792114, 1.341104507446289e-07, -7.006327251701805e-08], [0.6108008027076721, -0.20024564862251282, 0.7660444378852844, -0.7193920612335205], [0.7279240489006042, -0.23864324390888214, -0.6427876353263855, -0.7017656564712524], [-0.0, 0.0, -0.0, 1.0]]}