{"line": [[0, 1], [2, 3]], "linedir": [3, 3], "lineidx": [338, 377], "junction": [[0.2651625010143271, 0.9999989999999997], [0.34851978728606825, -0.999999], [0.30148132740269173, 0.999999], [0.39625595603196495, -0.999999]], "juncdpth": [-0.8194388485023998, -0.6234488032137747, -0.8220741718337481, -0.6254538206473673], "junctype": [0, 0, 0, 0], "junindex": [-1, -1, -1, -1], "K": [[3.125, 0.0, 0.0, 0.0], [0.0, 3.125, 0.0, 0.0], [0.0, 0.0, -1.0010005235671997, -0.010005001910030842], [0.0, 0.0, -1.0, 0.0]], "RT": [[0.20963282883167267, 0.9777802228927612, 1.341104507446289e-07, 7.502055154873233e-08], [0.3820491433143616, -0.08191020041704178, 0.9205048680305481, -0.48278164863586426], [0.9000514149665833, -0.1929679960012436, -0.39073115587234497, -0.8814317584037781], [-0.0, 0.0, -0.0, 1.0]]}