{"line": [[6, 3], [3, 4], [2, 0], [3, 5], [0, 1]], "linedir": [1, 2, 2, 3, 3], "lineidx": [379, 376, 340, 377, 338], "junction": [[0.1548522747516918, 0.6637785888212135], [0.23903552152807897, -0.999999], [-0.9999989999999999, 0.81327909738683], [0.18458372765834138, 0.6599297232338291], [0.9999990000000001, 0.5543706780368967], [0.2845722409496884, -0.9999989999999999], [0.15994091682094203, 0.563207881981642]], "juncdpth": [-1.0304126695466296, -0.6675222215243467, -0.9855724549953857, -1.0316210101740562, -1.0659023931410112, -0.6691454786665113, -1.0629453213915314], "junctype": [0, 0, 0, 0, 0, 0, 1], "junindex": [307, -1, -1, 309, -1, -1, -1], "K": [[3.125, 0.0, 0.0, 0.0], [0.0, 3.125, 0.0, 0.0], [0.0, 0.0, -1.0010005235671997, -0.010005001910030842], [0.0, 0.0, -1.0, 0.0]], "RT": [[0.15773816406726837, 0.9874809980392456, 1.2665987014770508e-07, -1.0779433523566695e-07], [0.6347405910491943, -0.1013922467827797, 0.7660444378852844, -0.7193921208381653], [0.756454348564148, -0.1208343580365181, -0.6427876353263855, -0.7017657160758972], [-0.0, 0.0, -0.0, 1.0]]}