{"line": [[0, 1], [2, 3]], "linedir": [3, 3], "lineidx": [338, 377], "junction": [[0.05294469329656857, 0.999999], [0.06958827276361426, -0.9999989999999999], [0.0913426789503482, 0.999999], [0.12005721421758618, -0.9999989999999999]], "juncdpth": [-0.8111304238219563, -0.6171275536988402, -0.8117938695519343, -0.6176323191820827], "junctype": [0, 0, 0, 0], "junindex": [-1, -1, -1, -1], "K": [[3.125, 0.0, 0.0, 0.0], [0.0, 3.125, 0.0, 0.0], [0.0, 0.0, -1.0010005235671997, -0.010005001910030842], [0.0, 0.0, -1.0, 0.0]], "RT": [[0.0527753122150898, 0.9986064434051514, 1.3597309589385986e-07, 2.5488873234280618e-08], [0.3901866376399994, -0.020621081814169884, 0.9205048680305481, -0.48278161883354187], [0.9192220568656921, -0.048579879105091095, -0.39073115587234497, -0.8814316987991333], [-0.0, 0.0, -0.0, 1.0]]}