{"line": [[0, 1], [6, 8], [3, 1], [6, 9], [9, 10], [5, 3], [6, 7], [2, 1], [9, 11], [4, 3]], "linedir": [2, 2, 1, 1, 2, 2, 3, 3, 3, 3], "lineidx": [334, 370, 337, 379, 376, 340, 369, 335, 377, 338], "junction": [[-0.018446336000459522, 0.02220722158452719], [-0.012202979765406286, 0.022207220381407343], [-0.015572659673856399, -0.999999], [-0.015204797453629551, 0.6727333186748516], [-0.02353993775586395, -0.9999990000000001], [-0.999999, 0.6727335125416154], [0.01220326358294565, 0.022207215678226082], [0.015572660257031107, -0.999999], [0.018446824492590965, 0.022207214475066794], [0.015205430216715114, 0.6727333126882883], [0.9999989999999999, 0.6727331188216488], [0.023540199503163075, -0.999999]], "juncdpth": [-1.2804069508704683, -1.2804069509215417, -1.0033585681125574, -1.027612287789192, -0.6637602483172076, -1.0276122813236899, -1.280406951121195, -1.0033585695437133, -1.28040695117227, -1.0276122879888452, -1.0276122944543435, -0.6637602497483633], "junctype": [1, 0, 0, 0, 0, 0, 0, 0, 1, 0, 0, 0], "junindex": [-1, 251, -1, 307, -1, -1, 253, -1, -1, 309, -1, -1], "K": [[3.125, 0.0, 0.0, 0.0], [0.0, 3.125, 0.0, 0.0], [0.0, 0.0, -1.0010005235671997, -0.010005001910030842], [0.0, 0.0, -1.0, 0.0]], "RT": [[1.3907092011322675e-07, 1.0, 1.3467764858887676e-07, -1.5253867502451612e-07], [0.6427876353263855, -1.9256214045526576e-07, 0.7660444378852844, -0.7193920612335205], [0.7660444378852844, -1.996537690729383e-08, -0.6427876353263855, -0.7017656564712524], [-0.0, 0.0, -0.0, 1.0]]}