{"line": [[6, 3], [3, 4], [2, 1], [5, 3], [0, 1]], "linedir": [1, 2, 2, 3, 3], "lineidx": [378, 375, 339, 377, 338], "junction": [[0.15187757876623012, 0.9999989999999999], [0.1595860130481445, -0.7621894592936405], [-0.9999990000000001, -0.7814443848065314], [0.20815247327623734, -0.7613830125358829], [0.999999, -0.7482343897802054], [0.19810245609384353, 0.9999989999999999], [0.1593899600619378, -0.7173707195770618]], "juncdpth": [-0.6676103797602551, -0.6353620217396136, -0.6112814557410676, -0.6364120420885834, -0.6540351340637043, -0.6686989123082796, -0.6995019783201016], "junctype": [0, 0, 0, 0, 0, 0, 1], "junindex": [-1, 306, -1, 308, -1, -1, -1], "K": [[3.125, 0.0, 0.0, 0.0], [0.0, 3.125, 0.0, 0.0], [0.0, 0.0, -1.0010005235671997, -0.010005001910030842], [0.0, 0.0, -1.0, 0.0]], "RT": [[0.10540339350700378, 0.9944295883178711, 1.3504177331924438e-07, 2.0657320476402674e-07], [0.08667024970054626, -0.009186646901071072, 0.9961946606636047, -0.18677522242069244], [0.9906454682350159, -0.10500229150056839, -0.0871557667851448, -0.9874790906906128], [-0.0, 0.0, -0.0, 1.0]]}