{"line": [[15, 16], [15, 17], [13, 14], [5, 6], [4, 5], [2, 4], [0, 1], [15, 13], [5, 8], [0, 2], [4, 7], [2, 3], [9, 10], [12, 11], [11, 9]], "linedir": [3, 1, 3, 2, 1, 2, 3, 2, 3, 1, 3, 3, 3, 3, 2], "lineidx": [1329, 1331, 1327, 1264, 1286, 1248, 1224, 1328, 1287, 1239, 1269, 1230, 1300, 1302, 1301], "junction": [[0.7972722774321328, -0.8412532314077876], [0.8249940970088673, -0.9999989999999999], [0.8429145339266678, -0.6184792583876396], [0.9169669933247333, -0.9999989999999999], [0.9346130247767306, -0.6138075891327319], [0.9544209268390309, -0.5345958949828706], [0.9999990000000001, -0.5321835112712494], [0.999999, -0.9172989762481435], [0.9999990000000001, -0.7379749244864271], [0.7143857770085461, -0.007154016203043748], [0.8369755974569463, -0.6474664420741547], [-0.21638549675960841, -0.0692435289361842], [-0.2694773664529961, -0.999999], [0.554859891052919, 0.022316365569838983], [0.5608125342857945, -0.017398517809653385], [0.37524281766631784, 0.010149998259321625], [0.3792497734315498, -0.029510132842942204], [0.3761084189936332, -0.029719685041070004]], "juncdpth": [-0.7810921388119384, -0.7548455116710158, -0.6942496092245628, -0.6381833299271741, -0.6926347168077366, -0.6663533323556833, -0.6655841921560415, -0.6473460455590524, -0.6359821812494912, -1.2947831853324276, -1.1051392311491266, -1.3262733826047675, -1.0649743942410461, -1.39759132552791, -1.3827568278844833, -1.4040508548098831, -1.3892163585661792, -1.42564382725464], "junctype": [0, 0, 0, 0, 0, 0, 0, 0, 0, 0, 1, 0, 0, 0, 1, 0, 1, 1], "junindex": [600, -1, 753, -1, 755, 893, -1, -1, -1, 400, -1, 398, -1, 346, -1, 344, -1, -1], "K": [[3.125, 0.0, 0.0, 0.0], [0.0, 3.125, 0.0, 0.0], [0.0, 0.0, -1.0010005235671997, -0.010005001910030842], [0.0, 0.0, -1.0, 0.0]], "RT": [[-0.10540366172790527, 0.9944295287132263, 1.341104507446289e-07, 4.114773588526077e-08], [0.6392070055007935, 0.06775206327438354, 0.7660444378852844, -0.7193920612335205], [0.7617772221565247, 0.08074397593736649, -0.6427876353263855, -0.7017657160758972], [-0.0, -0.0, -0.0, 1.0]]}