{"line": [[26, 22], [58, 54], [52, 53], [39, 40], [63, 65], [44, 46], [0, 1], [40, 41], [12, 14], [44, 45], [42, 43], [30, 31], [63, 64], [14, 15], [33, 34], [27, 28], [24, 22], [56, 57], [3, 4], [72, 73], [70, 71], [74, 72], [37, 31], [55, 54], [12, 13], [54, 53], [22, 23], [42, 40], [10, 4], [6, 7], [43, 41], [48, 34], [9, 5], [11, 3], [36, 32], [38, 30], [19, 7], [21, 0], [51, 29], [50, 27], [61, 63], [18, 8], [20, 6], [47, 35], [49, 33], [2, 0], [29, 27], [5, 3], [32, 30], [72, 70], [8, 6], [35, 33], [59, 61], [25, 26], [16, 12], [17, 14], [57, 58], [45, 43], [44, 42], [61, 62], [66, 67], [68, 66], [59, 60], [69, 68]], "linedir": [null, null, 3, 2, 1, 1, 1, null, null, null, null, 1, 3, 1, 1, 1, 3, 3, 1, 3, 3, 1, 3, 3, 1, 1, 1, 1, 3, 1, 1, 3, 3, 3, 3, 3, 3, 3, 3, 3, 2, 3, 3, 3, 3, 2, 2, 2, 2, 2, 2, 2, 1, 2, 2, 2, 2, 2, 2, 3, 3, 2, 3, 3], "lineidx": [262, 329, 320, 295, 1286, 305, 209, 298, 234, 304, 301, 281, 1269, 233, 286, 276, 255, 324, 214, 1329, 1327, 1331, 293, 322, 232, 321, 254, 299, 226, 219, 300, 311, 225, 227, 292, 294, 244, 251, 319, 318, 1248, 243, 245, 310, 312, 210, 277, 215, 282, 1328, 220, 287, 1239, 260, 235, 236, 327, 303, 302, 1230, 1300, 1301, 1224, 1302], "junction": [[-0.893245835737086, -0.8577792336536734], [-0.8802644321934278, -0.8634515203836527], [-0.9999989999999999, -0.8585691224952271], [-0.6726472456911349, -0.777561019659511], [-0.6360432214485314, -0.8011423574524041], [-0.7928266948140386, -0.7785988322333817], [-0.6716782492139536, -0.8395865827895941], [-0.6219108137174947, -0.8680577380632166], [-0.8778795081196901, -0.8411660060046866], [-0.7988612509458568, -0.8405607562091286], [-0.6404314645108423, -0.857462369440225], [-0.677776836073475, -0.8396332956453558], [-0.6472998960365139, -0.9557189915730582], [-0.6046515141123332, -0.9748459094853917], [-0.6451820632772903, -0.928505036405382], [-0.6152107939747563, -0.9429701862019391], [-0.999999, -0.9577753729609327], [-0.999999, -0.9307255391779811], [-0.8873884628146899, -0.930020803907017], [-0.6271366724686229, -0.9372143532698071], [-0.6789776251393216, -0.9287165345923324], [-0.9011056497023737, -0.9301066483196254], [-0.6551016826185012, -0.9569208683485064], [-0.6049618727282561, -0.9791251005355234], [-0.6584940062362127, -0.9999989999999999], [-0.999999, -0.9589254893386427], [-0.6563333053632169, -0.9569280268176551], [-0.40675122994504165, -0.8541795589906823], [-0.3757887300509625, -0.8791276072193696], [-0.5259310461288852, -0.8550613952115761], [-0.17441787661273253, -0.7732585477504199], [-0.15910344675279872, -0.7972029371211182], [-0.2964868902399084, -0.7743126777048077], [-0.16438142080924578, -0.8357008820330751], [-0.14412700909372803, -0.8646147918766977], [-0.3738816827579235, -0.8373055743567092], [-0.2987613789323328, -0.836730181401222], [-0.15997676516893006, -0.8419886882584575], [-0.17575849470753038, -0.8357880260918947], [-0.09899913781007337, -0.9959604708303426], [-0.08888611529988823, -0.9959083568857185], [-0.0886267267106679, -0.9715183878556635], [-0.12398101767275015, -0.9526678264600839], [-0.12357204701919047, -0.9252407150964426], [-0.6161417326537089, -0.9555373266168936], [-0.6141248583317708, -0.9283106753065918], [-0.6036727818622989, -0.9613512550116678], [-0.37796404153220836, -0.9268327420564874], [-0.14519152446350286, -0.9253760133436194], [-0.1661822363283064, -0.925507376672341], [-0.41035803649810587, -0.9270354690071841], [-0.5305858746623273, -0.9277878746010465], [-0.09904697411334412, -0.999999], [-0.09898827947813428, -0.9950437676724567], [-0.13355713464043875, -0.9538895338165203], [-0.13429767713619287, -0.999999], [-0.6064758024572193, -0.9999990000000001], [-0.60332963314016, -0.9566199575212649], [-0.1348090257078501, -0.9538968100897315], [0.8135078764874228, 0.08793874335732267], [0.9351785618894249, -0.9999989999999999], [0.9066142315008416, 0.295624241332352], [0.999999, -0.4322446325539875], [0.9954234701928958, 0.2978356145588304], [0.9999989999999999, 0.2653645019691852], [0.999999, 0.3069435215828144], [0.7377280900544544, 0.9214892937552357], [0.8291975921517974, 0.122936638080756], [-0.2297520144245732, 0.8880169144608797], [-0.2887431674966642, -0.7742458065975579], [0.5676357992797588, 0.959342635913993], [0.5715015690637137, 0.9157382740354251], [0.3810004966699842, 0.9527595552423275], [0.38358769800408343, 0.9092369265269244], [0.3771314507665121, 0.9090135566040148]], "juncdpth": [-0.6373934481012213, -0.645201710968645, -0.6384694560710109, -0.6246463821365176, -0.6526852799648097, -0.6258296173941285, -0.6135775430501953, -0.6516845788787125, -0.615574414157753, -0.6211021396130169, -0.6482130812254845, -0.6199189043554061, -0.5951671526180979, -0.6275405427366585, -0.5971208063852969, -0.6196426667527419, -0.59848663560468, -0.6004711834167847, -0.608978134977294, -0.6462541746247299, -0.6069812638697364, -0.6318338470928193, -0.597102731823224, -0.6352713586019441, -0.5940266789890198, -0.6003593437638048, -0.5971142982734043, -0.6325354481762339, -0.6678105203030075, -0.6337186834338447, -0.6197883818495808, -0.647827279677873, -0.6209716172881663, -0.608719542582284, -0.6468265784108012, -0.6107164140517909, -0.6162441395070547, -0.6442907933179544, -0.6150609040684694, -0.6676290765272498, -0.6675238244321107, -0.6694774781993096, -0.5903091521501866, -0.5922628059173856, -0.594875671992807, -0.5968293257600059, -0.604347749541952, -0.604120134871332, -0.6420842101522777, -0.6021232634018251, -0.6269758471678318, -0.6281590824254427, -0.6653880014871375, -0.6657825355342737, -0.5922447315362873, -0.5889790098238643, -0.5935219140281238, -0.5966169336766665, -0.592256297805493, -0.8184620487493584, -0.7119765514262532, -0.7136708232454738, -0.6470246995090204, -0.7126992153699827, -0.7094382320592898, -0.7087252412744741, -1.253461125374613, -1.1151905653906924, -1.2724073831657066, -1.012451462262512, -1.34557784617146, -1.3364760267550375, -1.3494642602432652, -1.3403624416742197, -1.3758716542601306], "junctype": [0, 1, 0, 0, 0, 0, 0, 0, 0, 1, 1, 1, 0, 1, 0, 1, 0, 0, 1, 1, 1, 1, 0, 1, 0, 0, 0, 0, 1, 0, 0, 0, 0, 0, 0, 0, 1, 1, 1, 1, 0, 0, 0, 0, 0, 0, 1, 1, 1, 1, 1, 1, 0, 0, 0, 0, 0, 0, 0, 0, 0, 0, 0, 0, 0, 0, 0, 1, 0, 1, 0, 1, 0, 1, 1], "junindex": [739, -1, -1, 763, 719, 761, 795, 711, 793, -1, -1, -1, 860, -1, 861, -1, -1, -1, -1, -1, -1, -1, 848, -1, -1, -1, 846, 743, -1, 741, 767, 723, 765, 799, 715, 797, -1, -1, -1, -1, 650, 651, 864, 865, 862, 863, -1, -1, -1, -1, -1, -1, -1, 655, 853, -1, -1, 850, 851, 600, -1, 753, -1, 755, -1, -1, 400, -1, 398, -1, 346, -1, 344, -1, -1], "K": [[3.125, 0.0, 0.0, 0.0], [0.0, 3.125, 0.0, 0.0], [0.0, 0.0, -1.0010005235671997, -0.010005001910030842], [0.0, 0.0, -1.0, 0.0]], "RT": [[-0.05277533829212189, 0.9986064434051514, 1.3597309589385986e-07, -2.6540632802607433e-08], [0.3901866376399994, 0.02062084525823593, 0.9205048680305481, -0.48278161883354187], [0.9192220568656921, 0.04858000576496124, -0.3907311260700226, -0.8814316987991333], [-0.0, -0.0, -0.0, 1.0]]}