{"line": [[18, 20], [16, 21], [18, 19], [16, 17], [8, 6], [0, 1], [6, 7], [14, 13], [18, 16], [6, 0], [4, 5], [9, 2], [11, 15], [10, 9], [2, 4], [2, 3], [13, 11], [11, 12]], "linedir": [1, 1, 3, 3, 2, 3, 3, 3, 2, 1, 3, 2, 1, 3, 1, 3, 2, 3], "lineidx": [1331, 1337, 1329, 1327, 1263, 1242, 1259, 1302, 1328, 1285, 1252, 1264, 1310, 1287, 1274, 1245, 1301, 1300], "junction": [[0.43380971723079886, -0.4355942002461493], [0.4392485339494653, -0.4877473888361733], [0.012769145908673124, -0.21018588209330935], [0.015332338690767467, -0.999999], [0.5823436446600632, -0.5808766130146968], [0.6390374662779905, -0.9999989999999999], [0.25749195901825905, -0.31823368895199916], [0.26089578363796256, -0.3716717718277857], [0.21246762277186595, -0.340153734436741], [-0.4051028561022661, -0.4347813424231126], [-0.46015721153902184, -0.999999], [0.6318792485789831, 0.2930056962280638], [0.8699930503989786, -0.9999990000000002], [-0.12237120635634878, -0.13755758642912744], [-0.12705403296800474, -0.28533724680178246], [0.999999, -0.0546280168557122], [0.5830918471117024, 0.2754474452362726], [0.5846787706546621, 0.26606134029814077], [0.4245043411195223, 0.18459519117181045], [0.4256233377700903, 0.17526467075802968], [0.43151093475393115, 0.17862560089434948], [0.589976557095785, 0.269085577547162]], "juncdpth": [-0.6668170738655252, -0.6585604684343326, -0.5767299119484957, -0.4803101923166452, -0.6814608814081904, -0.6210032909118207, -0.6328502452400251, -0.6245936256936113, -0.6389290845873146, -0.6359466338878663, -0.5598605137031721, -1.1614671024776788, -0.8435776921830629, -1.3627387014303638, -1.3125125691236526, -1.3187235078311568, -1.2755006425753939, -1.2720386996961133, -1.3167871233625492, -1.3133251823509415, -1.3195936942685065, -1.2783072149954604], "junctype": [0, 1, 0, 0, 0, 0, 0, 1, 1, 0, 0, 0, 0, 0, 1, 0, 0, 1, 0, 1, 1, 1], "junindex": [604, -1, 891, -1, 596, -1, 687, -1, -1, 893, -1, 400, -1, 398, -1, -1, 346, -1, 344, -1, -1, -1], "K": [[3.125, 0.0, 0.0, 0.0], [0.0, 3.125, 0.0, 0.0], [0.0, 0.0, -1.0010005235671997, -0.010005001910030842], [0.0, 0.0, -1.0, 0.0]], "RT": [[-0.6736956834793091, 0.7390088438987732, 1.4901161193847656e-07, 1.0717710097196687e-07], [0.47502580285072327, 0.4330432116985321, 0.7660444378852844, -0.7193920612335205], [0.5661135315895081, 0.516080915927887, -0.6427875757217407, -0.7017656564712524], [-0.0, -0.0, -0.0, 1.0]]}