{"line": [[0, 1], [6, 7], [8, 6], [15, 13], [6, 0], [13, 14], [9, 3], [3, 4], [4, 5], [10, 9], [2, 3], [11, 12]], "linedir": [3, 3, 2, 3, 1, 2, 2, 1, 3, 3, 3, 3], "lineidx": [1242, 1259, 1263, 1302, 1285, 1301, 1264, 1274, 1252, 1287, 1245, 1300], "junction": [[0.2221736755387247, 0.5173679812388884], [0.22397295963071973, 0.4619358294010986], [-0.3748861451056599, -0.9999989999999999], [-0.2977261354465403, 0.7210915233975701], [0.3891560057288419, 0.379880622957487], [0.4660644670137711, -0.999999], [0.009635945623379138, 0.6261649014244356], [0.009718618202920387, 0.5683673587413123], [-0.04091233640801343, 0.5935184473740369], [-0.6306637704606505, 0.47009486024192965], [-0.7651884648997457, -0.9999990000000001], [0.6700081960821085, 0.9999990000000001], [0.8806345308172339, -0.9999990000000001], [-0.10461447644939477, 0.7993373395367857], [0.16998672181481334, 0.9999989999999999], [-0.10736916877859543, 0.6265310913987593]], "juncdpth": [-0.6580764649563626, -0.6527897902295999, -0.4490097203025077, -0.5653766273910978, -0.6784313661497698, -0.5664785436742804, -0.6214100306303028, -0.6161233489678146, -0.6319760804053777, -0.6443643665209455, -0.5310814277633139, -1.0006464817081526, -0.7613159193280096, -1.3254863435338784, -1.2111616865930543, -1.291479648416316], "junctype": [0, 1, 0, 0, 0, 0, 0, 1, 1, 0, 0, 0, 0, 0, 0, 1], "junindex": [604, -1, -1, 891, 596, -1, 687, -1, -1, 893, -1, -1, -1, 398, -1, -1], "K": [[3.125, 0.0, 0.0, 0.0], [0.0, 3.125, 0.0, 0.0], [0.0, 0.0, -1.0010005235671997, -0.010005001910030842], [0.0, 0.0, -1.0, 0.0]], "RT": [[-0.7478370666503906, 0.663882315158844, 1.341104507446289e-07, -7.450580596923828e-08], [0.2593996226787567, 0.2922031283378601, 0.9205048084259033, -0.48278164863586426], [0.6111068725585938, 0.6883876919746399, -0.39073115587234497, -0.8814317584037781], [-0.0, -0.0, -0.0, 1.0]]}