{"line": [[0, 1], [6, 7], [8, 7], [9, 3], [7, 1], [13, 12], [4, 5], [10, 14], [2, 3], [12, 10], [3, 5], [10, 11]], "linedir": [3, 3, 2, 2, 1, 3, 3, 1, 3, 2, 1, 3], "lineidx": [1242, 1259, 1263, 1264, 1285, 1302, 1252, 1310, 1245, 1301, 1274, 1300], "junction": [[-0.2196401026051136, -0.47475375147108007], [-0.21660213817000734, -0.41667546979223397], [-0.999999, -0.9512526496766839], [-0.8585930907216296, -0.2901116609531356], [-0.014905559332811485, -0.9999989999999999], [-0.013436278229640993, -0.5343417116396604], [-0.48686205859047815, -0.39753301457324375], [-0.4798893188704637, -0.3385020549378816], [-0.5195696665716177, -0.3880813002440234], [-0.9999989999999999, -0.5176915550477519], [0.46920514173863415, 0.4218838081267207], [0.6712293251705496, -0.999999], [-0.05696113946233244, -0.1549220243682211], [-0.06232512486499498, -0.5202140073896618], [0.9999989999999999, 0.1822379730677218]], "juncdpth": [-0.6519532120458877, -0.6610971847878906, -0.5121477947777553, -0.5964958570705168, -0.600599122672701, -0.6662721721762042, -0.6293230221599684, -0.6384670035667517, -0.652635861167283, -0.6610008789335432, -1.1122935683063626, -0.7775190970916291, -1.372329546893432, -1.2542219600859492, -1.207342085629307], "junctype": [1, 0, 0, 0, 0, 0, 1, 0, 1, 0, 0, 0, 0, 1, 0], "junindex": [-1, 604, -1, 891, -1, 596, -1, 687, -1, -1, 400, -1, 398, -1, -1], "K": [[3.125, 0.0, 0.0, 0.0], [0.0, 3.125, 0.0, 0.0], [0.0, 0.0, -1.0010005235671997, -0.010005001910030842], [0.0, 0.0, -1.0, 0.0]], "RT": [[-0.870391845703125, 0.4923597574234009, 1.4901161193847656e-07, -3.5818416677102505e-08], [0.3164828419685364, 0.5594770312309265, 0.7660443782806396, -0.7193920612335205], [0.37716934084892273, 0.6667588353157043, -0.6427876353263855, -0.7017656564712524], [-0.0, -0.0, -0.0, 1.0]]}