{"line": [[31, 49], [85, 86], [53, 54], [103, 102], [8, 9], [28, 29], [33, 46], [32, 45], [78, 79], [97, 83], [96, 82], [7, 6], [1, 2], [30, 31], [35, 38], [66, 70], [3, 2], [0, 1], [4, 1], [55, 56], [10, 8], [21, 24], [75, 64], [102, 60], [26, 17], [16, 17], [84, 83], [71, 57], [56, 72], [24, 25], [51, 19], [41, 42], [32, 33], [45, 46], [22, 23], [35, 33], [13, 14], [101, 72], [82, 83], [96, 97], [77, 59], [8, 11], [63, 61], [64, 62], [10, 12], [69, 67], [70, 68], [73, 71], [79, 82], [78, 96], [97, 98], [50, 26], [80, 81], [46, 47], [28, 32], [29, 45], [95, 94], [34, 35], [85, 87], [104, 103], [37, 48], [84, 85], [36, 47], [88, 99], [89, 90], [87, 98], [34, 36], [19, 21], [76, 75], [20, 21], [22, 24], [16, 19], [58, 59], [74, 75], [36, 37], [47, 48], [17, 18], [26, 27], [65, 66], [61, 62], [63, 64], [67, 68], [69, 70], [60, 66], [60, 55], [50, 51], [5, 6], [108, 109], [100, 101], [87, 88], [98, 99], [91, 92], [50, 52], [43, 44], [39, 43], [40, 53], [92, 93], [39, 40], [101, 73], [94, 92], [72, 71], [56, 57], [43, 53], [13, 15], [103, 94], [105, 106], [86, 112], [110, 111], [106, 107]], "linedir": [null, 1, 1, 1, 1, null, null, null, null, null, null, 1, null, 1, 1, null, 1, 1, 2, null, null, null, null, null, null, null, 2, null, null, 1, null, 2, null, null, 1, 2, 2, 2, null, null, 1, 2, null, null, 2, null, null, 2, 2, 2, 2, 2, 1, 2, 2, 2, 2, 3, 2, 2, 3, 3, 3, 3, 1, 3, 2, 1, 1, 3, 3, 3, 3, 3, 1, 1, 1, 1, 3, 3, 3, 3, 3, 1, 3, 3, 3, 2, 3, 1, 1, 2, 1, 1, 2, 2, 3, 3, 1, 1, 1, 1, 3, 3, 3, 1, 3, 3, 3], "lineidx": [862, 1007, 872, 1046, 566, 828, 858, 859, 1002, 1032, 1033, 127, 95, 829, 838, 981, 96, 94, 104, 962, 571, 807, 1045, 1043, 811, 788, 1011, 982, 985, 805, 869, 845, 830, 855, 803, 837, 598, 1042, 1004, 1029, 1001, 577, 973, 974, 579, 977, 979, 984, 1005, 1026, 1027, 868, 1003, 853, 831, 852, 1022, 832, 1010, 1048, 863, 1006, 857, 1037, 1016, 1031, 836, 826, 997, 801, 804, 793, 966, 995, 835, 854, 790, 809, 975, 971, 989, 976, 978, 1000, 967, 866, 124, 1299, 1040, 1009, 1028, 1019, 867, 847, 848, 874, 1020, 841, 1041, 1021, 983, 964, 873, 605, 1047, 1244, 1302, 1300, 1252], "junction": [[-0.13274388677462576, -0.11792159747900921], [-0.11459811828083936, -0.11836019818673765], [-0.11456015646465216, -0.10648921830128999], [-0.13269978987681857, -0.10601719261587855], [-0.13275271496699342, -0.12030485755807016], [-0.12142755957288233, -0.2783400803437048], [-0.12088822980624611, -0.11846568961775386], [-0.13274484240356052, -0.11817957920343572], [0.9560678104613587, 0.18780320530554925], [0.962006413059961, 0.18731023653783802], [0.955513209314249, 0.20841438239793192], [0.999999, 0.19584954111726977], [0.9999989999999997, 0.21692830176792416], [0.9619856318531299, 0.1880777915952392], [0.999999, 0.19502804721275144], [0.974852211453201, -0.2871500584417517], [0.8334836458704603, -0.6168660382110349], [0.8585655460268923, -0.6204622638878762], [0.999999, -0.6114412199842377], [0.8365192851468894, -0.7492056411884985], [0.9472417257356686, -0.614806234936537], [0.9504868195897235, -0.7392801288884878], [0.9675471366219444, -0.6124661733380745], [0.9999989999999999, -0.6104026568636997], [0.9710257478316155, -0.7430885489566779], [0.999999, -0.7405348157163862], [0.8579828737326638, -0.5958025112638929], [0.999999, -0.5873888281330475], [0.6580772034371821, -0.277718889680364], [0.6582350887453812, -0.2863552282229479], [0.7248485213194026, -0.2776678098970517], [0.7379505607355435, -0.2776577868908336], [0.7264754147520601, -0.27785189001360505], [0.7589795144648613, -0.2778259436857582], [0.7233612447135208, -0.203807967839765], [0.7248503956350604, -0.27776089053712905], [0.8250612357263658, -0.2007110056088375], [0.9660572916681787, -0.20258310308937846], [0.7379524644461524, -0.27775064875067745], [0.5771792464169928, -0.2863141476000355], [0.5838113385272722, -0.7000362746565165], [0.9682986904112754, -0.28592676770371245], [0.999999, -0.2860836819062805], [0.7933114123954788, -0.2876187290214735], [0.9999989999999999, -0.2870851388202255], [0.7266550813793247, -0.2867544025400773], [0.7591661248431324, -0.28667651704633595], [0.8270447396891988, -0.28706470858740046], [0.9683198091627273, -0.2867120425877614], [0.7379543520919051, -0.2778427269765055], [0.8036642294005559, -0.5885659709233855], [0.8070907841956307, -0.7433678424164962], [0.999999, -0.5773076553498837], [0.8033596519973049, -0.7436871100392899], [0.8070908799878804, -0.743367861419023], [-0.03394279326095754, -0.6713685295952626], [-0.015373501259374813, -0.6762046805029184], [0.4366449683239349, -0.6473736059246095], [0.4144107714346269, -0.648791768747238], [0.4159723235928224, -0.785831370261639], [-0.03408613723059832, -0.8250272764507602], [0.3703103896980286, -0.6504426633787974], [0.37179146659618273, -0.7959056953998722], [0.32540033782486844, -0.653298358622725], [0.32671168914623794, -0.7998790748972726], [0.11812302720329257, -0.667689877177292], [0.11859061285861708, -0.8117305514812796], [0.1817518970085949, -0.6624325313107287], [0.18250202564579454, -0.8125898679111893], [0.13392866705243126, -0.6654734667948555], [0.13448575263840706, -0.8168220732480718], [0.43632579614174216, -0.6207834432114635], [-0.015361466423631879, -0.6475434603639051], [0.38807989390406167, -0.612396592377438], [0.30403044381746697, -0.6558321524298829], [0.30518517020722824, -0.7938786299756788], [0.18246178118159412, -0.8045339142286181], [0.3717281248771839, -0.7896846284785785], [-0.12739450367207697, -0.2881589181766737], [-0.12735969098363276, -0.27831974567130374], [-0.12142747566552593, -0.2783152075510057], [-0.0599032062790727, -0.278268141738193], [-0.07678950745971827, -0.27849309451407483], [-0.03427654541869452, -0.27845915863335197], [-0.059903382995922926, -0.27837432653213784], [-0.05976302132619764, -0.19403446330980498], [-0.05701037101210531, -0.19406881678533985], [0.016955122303012573, -0.1899812486036206], [0.20194353835125325, -0.19243746161823214], [-0.13337359331454596, -0.2879172654044179], [-0.034285339719121864, -0.28769370688116436], [0.20247643915888738, -0.28720465993120925], [0.3888813164020695, -0.2886628165683503], [0.3923856796507892, -0.6131450908219934], [-0.05989583551863689, -0.2898213916602763], [-0.13337767133507744, -0.2890181684125873], [-0.07681123782464457, -0.2886792368212462], [-0.03428618124604109, -0.2885773611299387], [0.017001904152524713, -0.2890868245021872], [0.20248441937324196, -0.2886238031291335], [-0.055777804022319584, -0.817195973802073], [-0.0555040303891423, -0.6378327786819713], [-0.05577773355189963, -0.8171959992438794], [-0.06077383433525657, -0.8176234719916797], [-0.135235766620377, -0.7906298384034569], [-0.9999990000000001, -0.8813787477621157], [-0.13530515326999504, -0.8093614682963547], [-0.1286028288292378, 0.9999990000000002], [0.41442448665262915, -0.6499953968168184], [0.5835256785355273, -0.6822162779745556], [0.6232469677785212, 0.999999], [0.6463451922894341, -0.2867316357030805], [-0.055114681647469924, 0.9999989999999999]],