{"line": [[16, 17], [15, 13], [13, 14], [17, 18], [0, 1], [4, 5], [6, 5], [13, 17], [5, 1], [2, 3], [8, 12], [7, 3], [10, 8], [11, 10], [8, 9]], "linedir": [2, 2, 3, 3, 3, 3, 2, 1, 1, 3, 1, 1, 2, 3, 3], "lineidx": [1334, 1328, 1327, 1335, 1242, 1259, 1263, 1337, 1285, 1252, 1310, 1274, 1301, 1302, 1300], "junction": [[-0.5393194959050518, -0.5073675523448098], [-0.5318366201952949, -0.4486556405006977], [-0.3530259781730093, -0.999999], [-0.319238439356977, -0.5478515879205806], [-0.8249457680640568, -0.45482643706288595], [-0.8132195975809466, -0.39542339918836455], [-0.83165016242734, -0.45359315990503174], [-0.9999989999999999, -0.42262529544486427], [0.36078124118512866, 0.47149086778091254], [0.5239929815891317, -0.9999990000000001], [-0.02209205541563975, -0.15871260810881596], [-0.02687869244663684, -0.999999], [0.999999, 0.2848709064464984], [0.43764928319961643, 0.4573289558814752], [0.4388036237645958, 0.4487121920958147], [0.43321217472641405, 0.4503446185872868], [0.6170159991491133, 0.39668299524553624], [0.6217859514883269, 0.40342524665316065], [0.623397192304458, 0.3948200025431342]], "juncdpth": [-0.6615166801979443, -0.6708241282294143, -0.6064284113737239, -0.6706114287205605, -0.645480191297251, -0.6547876469893925, -0.6723514995777132, -0.6324319418179511, -1.0944578833803495, -0.7535590931478974, -1.3744411102714968, -1.1296818505848487, -1.164717097506799, -1.2001672826829184, -1.1970100534944825, -1.202895448747979, -1.2242773886933735, -1.2215492171174134, -1.2183919815513697], "junctype": [1, 0, 0, 0, 1, 0, 1, 0, 0, 0, 0, 0, 0, 0, 1, 1, 1, 0, 1], "junindex": [-1, 604, -1, 596, -1, 687, -1, -1, 400, -1, 398, -1, -1, 346, -1, -1, -1, 276, -1], "K": [[3.125, 0.0, 0.0, 0.0], [0.0, 3.125, 0.0, 0.0], [0.0, 0.0, -1.0010005235671997, -0.010005001910030842], [0.0, 0.0, -1.0, 0.0]], "RT": [[-0.9371591210365295, 0.3489019572734833, 1.1920927533992653e-07, -2.8845995814208436e-08], [0.22426994144916534, 0.6023942232131958, 0.7660443186759949, -0.7193920612335205], [0.26727432012557983, 0.7179056406021118, -0.6427876353263855, -0.7017656564712524], [-0.0, -0.0, -0.0, 1.0]]}