{"line": [[3, 4], [5, 3], [8, 6], [0, 2], [0, 1], [15, 16], [17, 16], [10, 13], [6, 7], [8, 9], [12, 10], [5, 8], [3, 6], [4, 14], [24, 25], [10, 11], [21, 16], [20, 19], [18, 19], [24, 26], [22, 23]], "linedir": [1, null, null, 2, 3, 3, 2, 0, 0, 0, 2, 2, 2, 3, 2, 3, 1, 1, 3, 3, 3], "lineidx": [566, 571, 575, 557, 553, 1242, 1249, 599, 572, 573, 598, 579, 577, 605, 1301, 593, 1285, 1274, 1252, 1302, 1300], "junction": [[0.9660836621614467, -0.6790631901109471], [0.9703953334163393, -0.714950999728172], [0.9999989999999999, -0.6671026696583933], [0.812875304066528, -0.7818907935388576], [0.8190242659819434, -0.7821426552829063], [0.8105739697840273, -0.7588344537802578], [0.9294516422241796, -0.7441599779657837], [0.9999990000000001, -0.7369321019457855], [0.9266385110936595, -0.7196252681328913], [0.999999, -0.7117886246737083], [0.9312559130928764, -0.7451210957054079], [0.9605332785648, -0.999999], [0.8189470057053007, -0.7813743965569582], [0.9999990000000001, -0.737820781649117], [0.8409330850981457, -0.999999], [-0.73020113908404, 0.39214030316171966], [-0.7241096423273904, 0.4502846179230863], [-0.7288887921218141, 0.39197898656439195], [-0.6079363043725686, -0.999999], [-0.5087043424503593, 0.3649134259864081], [-0.9999989999999999, 0.42530445421474505], [-0.999999, 0.4853602150820844], [0.3361831544743418, 0.9999990000000001], [0.44186677987378836, -0.999999], [0.0015006453110318644, 0.7838164279384764], [0.09075244091570416, 0.9999990000000001], [0.0019072680627979883, -0.9999989999999999]], "juncdpth": [-0.723629609967797, -0.7204143671473906, -0.7105036841282567, -0.7156383562736419, -0.7149086499628236, -0.7176701577438642, -0.6692696150607205, -0.6610643920597502, -0.6713014165309428, -0.6627431007217776, -0.6703907668233766, -0.6499570150086406, -0.714976095250548, -0.6620746183185807, -0.6962831187979031, -0.6772257084158709, -0.6829227900663106, -0.7060936417358955, -0.5727164847106562, -0.6844349214824668, -0.6608397857626037, -0.6697020612888136, -0.9056695107995709, -0.6890551670171928, -1.335235147685598, -1.211161770217598, -1.0503986913400636], "junctype": [0, 1, 0, 0, 1, 0, 0, 0, 0, 0, 0, 0, 0, 0, 0, 1, 0, 1, 0, 0, 0, 0, 0, 0, 0, 0, 0], "junindex": [288, -1, -1, 301, -1, 302, 303, -1, 304, -1, 300, -1, 298, -1, -1, -1, 604, -1, -1, 596, -1, -1, -1, -1, 398, -1, -1], "K": [[3.125, 0.0, 0.0, 0.0], [0.0, 3.125, 0.0, 0.0], [0.0, 0.0, -1.0010005235671997, -0.010005001910030842], [0.0, 0.0, -1.0, 0.0]], "RT": [[-0.9687143564224243, 0.2481783628463745, 1.4156103134155273e-07, 5.7578667167490494e-08], [0.09697113931179047, 0.3785068392753601, 0.9205048680305481, -0.48278164863586426], [0.22844934463500977, 0.8917062878608704, -0.39073115587234497, -0.8814317584037781], [-0.0, -0.0, -0.0, 1.0]]}