{"line": [[12, 10], [10, 11], [13, 14], [14, 15], [2, 3], [4, 1], [10, 14], [1, 3], [0, 1], [7, 5], [7, 8], [5, 9], [5, 6]], "linedir": [2, 3, 2, 3, 3, 1, 1, 2, 3, 2, 3, 1, 3], "lineidx": [1328, 1327, 1334, 1335, 1257, 1274, 1337, 1258, 1252, 1301, 1302, 1310, 1300], "junction": [[-0.9289280588879107, -0.9999989999999999], [-0.8586013864351643, -0.6423404468041128], [-0.8046054434426345, -0.999999], [-0.7811581210265385, -0.8623285062198893], [-0.9999989999999999, -0.6396439772737524], [0.10661701360664706, 0.5289229289894163], [0.15763186466792878, -0.9999989999999997], [0.04829570454204147, -0.15618708540186366], [0.05879765548836234, -0.9999989999999999], [0.999999, 0.5015529165410213], [0.2661582540703971, 0.5436776943872041], [0.2678062220216223, 0.5239846711019079], [0.2635150113806845, 0.5241161383694933], [0.4751886320303375, 0.5176312195772904], [0.47913970848800397, 0.5371119875842473], [0.4821002054096401, 0.5174194738153312]], "juncdpth": [-0.6494234948226526, -0.7026166994051088, -0.7674114294912875, -0.790446110842991, -0.7016610743213509, -1.0745103662590125, -0.7267620858237072, -1.3730334859078628, -1.1277909184388248, -1.0839251058217805, -1.1674328408707169, -1.1602489281472912, -1.17469113931365, -1.177117309800405, -1.1698590054816522, -1.1626750869426246], "junctype": [0, 0, 0, 0, 0, 0, 0, 0, 0, 0, 0, 1, 1, 1, 0, 1], "junindex": [-1, 596, -1, 598, -1, 400, -1, 398, -1, -1, 346, -1, -1, -1, 276, -1], "K": [[3.125, 0.0, 0.0, 0.0], [0.0, 3.125, 0.0, 0.0], [0.0, 0.0, -1.0010005235671997, -0.010005001910030842], [0.0, 0.0, -1.0, 0.0]], "RT": [[-0.9992160797119141, 0.03958945721387863, 1.3224780559539795e-07, 8.502205162130849e-08], [0.025447718799114227, 0.6422836780548096, 0.7660443782806396, -0.7193920612335205], [0.030327200889587402, 0.7654438614845276, -0.6427875757217407, -0.7017656564712524], [-0.0, -0.0, -0.0, 1.0]]}