{"line": [[8, 9], [6, 7], [7, 8], [2, 3], [4, 2], [1, 4], [0, 1], [4, 5]], "linedir": [3, 3, 1, 3, 2, 1, 3, 3], "lineidx": [1335, 1327, 1337, 1305, 1307, 1310, 1300, 1308], "junction": [[-0.4282087242703527, -0.9999989999999999], [-0.29280255709301933, 0.49387197885979645], [0.9042673694888198, 0.08482677256801925], [0.9999989999999999, -0.30046439682841397], [0.6294236858329427, 0.8330621316137506], [0.9999990000000001, -0.8691243245898805], [-0.05337826932978051, 0.5819310222478509], [-0.053337729011394136, 0.5843175374298253], [0.1465908461452993, 0.6579047026215437], [0.14670482294914786, 0.6555205727016017]], "juncdpth": [-0.7429990502308864, -1.0865971584259393, -1.2507881081841496, -1.131047916678871, -0.9799295177662746, -0.6167912026481074, -1.151761344851683, -1.1526367502787958, -1.126777923407266, -1.1259025112840702], "junctype": [0, 0, 0, 0, 0, 0, 1, 0, 0, 1], "junindex": [-1, 400, 78, -1, 80, -1, -1, 346, 276, -1], "K": [[3.125, 0.0, 0.0, 0.0], [0.0, 3.125, 0.0, 0.0], [0.0, 0.0, -1.0010005235671997, -0.010005001910030842], [0.0, 0.0, -1.0, 0.0]], "RT": [[-0.9066175222396851, -0.4219535291194916, 1.4901162614933128e-07, -5.8648325307331106e-08], [-0.2712264060974121, 0.582762598991394, 0.7660444378852844, -0.7193921208381653], [-0.3232352137565613, 0.6945092678070068, -0.6427876949310303, -0.7017657160758972], [0.0, 0.0, -0.0, 1.0]]}