{"line": [[2, 3], [4, 2], [1, 4], [0, 1], [4, 5]], "linedir": [3, 2, 1, 3, 3], "lineidx": [1305, 1307, 1310, 1300, 1308], "junction": [[-0.591281530352842, -0.999999], [-0.40960882495486933, 0.4515305036950855], [0.8988463048558373, 0.18148970174824722], [0.999999, -0.21719685739579578], [0.4201681615425043, 0.9044935416925755], [0.7039557047897295, -0.999999]], "juncdpth": [-0.7631070159492027, -1.1015653486197627, -1.2076643991835585, -1.0855056974204316, -0.9600814272378164, -0.5730409188514316], "junctype": [0, 0, 0, 0, 0, 0], "junindex": [-1, 400, 78, -1, 80, -1], "K": [[3.125, 0.0, 0.0, 0.0], [0.0, 3.125, 0.0, 0.0], [0.0, 0.0, -1.0010005235671997, -0.010005001910030842], [0.0, 0.0, -1.0, 0.0]], "RT": [[-0.8287094235420227, -0.5596790909767151, 1.1920928955078125e-07, -8.147822683213235e-08], [-0.3597547113895416, 0.5326842069625854, 0.7660444378852844, -0.7193920612335205], [-0.42873910069465637, 0.6348282098770142, -0.6427876353263855, -0.7017656564712524], [0.0, 0.0, -0.0, 1.0]]}