{"line": [[23, 32], [23, 33], [40, 39], [17, 16], [14, 7], [22, 21], [20, 21], [12, 8], [13, 6], [19, 16], [15, 18], [25, 32], [3, 5], [0, 1], [38, 39], [2, 4], [33, 29], [2, 3], [23, 15], [37, 11], [6, 7], [35, 10], [36, 9], [8, 6], [12, 13], [9, 10], [11, 9], [43, 44], [29, 26], [15, 16], [18, 19], [24, 25], [0, 2], [21, 18], [26, 27], [30, 24], [34, 33], [28, 29], [31, 25], [41, 42], [45, 46]], "linedir": [null, null, 2, 1, null, null, 0, null, null, null, null, null, 3, 3, 3, 3, 1, 2, 1, 3, 2, 3, 3, 1, 1, 2, 1, 3, 2, 2, 2, 1, 1, 1, 3, 3, 3, 3, 3, 3, 3], "lineidx": [597, 603, 1258, 566, 561, 574, 573, 563, 562, 570, 569, 609, 393, 371, 1257, 391, 602, 374, 576, 615, 550, 613, 614, 551, 559, 555, 556, 1305, 604, 565, 568, 588, 375, 578, 589, 592, 608, 590, 594, 1300, 1308], "junction": [[0.41376260305677487, -0.9694121607694937], [0.41528162569591215, -0.999999], [0.6546198512144965, -0.9552246949752815], [0.7098785709973386, -0.9700275233264368], [0.658143860026111, -0.9999989999999999], [0.7124320892085783, -0.999999], [-0.14909293651759065, -0.5368197229509586], [-0.0841016636677463, -0.5602582209353616], [-0.2519123766113395, -0.5515845846127454], [-0.14734591858596027, -0.5494480049495292], [-0.03567171438711248, -0.5891097951349399], [-0.2924849013418446, -0.5699501314179153], [-0.25239132069966586, -0.5666301665286381], [-0.14938180916129093, -0.5521239305640472], [-0.08422488936975885, -0.5718658321910148], [-0.17275282817618856, -0.6471769547646934], [0.02664143509806101, -0.7073766341702267], [0.019853669866183667, -0.7081373058008326], [-0.17214318773255705, -0.6189127907549494], [0.026559155822698476, -0.6824542030578996], [-0.44110621064653127, -0.6679932281911032], [-0.43904163549484926, -0.6546920361848916], [-0.4397607676287315, -0.6678230812266379], [-0.23032407037464003, -0.6545872788346159], [-0.47327123725976517, -0.6720608710178789], [-0.25908525024156026, -0.6449745544366259], [0.019851074869250283, -0.7070824335561245], [0.02057165273588149, -0.999999], [-0.18187322557548982, -0.999999], [-0.17423148441525285, -0.6486543456819], [-0.4925893964832604, -0.999999], [-0.27057292281057677, -0.999999], [-0.23029304374102963, -0.6535073749492253], [-0.22787505745314773, -0.6552998929203221], [-0.23767240674810075, -0.999999], [-0.03600074785043761, -0.6624486784032687], [-0.1487788127344456, -0.6263842949073044], [-0.29489715824752544, -0.6353686543067174], [-0.999999, -0.1622003019308809], [-0.9941111887856418, -0.11789900658453091], [-0.9999990000000002, -0.11555410551405548], [-0.580887854776409, -0.9999990000000001], [-0.44195322832620526, 0.9999990000000001], [0.977164524868711, 0.999999], [0.9999989999999999, 0.8513301176792085], [0.6709152672188318, 0.9999990000000001], [0.8818267902213157, -0.9999990000000001]], "juncdpth": [-0.48488461661102633, -0.48311099515651346, -0.46635497356519107, -0.48572162993918067, -0.463857888175869, -0.4839806911096873, -0.6061787657025373, -0.6247214952027793, -0.6177288546093642, -0.6029230541780253, -0.6353529971854686, -0.6192623372196784, -0.6165566412991854, -0.6050065523923585, -0.6238075032228446, -0.5737196780953684, -0.6306027357711925, -0.6313563502647274, -0.5757514795655907, -0.6325563896874029, -0.6186650152301624, -0.6064157094277136, -0.6054240518952999, -0.5800472203134399, -0.5965724918457043, -0.5728619253388407, -0.6302867997878949, -0.608208273896423, -0.550824996167009, -0.5749838847052757, -0.5731764135664448, -0.5485401012317076, -0.5801253678674518, -0.5806742266708769, -0.5567377273452392, -0.6295462605661252, -0.5971163175586819, -0.6141967915606591, -0.9522172488824142, -0.9578569299188646, -0.956002091328784, -0.7022972052895934, -0.9230743896788564, -1.1295704907971071, -1.1037772911311339, -0.7093593642854074, -0.5396976718820731], "junctype": [0, 0, 0, 0, 0, 0, 0, 0, 0, 0, 0, 0, 0, 0, 1, 0, 0, 1, 0, 0, 1, 0, 1, 0, 0, 0, 0, 0, 0, 0, 0, 0, 0, 0, 0, 1, 1, 1, 0, 0, 0, 0, 0, 0, 0, 0, 0], "junindex": [126, -1, 92, 90, -1, -1, 260, 262, 284, 258, 256, 286, 283, 259, -1, 249, 247, -1, 250, 248, -1, 294, -1, 269, 296, 272, 252, -1, -1, 254, -1, -1, 270, 268, -1, -1, -1, -1, -1, 598, -1, -1, -1, -1, -1, -1, -1], "K": [[3.125, 0.0, 0.0, 0.0], [0.0, 3.125, 0.0, 0.0], [0.0, 0.0, -1.0010005235671997, -0.010005001910030842], [0.0, 0.0, -1.0, 0.0]], "RT": [[-0.8570917248725891, -0.5151638388633728, 1.1920928955078125e-07, 4.504664730120567e-08], [-0.20129045844078064, 0.33489251136779785, 0.9205048084259033, -0.48278164863586426], [-0.4742108881473541, 0.7889571189880371, -0.39073115587234497, -0.8814317584037781], [0.0, 0.0, -0.0, 1.0]]}