{"line": [[2, 3], [1, 4], [4, 2], [0, 1], [5, 4]], "linedir": [3, 1, 2, 3, 3], "lineidx": [1305, 1310, 1307, 1300, 1308], "junction": [[-0.8270709950947702, -0.9999989999999999], [-0.59375979597389, 0.33267319865272643], [0.8099453393684264, 0.37593163324819734], [0.999999, -0.4097471802061569], [-0.05083572015310181, 0.9563497348201893], [-0.08676712311074604, -0.9999989999999999]], "juncdpth": [-0.82263169232232, -1.1458751212331295, -1.1293417484814041, -0.9147058449516429, -0.9461690241856946, -0.5543513009899644], "junctype": [0, 0, 0, 0, 0, 0], "junindex": [-1, 400, 78, -1, 80, -1], "K": [[3.125, 0.0, 0.0, 0.0], [0.0, 3.125, 0.0, 0.0], [0.0, 0.0, -1.0010005235671997, -0.010005001910030842], [0.0, 0.0, -1.0, 0.0]], "RT": [[-0.6131156086921692, -0.789993166923523, 1.4901161193847656e-07, 1.9126460415463953e-09], [-0.5077978372573853, 0.3941032290458679, 0.7660444378852844, -0.7193920612335205], [-0.605169951915741, 0.469673752784729, -0.6427876353263855, -0.7017656564712524], [0.0, 0.0, -0.0, 1.0]]}