{"line": [[99, 98], [85, 86], [82, 81], [36, 47], [18, 16], [17, 15], [34, 35], [91, 92], [96, 94], [31, 30], [95, 94], [28, 21], [60, 74], [27, 19], [26, 20], [57, 63], [30, 33], [29, 32], [97, 98], [25, 26], [37, 38], [59, 73], [47, 46], [36, 29], [43, 48], [60, 61], [39, 37], [51, 24], [75, 76], [88, 85], [89, 90], [83, 84], [21, 19], [49, 23], [50, 22], [80, 81], [11, 3], [24, 22], [19, 20], [0, 1], [10, 2], [2, 3], [40, 39], [42, 43], [65, 66], [1, 2], [64, 61], [35, 32], [22, 23], [16, 13], [12, 13], [15, 14], [56, 57], [69, 70], [62, 63], [71, 60], [58, 59], [72, 73], [9, 6], [93, 94], [8, 7], [65, 64], [87, 85], [38, 41], [64, 77], [46, 45], [73, 78], [67, 68], [52, 53], [54, 55], [63, 79], [29, 30], [32, 33], [5, 9], [44, 45], [4, 8], [13, 14], [16, 15], [100, 101], [102, 103], [4, 5], [40, 42], [6, 7], [37, 47], [39, 43], [38, 46], [8, 9], [104, 105]], "linedir": [2, 2, 1, null, 1, 1, null, null, 2, 1, 1, null, null, null, null, null, null, null, 3, 2, 1, null, 1, 1, null, null, 2, 3, 2, 1, 1, 1, 1, 3, 3, 3, 3, 1, 2, 3, 3, 2, 1, 1, 3, 1, 3, 1, 2, 2, 1, 2, 1, 1, 1, 1, 1, 1, 2, 3, 2, 1, 3, 2, 2, 2, 2, 2, 2, 2, 2, 2, 2, 1, 3, 1, 3, 3, 3, 2, 3, 3, 3, 3, 3, 3, 3, 3], "lineidx": [1258, 845, 825, 603, 406, 405, 574, 870, 1254, 566, 1239, 563, 687, 562, 561, 681, 570, 569, 1257, 560, 580, 694, 602, 576, 609, 666, 582, 615, 689, 847, 854, 835, 551, 613, 614, 792, 393, 556, 550, 371, 391, 374, 583, 588, 677, 375, 673, 578, 555, 403, 400, 402, 662, 679, 672, 683, 663, 684, 384, 1224, 383, 676, 846, 585, 691, 604, 695, 678, 659, 661, 696, 565, 568, 387, 589, 386, 401, 404, 1300, 1306, 377, 592, 382, 608, 594, 590, 385, 1308], "junction": [[-0.4143453391442744, -0.06353692733001522], [-0.4131289191129211, 0.04151064808078931], [-0.2609852976673885, 0.05992426649234648], [-0.14078590019060777, 0.048557051051056385], [-0.49822741913456897, -0.8931680049733518], [-0.4870172579702491, -0.06940107605869815], [0.08020982235330895, -0.05722773493680615], [0.08216881888388766, -0.9310548862571629], [-0.14971333019532085, -0.9789873301199297], [-0.14589014567780537, -0.04187434834617746], [-0.2617988231967639, -0.05122742082447256], [-0.1411441045813496, -0.04219662969970187], [0.08091289129785512, -0.370837648688461], [0.281595516941961, -0.3771533921638279], [0.28551694476925576, -0.8798265317155395], [0.08649332970824794, -0.9203522934065699], [0.08522721263533635, -0.38398529558335875], [0.08214279078962276, -0.9194448322775978], [0.08094202380014569, -0.38383245040966824], [-0.6578820072411462, 0.42861026722445583], [-0.5594321913738125, 0.41098641665203095], [-0.7215618159246546, 0.40964563351986494], [-0.6611466450108129, 0.41648342594754034], [-0.4913397109135548, 0.38663566630768254], [-0.7504597415986365, 0.3903081050802245], [-0.5909993680281297, 0.40218876810841764], [-0.5596586189359692, 0.396695824874493], [-0.6581180018969301, 0.41595106717091757], [-0.721785254713404, 0.3987118434299362], [-0.731261403806149, 0.321558130926443], [-0.4280932121569641, 0.27735271139773193], [-0.4348382186516018, 0.2758884420748068], [-0.7307142744905922, 0.3480422286508118], [-0.4278085860705069, 0.3009164506903801], [-0.8852390742604932, 0.2985303790899115], [-0.8850965027773239, 0.3042349485933672], [-0.7650223601297086, 0.31238413889750233], [-0.7803133986455393, -0.5659751031352241], [-0.7477674193451458, -0.5702359584763755], [-0.8273496092787302, -0.5693780482238043], [-0.9521682977916232, -0.5524916405878727], [-0.4935768628258301, -0.5514267550448605], [-0.9301443699749585, 0.2864719918078286], [-0.8070832418108503, 0.3195175094725712], [-0.43902699337862794, -0.06552857546093596], [-0.43482071462596256, 0.2773151533729935], [-0.7294193299683376, 0.3201907860052617], [-0.7614349746602178, 0.31187361676972475], [-0.7650006686377755, 0.31338805128103686], [-0.49239202716385017, 0.3109642808277414], [-0.6626268143914046, 0.3374492465801875], [-0.7514827572188006, 0.3421489937277282], [-0.7959094541926041, -0.6271619141880473], [-0.4942497725570149, -0.6008748204713622], [-0.795924441507426, -0.6278463219989476], [-0.4942583878412299, -0.6015079055907853], [-0.999999, -0.595802960344066], [-0.7983783489727255, -0.6280605722795565], [-0.999999, -0.5796919436026599], [-0.795914231830677, -0.6107122198016166], [-0.7967208970300544, -0.6475323433796292], [-0.7499765256728791, -0.6432252709061151], [-0.9999989999999999, -0.5807329980255361], [-0.7980154259401686, -0.6115382413365316], [-0.753277866245165, -0.8032876197438193], [-0.9935325620665543, -0.7470024974147346], [-0.9899346221732991, -0.6149469300945367], [-0.7955485697918667, -0.6106818371610068], [-0.4940423128577498, -0.5856298621846625], [-0.999999, -0.5947100948846141], [-0.798352036168051, -0.626862663004388], [-0.999999, -0.6132495770172787], [-0.999999, -0.549710084616429], [-0.7951930235793199, -0.5777927670212839], [-0.7964602681455542, -0.6356359733084948], [-0.999999, -0.5432750589679115], [-0.9518463399737547, -0.5402272115266392], [-0.49654342276289537, -0.7694212988321173], [-0.49362790161665915, -0.555177287027455], [-0.49405052361698254, -0.5862332212102948], [-0.999999, -0.7022989813194161], [-0.9975657880249231, -0.6136788106462302], [-0.999999, -0.6132684277106191], [-0.999999, -0.20410126960640912], [-0.9429710958462036, -0.2021400586067683], [-0.9467570393724292, -0.2875333527638707], [-0.9452126490197281, -0.287528169588747], [-0.9534040243323476, -0.5403258059611743], [-0.999999, -0.28716958774295626], [-0.9999989999999999, -0.286440528620843], [-0.9451934062245695, -0.28679514841931086], [-0.999999, -0.7446456303471319], [-0.9934486224188477, -0.7439216516731667], [-0.999999, 0.5206025105369757], [-0.9934743430665588, 0.7502584802780655], [-0.999999, 0.7469547062218288], [-0.999999, 0.7518273756261555], [-0.9999989999999999, 0.7639998832780973], [-0.9992258380417777, 0.7910255827665706], [-0.999999, 0.7912186376039038], [-0.7748283327701228, 0.33552448663498474], [-0.7602775217413016, 0.999999], [0.2852343449605792, -0.8436011211455914], [0.999999, -0.7067656587763242], [0.18683076700581233, 0.999999], [0.1942265680343801, -0.3744037776058079]],