{"line": [[1, 4], [4, 2], [2, 3], [0, 1], [5, 4]], "linedir": [1, 2, 3, 3, 3], "lineidx": [1310, 1307, 1305, 1300, 1308], "junction": [[-0.8956383233761035, -0.999999], [-0.6564549223168702, 0.26162191134591384], [0.7241318686057661, 0.4668455089056946], [0.999999, -0.7740972101320911], [-0.28861751054937784, 0.9327395699884143], [-0.4884476178230896, -0.999999]], "juncdpth": [-0.860557936287099, -1.1741071491115616, -1.0961038040956042, -0.7937242486083472, -0.952452984080999, -0.5627930399575926], "junctype": [0, 0, 0, 0, 0, 0], "junindex": [-1, 400, 78, -1, 80, -1], "K": [[3.125, 0.0, 0.0, 0.0], [0.0, 3.125, 0.0, 0.0], [0.0, 0.0, -1.0010005235671997, -0.010005001910030842], [0.0, 0.0, -1.0, 0.0]], "RT": [[-0.48082801699638367, -0.8768149614334106, 1.6391277313232422e-07, -2.091725548325485e-08], [-0.5636057257652283, 0.3090704083442688, 0.7660443782806396, -0.7193920612335205], [-0.6716792583465576, 0.3683355450630188, -0.6427876353263855, -0.7017656564712524], [0.0, 0.0, -0.0, 1.0]]}