{"line": [[0, 1], [4, 3], [3, 6], [9, 8], [2, 3], [5, 6], [10, 1], [13, 14], [11, 12], [7, 8], [17, 18], [15, 16], [19, 20]], "linedir": [2, 1, null, 2, 2, 2, 3, 2, 2, 3, 3, 3, 3], "lineidx": [555, 566, 570, 604, 565, 568, 613, 1258, 1249, 589, 1305, 1300, 1308], "junction": [[-0.999999, -0.661514596174125], [-0.9924255042482122, -0.6620668018861846], [-0.999999, -0.7600008949562428], [-0.9520611375055121, -0.7628470537599955], [-0.9581047318555326, -0.7702416488884685], [-0.999999, -0.7367221877582887], [-0.9493834050087605, -0.7399953228930009], [-0.9851736294608731, -0.999999], [-0.9572824958699641, -0.7632626146925754], [-0.999999, -0.7607297728888617], [-0.999999, -0.7233010804655169], [-0.999999, -0.289780292557528], [-0.9105625203343847, -0.2999468106356272], [-0.9999990000000001, -0.29519525971162747], [-0.9111912835225955, -0.3052375714219191], [-0.9627558801735914, -0.739130571262448], [-0.7560747055546705, 0.999999], [0.7872858368739983, 0.9999990000000002], [0.9999990000000001, -0.7189336567563429], [-0.7908928870652372, -0.9999989999999994], [-0.6017300919951286, 0.9999989999999996]], "juncdpth": [-0.7045333148676578, -0.7051188605840872, -0.6890131651117782, -0.6926639255057374, -0.7017073642115167, -0.6907625099631816, -0.6946175794219478, -0.6735330780904107, -0.6931569405255464, -0.6899015128948999, -0.6997786462766056, -1.1704365871609523, -1.1820282288989923, -1.1225291202828698, -1.1335673714443175, -0.8521337125682991, -1.0850733222429856, -0.8914431076394924, -0.7018210314574024, -0.5343489443125777, -0.7023291750162066], "junctype": [0, 0, 0, 0, 1, 0, 0, 0, 0, 0, 0, 0, 1, 0, 1, 1, 0, 0, 0, 0, 0], "junindex": [-1, 256, -1, 247, -1, -1, 248, -1, 252, -1, -1, -1, -1, -1, -1, -1, -1, -1, -1, -1, -1], "K": [[3.125, 0.0, 0.0, 0.0], [0.0, 3.125, 0.0, 0.0], [0.0, 0.0, -1.0010005235671997, -0.010005001910030842], [0.0, 0.0, -1.0, 0.0]], "RT": [[-0.3857300281524658, -0.9226117134094238, 1.341104507446289e-07, 1.2734619758703047e-07], [-0.36049309372901917, 0.1507168561220169, 0.9205048680305481, -0.48278164863586426], [-0.8492685556411743, 0.35506629943847656, -0.39073115587234497, -0.8814317584037781], [0.0, 0.0, -0.0, 1.0]]}