{"line": [[22, 23], [25, 22], [14, 17], [7, 8], [9, 10], [26, 27], [28, 29], [30, 31], [0, 1], [2, 18], [2, 19], [9, 7], [20, 21], [34, 35], [32, 33], [6, 4], [4, 5], [4, 13], [3, 0], [11, 7], [12, 9], [16, 14], [2, 0], [24, 22], [14, 15], [36, 37], [39, 40], [38, 37]], "linedir": [1, 2, 2, 2, 2, 2, 2, 2, 2, 2, 1, null, 1, 2, 2, 1, 2, 3, 1, 1, 1, 1, 3, 3, 3, 3, 3, 2], "lineidx": [842, 845, 59, 34, 35, 848, 1019, 1022, 3, 64, 66, 36, 840, 1258, 1249, 10, 9, 51, 5, 37, 38, 58, 4, 843, 56, 1305, 1308, 1306], "junction": [[0.9832432222691914, -0.7389375191150646], [0.9999989999999999, -0.7381175931806613], [0.9794553734386918, -0.5984865523711598], [0.8905073876784317, -0.7164605088595651], [0.9341152766634633, 0.12216972945810299], [0.9999989999999999, 0.119444351142365], [0.8703401935234409, 0.10869042519446949], [0.9891650246342912, 0.03467276833366268], [0.9999990000000001, 0.03432171328912709], [0.9885141704667989, 0.05815251316846037], [0.999999, 0.05775203314484565], [0.8726047635515589, 0.016034398799746555], [0.8720653193332311, 0.0381060314325436], [0.9360322654358266, 0.049117837940426005], [0.991793400089318, 0.03352297045943681], [0.999999, -0.2617213462813094], [0.8726406272046651, 0.014567019320395476], [0.9999989999999999, 0.03325800217756043], [0.9999990000000001, -0.5977848432022763], [0.999999, -0.6019704860758119], [-0.9999989999999999, -0.6390275086593735], [-0.9958132181593192, -0.6145530691636147], [-0.9923965648707008, -0.28493678729864824], [-0.9870576127563793, -0.28381564567002004], [-0.9999989999999999, -0.5607494353182468], [-0.999999, -0.28494441890231675], [-0.9999990000000001, -0.2837622887870748], [-0.9870558301777993, -0.28375062680964747], [-0.999999, -0.2827643016753538], [-0.9870284992264651, -0.28275374099015765], [-0.9999990000000001, -0.28197121647114015], [-0.9870067798271669, -0.28196153434855], [-0.9999989999999999, 0.6767248742569105], [-0.9608119052405324, 0.6734863276592656], [-0.9999990000000001, 0.6701753296237953], [-0.9609904558573926, 0.6669737633568494], [0.8485560661132012, 0.999999], [0.8909098234334739, -0.7329263710225261], [-0.999999, -0.8233831975371646], [-0.9999990000000002, -0.7558477118071687], [-0.9518601258258619, 0.9999989999999997]], "juncdpth": [-0.6603577823239718, -0.6615228955217183, -0.6629115972312495, -0.693858707154923, -0.6978515803529888, -0.7026929186610835, -0.7224701079999883, -0.6618549403982383, -0.6626099889682412, -0.662290718816573, -0.6630916541500016, -0.7044753417651675, -0.704911120183502, -0.6964223769311136, -0.6643343686950867, -0.6588830749944038, -0.7080650740134893, -0.6649083811148923, -0.6643456230128985, -0.6558824985893956, -0.8408052540476721, -0.9011252742919232, -0.8158656864983581, -0.9037027459605272, -0.8096631441653892, -0.8153261811579251, -0.9083567995888446, -0.9093805892727135, -1.005184583009308, -1.0063199000639396, -1.0982151959557303, -1.099457666898304, -1.1800561107544116, -1.1840921310101222, -1.133658146224487, -1.137517747737899, -0.7095551609759212, -0.6758228027647144, -0.5646681706849811, -0.5656238509796204, -0.5942292700975118], "junctype": [0, 0, 0, 1, 0, 0, 1, 0, 0, 0, 0, 1, 1, 1, 0, 0, 1, 0, 0, 0, 0, 0, 0, 1, 0, 0, 0, 1, 0, 1, 0, 1, 0, 1, 0, 1, 0, 0, 0, 0, 0], "junindex": [67, -1, 68, -1, 84, -1, -1, 14, -1, 15, -1, -1, -1, -1, 24, -1, -1, -1, -1, -1, -1, 432, 324, -1, -1, -1, -1, -1, -1, -1, -1, -1, -1, -1, -1, -1, -1, 77, -1, -1, -1], "K": [[3.125, 0.0, 0.0, 0.0], [0.0, 3.125, 0.0, 0.0], [0.0, 0.0, -1.0010005235671997, -0.010005001910030842], [0.0, 0.0, -1.0, 0.0]], "RT": [[-0.2863350808620453, -0.9581295847892761, 1.341104507446289e-07, -2.343651033243077e-07], [-0.08350647985935211, 0.024955879896879196, 0.9961946606636047, -0.18677522242069244], [-0.9544835686683655, 0.28524547815322876, -0.0871557667851448, -0.9874790906906128], [0.0, 0.0, -0.0, 1.0]]}