{"line": [[15, 13], [4, 5], [22, 23], [4, 6], [0, 2], [8, 9], [6, 12], [6, 7], [0, 1], [3, 20], [8, 10], [2, 21], [10, 19], [17, 13], [18, 15], [24, 22], [10, 11], [2, 3], [22, 25], [13, 14], [15, 16], [26, 27]], "linedir": [null, 3, 3, 1, 1, 3, 3, 2, 3, 3, 1, 3, 3, 1, 1, 1, 2, 2, 2, 2, 2, 3], "lineidx": [36, 11, 56, 15, 10, 16, 24, 14, 6, 50, 20, 51, 42, 37, 38, 58, 19, 9, 59, 34, 35, 1305], "junction": [[0.6327677632545945, -0.88324415956247], [0.6381600149634997, -0.9535080297416254], [0.6834593541479922, -0.8583401235964159], [0.800132772437415, -0.8596377843495797], [0.8864378797454544, -0.8064436764788601], [0.890535537839934, -0.844203440513317], [0.937682020507583, -0.7833883705428623], [0.9999990000000001, -0.7841973226477186], [0.8216814543261375, -0.8720879563568097], [0.8276431033478903, -0.9318301256305527], [0.8886901940701772, -0.8441821919962433], [0.9999990000000002, -0.8454638757139379], [0.9447547678493035, -0.8448277568349992], [0.696237324439812, -0.9576513693878734], [0.9999990000000002, -0.9603139673196399], [0.6939712178131162, -0.9305724819589283], [0.9999990000000001, -0.9334517254293773], [0.6130120537275199, -0.9894386809860954], [0.6111882724707338, -0.9645920354096681], [0.8982539339949314, -0.9324944632656218], [0.8071397420289647, -0.9316372210230759], [0.6896137745846981, -0.9323631680985025], [0.7034953121937585, -0.9588685129851785], [0.7069727050521927, -0.999999], [0.6132704735949456, -0.9929593152902031], [0.9999989999999999, -0.9614593620472189], [0.46698432765213743, 0.9999990000000001], [0.6137871970692641, -0.9999989999999999]], "juncdpth": [-0.6740124535683079, -0.668317250307638, -0.6381567325851951, -0.6399305505528193, -0.65933844058486, -0.6563045955752704, -0.6313484270636702, -0.632290225853, -0.6574642496961343, -0.6527284206469384, -0.6194236529055541, -0.6210740936594198, -0.6266219380305583, -0.5982849380821833, -0.6026352828794322, -0.6002385919983937, -0.6046357027020102, -0.6547102252716542, -0.6566638791878646, -0.6128286204014267, -0.634375155722938, -0.6324615287260759, -0.6002658070165977, -0.597313269773763, -0.6616212444600862, -0.6045262654720044, -0.8216878410561014, -0.6251598796873846], "junctype": [0, 1, 0, 0, 0, 1, 0, 0, 0, 1, 0, 0, 1, 0, 0, 0, 0, 1, 1, 1, 1, 1, 0, 0, 1, 0, 0, 0], "junindex": [114, -1, 84, 82, 96, -1, 72, -1, 100, -1, 56, -1, -1, 14, -1, 15, -1, -1, -1, -1, -1, -1, 24, -1, -1, -1, -1, -1], "K": [[3.125, 0.0, 0.0, 0.0], [0.0, 3.125, 0.0, 0.0], [0.0, 0.0, -1.0010005235671997, -0.010005001910030842], [0.0, 0.0, -1.0, 0.0]], "RT": [[-0.07911700755357742, -0.9968653917312622, 1.3597309589385986e-07, 2.5488873234280618e-08], [-0.38950634002685547, 0.03091360256075859, 0.9205048084259033, -0.48278164863586426], [-0.9176194071769714, 0.0728275403380394, -0.39073115587234497, -0.8814317584037781], [0.0, 0.0, -0.0, 1.0]]}