{"line": [[32, 28], [12, 13], [17, 19], [26, 27], [14, 13], [18, 17], [16, 15], [3, 4], [6, 7], [4, 10], [0, 1], [1, 23], [28, 26], [30, 31], [15, 13], [16, 14], [7, 21], [5, 9], [3, 11], [28, 29], [2, 25], [0, 24], [8, 20], [6, 22], [2, 0], [5, 3], [8, 6], [30, 32], [18, 16], [17, 15], [33, 34], [35, 36]], "linedir": [null, 2, 1, 3, null, null, null, 1, 1, 3, 1, 3, 1, 3, 1, 1, 3, 3, 3, 3, 3, 3, 3, 3, 2, 2, 2, 2, 2, 2, 3, 3], "lineidx": [61, 27, 37, 52, 30, 36, 33, 13, 18, 25, 8, 49, 53, 56, 31, 32, 43, 24, 26, 54, 51, 50, 42, 44, 9, 14, 19, 59, 35, 34, 1302, 1305], "junction": [[0.25212974345719236, -0.8356189637609476], [0.283092364699291, -0.8622819283408364], [0.1294606321795628, -0.8398384256975491], [0.49136668050246973, -0.7434491796708297], [0.5060351477898628, -0.7693036433076577], [0.3623281387108415, -0.7486342378165861], [0.508307053388174, -0.8084496950266624], [0.5272710673149243, -0.8397519996170368], [0.28738870325679616, -0.8163278233762872], [0.36522820200503575, -0.8135520034344653], [0.5084901100475285, -0.8087518512753631], [0.4953351424029759, -0.8089122839407138], [0.5833377683601229, -0.9776599822883724], [0.5939526877376206, -0.9774064004443532], [0.5921227217033882, -0.9517125559387218], [0.5631639793810352, -0.930308496916007], [0.5611955894112541, -0.9013247482463064], [0.04881053818266513, -0.9442832622083079], [0.04864593488937863, -0.9162713211134583], [0.061775327973395945, -0.9506907327632607], [0.2906527255623016, -0.9092141080235137], [0.5312854781728796, -0.9021969635588033], [0.5141703496982986, -0.9026960615732477], [0.2847137897811685, -0.9093872946321142], [0.2544257409557228, -0.9102705310654617], [0.13062932390572388, -0.9138805855290749], [0.5832675440512809, -0.9766560172742629], [0.5849003149199729, -0.9999990000000001], [0.5526940232879212, -0.9318830771542329], [0.5572331536859464, -0.999999], [0.06173436703701653, -0.9451787737659606], [0.06214175174364762, -0.9999990000000001], [0.5513500487947707, -0.9319194733771959], [0.22541096435489125, 0.999999], [0.289761237251742, -0.816243216881105], [0.03447995996777033, 0.9999989999999997], [0.04531889118942213, -0.999999]], "juncdpth": [-0.6086179228230457, -0.6435758833159939, -0.6138949695181368, -0.5880998110634885, -0.6153890086386036, -0.5933768626012945, -0.5766977828980933, -0.6137858913005152, -0.5856035226774869, -0.5886651905477418, -0.6124179381165127, -0.5833881390099357, -0.6326028529946349, -0.6321433059518347, -0.634096959868045, -0.5569932190121176, -0.558946872928328, -0.57735920000789, -0.5793128539241004, -0.5872034741690361, -0.5790271865697479, -0.6091480951961799, -0.5701214467903543, -0.6399107499506755, -0.6031255889336077, -0.6084026356286987, -0.6307873573876752, -0.6290264868769898, -0.5592157972346858, -0.5546605077773717, -0.5787151501862877, -0.5749211829348723, -0.5592673818337555, -1.1984623250267916, -0.9323064241193574, -0.7952686046695434, -0.6050594998282698], "junctype": [0, 0, 0, 0, 0, 0, 0, 0, 0, 1, 1, 1, 1, 0, 0, 0, 0, 0, 0, 1, 1, 1, 1, 1, 1, 1, 0, 0, 0, 0, 0, 0, 0, 0, 1, 0, 0], "junindex": [82, 112, 84, 70, 94, 72, 54, 98, 56, -1, -1, -1, -1, 131, 132, 12, 13, 14, 15, -1, -1, -1, -1, -1, -1, -1, 128, -1, 21, -1, 24, -1, 22, -1, -1, -1, -1], "K": [[3.125, 0.0, 0.0, 0.0], [0.0, 3.125, 0.0, 0.0], [0.0, 0.0, -1.0010005235671997, -0.010005001910030842], [0.0, 0.0, -1.0, 0.0]], "RT": [[0.23537012934684753, -0.9719058275222778, 1.341104507446289e-07, -8.82224000520182e-08], [-0.3797539174556732, -0.09196632355451584, 0.9205048680305481, -0.48278161883354187], [-0.894644021987915, -0.21665939688682556, -0.39073115587234497, -0.8814316987991333], [-0.0, 0.0, -0.0, 1.0]]}