{"line": [[4, 2], [2, 0], [0, 1], [3, 2]], "linedir": [2, 1, 3, 3], "lineidx": [1307, 1304, 1302, 1305], "junction": [[0.12943992750354397, 0.11872168169985116], [0.16960249841249586, -0.999999], [-0.5267716120063964, 0.593098698392284], [-0.7947896342323315, -0.999999], [-0.9999990000000001, 0.18379671163568068]], "juncdpth": [-1.2353204960795656, -0.9427905096708399, -1.0530637158758598, -0.6979510716688005, -1.2066715990472832], "junctype": [0, 0, 0, 0, 0], "junindex": [398, -1, 78, -1, -1], "K": [[3.125, 0.0, 0.0, 0.0], [0.0, 3.125, 0.0, 0.0], [0.0, 0.0, -1.0010005235671997, -0.010005001910030842], [0.0, 0.0, -1.0, 0.0]], "RT": [[0.692968487739563, -0.7209678888320923, 1.1920928955078125e-07, 9.924835353558592e-08], [-0.4634293019771576, -0.44543153047561646, 0.7660444378852844, -0.7193921208381653], [-0.5522933602333069, -0.5308446884155273, -0.6427876353263855, -0.7017657160758972], [-0.0, 0.0, -0.0, 1.0]]}