{"line": [[4, 2], [2, 0], [0, 1], [3, 2]], "linedir": [2, 1, 3, 3], "lineidx": [1307, 1304, 1302, 1305], "junction": [[0.09477078536803206, 0.13070803241269163], [0.12459032764391892, -0.999999], [-0.6555247911657867, 0.5198914951314392], [-0.9664554435514199, -0.9999989999999999], [-0.999999, 0.07357249409815297]], "juncdpth": [-1.2299417481157287, -0.9355648578154716, -1.077598987478415, -0.730911194194425, -1.256009975904607], "junctype": [0, 0, 0, 0, 0], "junindex": [398, -1, 78, -1, -1], "K": [[3.125, 0.0, 0.0, 0.0], [0.0, 3.125, 0.0, 0.0], [0.0, 0.0, -1.0010005235671997, -0.010005001910030842], [0.0, 0.0, -1.0, 0.0]], "RT": [[0.7980172634124756, -0.602634608745575, 1.4901161193847656e-07, 5.454486995404295e-08], [-0.3873661756515503, -0.5129555463790894, 0.7660444378852844, -0.7193920612335205], [-0.46164482831954956, -0.6113167405128479, -0.6427876353263855, -0.7017655968666077], [-0.0, 0.0, -0.0, 1.0]]}