{"line": [[118, 119], [40, 34], [82, 85], [0, 1], [92, 82], [129, 127], [77, 78], [75, 76], [17, 18], [38, 41], [38, 39], [22, 23], [25, 26], [74, 67], [73, 66], [100, 87], [109, 120], [68, 66], [117, 118], [107, 108], [69, 70], [110, 103], [1, 2], [24, 22], [58, 55], [55, 53], [27, 26], [5, 6], [77, 80], [29, 28], [85, 84], [76, 79], [81, 83], [62, 63], [34, 35], [44, 42], [3, 1], [4, 2], [57, 53], [121, 122], [64, 62], [11, 12], [45, 46], [98, 90], [36, 37], [86, 76], [112, 107], [15, 16], [47, 52], [14, 21], [13, 20], [70, 71], [97, 95], [43, 60], [42, 61], [77, 81], [10, 32], [80, 83], [101, 72], [107, 109], [102, 71], [115, 110], [11, 13], [7, 8], [9, 33], [47, 48], [49, 59], [7, 9], [18, 31], [45, 47], [19, 30], [42, 43], [15, 19], [13, 14], [95, 92], [9, 10], [51, 49], [83, 84], [81, 82], [49, 50], [113, 115], [66, 67], [73, 74], [38, 36], [19, 18], [71, 72], [22, 28], [24, 29], [103, 105], [62, 65], [53, 54], [55, 56], [87, 88], [127, 128], [105, 106], [99, 97], [84, 79], [122, 17], [89, 90], [94, 95], [96, 88], [110, 111], [91, 92], [115, 116], [103, 104], [93, 87], [36, 40], [29, 27], [28, 26], [125, 126], [113, 114], [123, 124]], "linedir": [3, null, null, 2, null, 3, 1, 2, 2, 1, 3, 1, 2, null, null, null, 3, 2, 1, 3, 3, 2, null, null, 2, null, null, 1, null, null, null, null, null, 3, 3, 2, 1, 1, 2, 1, 2, 3, 3, 1, 3, 1, 2, 3, 3, 3, 3, 2, 2, 3, 3, 2, 3, 2, 3, 1, 3, 1, 2, 3, 3, 1, 3, 2, 3, 2, 3, 1, 2, 1, 0, 1, 2, 0, 0, 1, 2, 1, 1, 2, 1, 1, 2, 2, 1, 1, 1, 1, 1, 2, 3, 3, 1, 3, 3, 3, 3, 3, 3, 3, 3, 3, 1, 1, 1, 3, 3, 3], "lineidx": [1270, 128, 537, 27, 531, 1308, 497, 496, 85, 127, 124, 94, 98, 493, 494, 538, 1277, 483, 1262, 1234, 484, 1254, 30, 95, 172, 170, 100, 53, 502, 103, 505, 500, 506, 190, 121, 144, 31, 32, 171, 1286, 192, 78, 145, 533, 123, 507, 1249, 83, 158, 93, 91, 488, 529, 184, 185, 508, 117, 510, 545, 1236, 546, 1261, 82, 73, 118, 148, 176, 77, 111, 149, 109, 143, 87, 81, 530, 76, 154, 504, 503, 153, 1258, 482, 490, 125, 86, 487, 104, 105, 1239, 193, 168, 169, 519, 1307, 1230, 536, 509, 1287, 521, 524, 525, 1243, 522, 1257, 1224, 523, 126, 102, 101, 1305, 1252, 1302], "junction": [[-0.96413555573539, -0.9999989999999999], [-0.9627125428623412, -0.9988457381320262], [-0.9599280658837154, -0.974663377700346], [-0.999999, -0.9975452513969811], [-0.999999, -0.9731621741254621], [-0.9999990000000001, -0.9984129096973218], [-0.9733124926117047, -0.999341233904039], [0.17126841927436423, -0.8708306369838205], [0.17289064415041544, -0.9488114324194302], [0.2537453470472239, -0.8463998044222583], [0.36233005903680343, -0.8527747298542013], [0.4316701456376466, -0.8036301319027643], [0.4340490145530519, -0.8486300050729926], [0.5060613967861851, -0.7820052616645804], [0.6100654826227226, -0.7891507461247456], [0.3656380344855318, -0.8667809116243765], [0.3681541892804468, -0.9234080684299778], [0.6352445715799669, -0.8534255773248125], [0.6445394751336265, -0.851229512855504], [0.4654498434000801, -0.8402986888211877], [0.509852078004788, -0.8430088011180102], [0.6145747997617242, -0.8494006041098375], [0.1108705222938216, -0.9889823890204713], [0.12351630151167561, -0.9894953543975342], [0.11054022724570428, -0.9641035733347308], [0.7068005474323863, -0.9697876531980388], [0.7210516537806779, -0.9673364314070111], [0.7187662121537965, -0.940935650357983], [0.2929715468404167, -0.947395605137185], [0.2919915620997235, -0.9196005929280768], [0.4704561687678548, -0.928522286454128], [0.6513145701554317, -0.9375636491025329], [0.36543948285060807, -0.9232723564855627], [0.25627893609923924, -0.9283595160655029], [0.7066431062838554, -0.9679317206312633], [0.7093634148685806, -0.999999], [0.2976958858276228, -0.9489491917365906], [0.29952446084667633, -0.9999989999999999], [0.12350091487414357, -0.9884549861834332], [0.12367164630735447, -0.9999990000000001], [0.7056155309619426, -0.967884022597718], [0.13316795617488145, -0.9888483318193914], [0.6819036963585441, -0.8715366537992258], [0.7794831351753533, -0.8772654680563167], [0.6467457144082439, -0.8793433269814089], [0.830179168965702, -0.8296773426282875], [0.8349548480819516, -0.8768009694101594], [0.9163478818722894, -0.8101935359984018], [0.9999990000000001, -0.8159406925629666], [0.8875430502503712, -0.8660613559588662], [0.999999, -0.8729251603367432], [0.7804914454883349, -0.8879235381038816], [0.9228539662954478, -0.8682165751418144], [0.7468520046982324, -0.9685382632768094], [0.999999, -0.9803303558599517], [0.7444926827686446, -0.942221752351077], [0.9999989999999999, -0.9549948679781277], [0.7072632464908376, -0.9752419976258473], [0.7192748311634163, -0.9468110745877706], [0.8965783701875395, -0.9498247270707275], [0.7858238200057692, -0.9442879532992488], [0.687521944465306, -0.9393737060264608], [0.7495571180527043, -0.9699237049941348], [0.752262737763747, -0.9999990000000001], [0.7074143494099344, -0.9770232144875349], [0.9999990000000001, -0.9815487265683052], [-0.48440859284371607, -0.5093823631636781], [-0.3587577398303148, -0.5208982323469012], [-0.49788891507912797, -0.5218626000209194], [-0.5777254164745252, -0.5889171061556455], [-0.5760008189350243, -0.5651823502275887], [-0.5281579190531955, -0.5191349492920336], [-0.3489108682356886, -0.5352875570630685], [-0.48537982294035864, -0.5251643771889176], [-0.35946688533094856, -0.5364801453264731], [-0.285357928367441, -0.6453217165398534], [-0.27832833362882153, -0.6409594737279188], [-0.7817790567715546, -0.6799839524734004], [-0.7757823023293573, -0.6803896073262823], [-0.27733716375578693, -0.6124596832572283], [-0.7791529814237244, -0.6529700208174691], [-0.7352481831428658, -0.6285796759240806], [-0.6244684626437067, -0.6149167868048813], [-0.7325827455844062, -0.5996119596266501], [-0.6221604700677107, -0.5854345609303832], [-0.6243793755771259, -0.613778791368176], [-0.33371188617760905, -0.6367925632525944], [-0.612620451232107, -0.6024933678877711], [-0.33321410470281954, -0.6248611429891034], [-0.2979975950987154, -0.9999989999999999], [-0.2852238306222008, -0.6415588464412111], [-0.6561581557667249, -0.999999], [-0.6260601144943996, -0.6164321508868492], [-0.6431960748243448, -0.9999989999999999], [-0.7643965303962048, -0.9999989999999999], [-0.7305792766694312, -0.6300592760532323], [-0.34886493851710265, -0.9999989999999999], [-0.775689097740908, -0.6794233696395752], [-0.33375173998443314, -0.6377478268419413], [-0.8066122547504615, -0.9999989999999999], [-0.6243793755771259, -0.613778791368176], [-0.3520616682303163, -0.606603237833524], [-0.5330689365196084, -0.5924170054123861], [0.33303695381697246, -0.45661470076971766], [0.3498802760217176, -0.8520438126107808], [0.5647192429863985, -0.48150138490138195], [0.5867540331132624, -0.7875491590440652], [0.3236404090615068, -0.4377690901988712], [0.32460147081570334, -0.46093097200991584], [0.3959216259747908, -0.44569236037828047], [0.3114980120905633, -0.46763575489359127], [0.32673730660107597, -0.8506851065680323], [0.274307571675696, -0.4637019359346147], [0.12567273161950732, -0.518823316109222], [0.13268674942573425, -0.9586718897185904], [0.23519089605009144, -0.4595643694397952], [0.2468838678559037, -0.84843227160762], [0.3967871174644841, -0.46276023907630426], [0.4157597690382012, -0.46479988845834025], [0.415797202124773, -0.46550458253702076], [0.39682292690692467, -0.46346641727343196], [0.5656565110337287, -0.49451938044429217], [0.6078378958954517, -0.49898111651796456], [0.0338607615428159, 0.9999990000000001], [0.044505039683932095, -0.9999989999999999], [-0.999999, 0.57423409034815], [-0.9372740066395288, 0.999999], [-0.9991048845896049, 0.7233106965258493], [-0.9494469543794062, 0.9999990000000001], [-0.9999989999999999, 0.717369596749017]],