{"line": [[3, 2], [2, 1], [0, 1]], "linedir": [3, 1, 3], "lineidx": [1305, 1304, 1302], "junction": [[-0.028312035743467173, -0.9999989999999999], [-0.0214634117626326, 0.14275590192011306], [-0.882320846484442, 0.2437821518964234], [-0.9999990000000001, -0.22041665259538334]], "juncdpth": [-0.9283652228465111, -1.2245823977295542, -1.1814155675992417, -1.0423887166877597], "junctype": [0, 0, 0, 0], "junindex": [-1, 398, 78, -1], "K": [[3.125, 0.0, 0.0, 0.0], [0.0, 3.125, 0.0, 0.0], [0.0, 0.0, -1.0010005235671997, -0.010005001910030842], [0.0, 0.0, -1.0, 0.0]], "RT": [[0.985312819480896, -0.17075875401496887, 1.341104365337742e-07, -8.147821972670499e-08], [-0.10976171493530273, -0.6333468556404114, 0.7660443186759949, -0.7193920016288757], [-0.13080869615077972, -0.7547933459281921, -0.6427876353263855, -0.7017655968666077], [-0.0, 0.0, -0.0, 1.0]]}