{"line": [[45, 46], [62, 56], [28, 24], [101, 103], [102, 101], [8, 9], [60, 61], [74, 73], [3, 4], [71, 64], [43, 44], [47, 48], [70, 63], [14, 15], [93, 86], [92, 104], [90, 91], [73, 76], [3, 5], [17, 19], [72, 75], [49, 48], [51, 50], [16, 15], [17, 18], [8, 10], [29, 31], [63, 64], [33, 35], [33, 34], [2, 3], [100, 101], [69, 70], [65, 63], [95, 90], [56, 57], [37, 39], [58, 59], [24, 25], [68, 66], [29, 30], [26, 27], [83, 82], [84, 67], [77, 72], [78, 75], [66, 67], [60, 58], [37, 38], [7, 8], [43, 50], [36, 42], [35, 41], [6, 13], [12, 5], [45, 51], [105, 106], [85, 66], [32, 54], [31, 55], [22, 1], [23, 0], [90, 92], [96, 98], [98, 93], [40, 53], [39, 52], [11, 21], [20, 10], [82, 80], [72, 73], [75, 76], [31, 32], [35, 36], [0, 1], [5, 6], [110, 111], [39, 40], [10, 11], [79, 80], [86, 88], [96, 97], [81, 82], [98, 99], [58, 62], [27, 28], [51, 49], [50, 48], [93, 94], [18, 16], [17, 15], [86, 87], [106, 107], [88, 89], [108, 109]], "linedir": [1, null, null, 3, 2, 1, 3, 1, 1, null, 1, 2, null, 2, 2, 3, 3, null, 2, 2, null, null, null, null, null, 2, 2, 2, 2, 3, 3, 1, 1, 1, 2, 3, 2, 3, 3, 1, 3, 3, 1, 3, 1, 1, 2, 2, 3, 3, 2, 3, 3, 3, 3, 2, 1, 3, 3, 3, 3, 3, 1, 2, 1, 3, 3, 3, 3, 2, 2, 2, 1, 1, 1, 1, 3, 1, 1, 3, 1, 3, 3, 3, 1, 1, 1, 1, 3, 1, 1, 3, 3, 3, 3], "lineidx": [163, 195, 128, 1270, 1263, 84, 191, 497, 79, 492, 161, 165, 493, 98, 1254, 1277, 1234, 501, 82, 104, 500, 167, 170, 100, 103, 87, 144, 481, 149, 145, 78, 1262, 490, 482, 1249, 188, 154, 190, 121, 487, 140, 123, 533, 544, 507, 509, 486, 192, 150, 83, 171, 160, 158, 93, 91, 172, 1286, 545, 184, 185, 117, 118, 1236, 1258, 1261, 178, 176, 111, 109, 535, 496, 499, 143, 148, 76, 81, 1305, 153, 86, 520, 1239, 1252, 521, 1257, 193, 126, 169, 168, 1243, 102, 101, 1224, 1287, 1230, 1302], "junction": [[-0.3230835056701526, -0.8479850501677324], [-0.20096343744279388, -0.8491156294581069], [-0.08209696799372616, -0.833433668776472], [-0.08171037726970448, -0.7948420867326965], [-0.0754549166124561, -0.7949067330432995], [-0.0752309783726017, -0.7706985577584482], [0.04776039283784104, -0.7720274858724059], [-0.15158458138506029, -0.923089836092777], [-0.15046770314119876, -0.8620452806245141], [-0.1463373608210456, -0.8620825198383639], [-0.14581672193895043, -0.8328229689690374], [0.06570845420723166, -0.834850258409783], [-0.07581186807700009, -0.8334939061294309], [0.048128268649539306, -0.8346817672391489], [0.10785001196919587, -0.9650705733984336], [0.11927974396221691, -0.9526371063808571], [0.11888625583281402, -0.9252078446497457], [-0.38098164321393563, -0.9489873944722045], [-0.37971259149445846, -0.9213034066112623], [-0.37081373659894995, -0.973498727609932], [-0.14742349320755727, -0.9231224208270754], [0.06642948017098868, -0.9247970650593634], [-0.20276411601028402, -0.9226890583475941], [-0.3259853198894182, -0.9217241352272291], [0.10770301123979764, -0.9537205219340827], [0.10830238914151881, -0.9999989999999999], [-0.37199262812633144, -0.999999], [-0.36977939886379413, -0.9502478762056166], [0.10645150219035451, -0.9537114199285163], [0.1531577228609898, -0.8781188134241655], [0.15403806502322734, -0.9254831121551967], [0.174651628000292, -0.8525930482010446], [0.2944337227924216, -0.8537019826922828], [0.39802147240038616, -0.79979981820272], [0.39988693180700763, -0.8380530757353873], [0.4260115717625546, -0.7761145093835983], [0.5466204447300197, -0.7774176944810716], [0.3311648312230241, -0.8663876850922222], [0.33359979502040354, -0.9268892278183495], [0.3657727842600445, -0.8377261205598284], [0.5731255013085311, -0.8397134205183534], [0.4292686309060317, -0.8383346744056726], [0.5507896468994321, -0.8394993502945692], [0.10752503957606403, -0.9960346794329421], [0.1177967592228931, -0.9961009034089136], [0.10721138506552855, -0.9716536300502978], [0.1079353376501093, -0.9716586418628728], [0.6283337065638168, -0.9618431711842299], [0.6409619043897922, -0.9564430958940425], [0.6388688960279834, -0.9292797353302236], [0.15088313202608236, -0.952867672370412], [0.15038569351430187, -0.9254545110897779], [0.3697627678503509, -0.9271724135646839], [0.5793516749599593, -0.9288136666597313], [0.2970463219604792, -0.9266029841348375], [0.17620502791727266, -0.92565669766103], [0.6280062068622292, -0.9575045957168085], [0.6312139198146463, -0.999999], [0.1602128828471053, -0.9541024170101756], [0.16109708806821685, -0.999999], [0.11778383022895339, -0.9951835382596989], [0.11785169750700564, -0.9999989999999999], [0.6267799586237089, -0.9574956774286842], [-0.957631710254878, -0.5699676126091905], [-0.9334406429322318, -0.5949263793741639], [-0.999999, -0.5693550080361385], [-0.9532102824644754, -0.5829798314473785], [-0.9120097554545956, -0.6250102690546845], [-0.999999, -0.5823148760180538], [-0.999999, -0.5841142575057795], [-0.9594091136856789, -0.5846897211025363], [-0.9343020122516881, -0.6022689747937746], [-0.9457121794849032, -0.6799314467277957], [-0.8742966119431625, -0.742905572016049], [-0.8800249574424404, -0.7428560720009773], [-0.9425351796142256, -0.6529155036120452], [-0.8717508497433428, -0.7193057627458201], [-0.999999, -0.6794198867411022], [-0.9999990000000001, -0.6523513495733706], [-0.9079454302088308, -0.999999], [-0.879938991769734, -0.7420643423991153], [-0.9875672650220099, -0.999999], [-0.9498736529522508, -0.6808358988699075], [-0.9999990000000001, -0.6802194857934383], [-0.9178408584835535, -0.6760768781986027], [-0.9615784533960506, -0.6527285452834573], [0.5595612288425451, -0.4194995001951624], [0.5961948277379793, -0.928945562364559], [0.8335446287080689, -0.4243909150920667], [0.8951639441063554, -0.9999989999999999], [0.567075053875994, -0.3999467634412947], [0.5685152136444507, -0.4196593553348103], [0.6510513138687308, -0.40147853483969814], [0.5484383766706259, -0.432368018285152], [0.5833719666776364, -0.9288451488422362], [0.5395144212152091, -0.4322109940761386], [0.40962635956354854, -0.4983596912891206], [0.42418156795870887, -0.7776630642734332], [0.4613233065049794, -0.43083515821494606], [0.48179882549909053, -0.7767172935396033], [0.6524638779909739, -0.4183228027858039], [0.6913156477422442, -0.4190185941555043], [0.6885074083178933, -0.4218015712822946], [0.6915677579197221, -0.4218562075837621], [0.6527020021211948, -0.4211623387691344], [0.8349382493739812, -0.4374092246498541], [0.8998128793976243, -0.43855074618770434], [0.9645769367933218, -0.9999989999999999], [-0.06569698488195644, -0.7708015730501984], [-0.05139224434256272, 0.9999989999999999], [-0.999999, 0.8763319517408341], [-0.9809313674031785, 0.999999]],