{"line": [[29, 24], [59, 55], [75, 77], [76, 75], [42, 43], [16, 18], [67, 60], [46, 48], [64, 65], [66, 78], [69, 64], [33, 34], [16, 17], [12, 14], [46, 47], [0, 1], [45, 44], [36, 37], [30, 31], [3, 4], [34, 40], [79, 80], [27, 28], [6, 7], [14, 15], [43, 44], [26, 24], [57, 58], [31, 52], [74, 75], [55, 56], [10, 4], [12, 13], [20, 7], [37, 50], [9, 5], [11, 3], [24, 25], [35, 39], [33, 41], [23, 2], [22, 0], [54, 32], [70, 72], [30, 53], [19, 8], [64, 66], [21, 6], [38, 49], [36, 51], [72, 67], [2, 0], [32, 30], [5, 3], [35, 33], [8, 6], [38, 36], [86, 87], [60, 62], [62, 63], [28, 29], [58, 59], [83, 81], [17, 14], [16, 12], [47, 45], [46, 44], [70, 71], [72, 73], [67, 68], [60, 61], [81, 82], [84, 85]], "linedir": [null, null, 3, 2, 1, 2, 2, 2, 3, 3, 2, 2, null, null, null, 2, null, 2, 2, 2, 3, 1, 3, 2, 2, 2, 3, 3, 3, 1, 3, 3, 2, 3, 3, 3, 3, 2, 3, 3, 3, 3, 3, 2, 3, 3, 1, 3, 3, 3, 1, 1, 1, 1, 1, 1, 1, 3, 1, 3, 1, 1, 2, 1, 1, 1, 1, 3, 3, 3, 3, 3, 3], "lineidx": [128, 195, 1270, 1263, 161, 104, 1254, 171, 1234, 1277, 1249, 147, 103, 100, 170, 75, 167, 152, 142, 80, 159, 1286, 123, 85, 99, 165, 121, 190, 183, 1262, 188, 92, 98, 110, 177, 91, 93, 120, 158, 160, 118, 117, 185, 1258, 184, 109, 1236, 111, 176, 178, 1261, 76, 143, 81, 148, 86, 153, 1305, 1239, 1230, 126, 193, 1301, 102, 101, 169, 168, 1252, 1257, 1243, 1224, 1300, 1302], "junction": [[-0.4724963175922026, -0.8565961466159875], [-0.4488772116423497, -0.8706968224373162], [-0.589782279787411, -0.8581200535194086], [-0.247439775320152, -0.7746185124264363], [-0.22323868781539083, -0.7983822744518349], [-0.3681955594423493, -0.7764498388564974], [-0.24011740417348698, -0.8368577672009453], [-0.20759874314687835, -0.8655615949542625], [-0.44718406331576677, -0.8396433208190148], [-0.3710081598595826, -0.8386185683824756], [-0.22466438535987437, -0.8504979595179587], [-0.24933628138157948, -0.8369817836740363], [-0.20445317547857028, -0.9533834534498097], [-0.1616565269237597, -0.9841471871571288], [-0.20378004424661664, -0.9260063217941318], [-0.16881658699995872, -0.9530185047330597], [-0.6896923526864487, -0.9583527118047481], [-0.6874517980491065, -0.9313228886075938], [-0.6767733458154594, -0.9630883607726605], [-0.45204167428142245, -0.9287352377023327], [-0.20912537429237962, -0.9260650781802654], [-0.24274081172786163, -0.9264345823278293], [-0.47665922173854547, -0.9290058361708403], [-0.594961523231171, -0.9303062265391574], [-0.213278062862015, -0.9546427434020234], [-0.1617875986954314, -0.9909142647089278], [-0.21444121218301604, -0.9999990000000001], [-0.6797739218406395, -0.999999], [-0.6764711802539636, -0.9593713664576661], [-0.21451913976772233, -0.9546554132467379], [0.01715168356103361, -0.850234106732973], [0.03321607417659135, -0.8759566851416848], [-0.1033265088068699, -0.8517994905659978], [0.2568912071572895, -0.766970061758641], [0.25940832735042724, -0.7913825189673453], [0.1327707261002918, -0.7688524156278483], [0.2736697717937288, -0.8299460715524931], [0.276100066410328, -0.8594415958428947], [0.060732884041215913, -0.8328105941200394], [0.13379905197809647, -0.8318276752411715], [0.26064083249901576, -0.8301213426905041], [0.2588876378436846, -0.8301449274517378], [0.3172092144203073, -0.9921801337143565], [0.3249766335786421, -0.9921098662509477], [0.3263495145923698, -0.9479475863014966], [0.3252594649286219, -0.9201910682148627], [-0.17303526957745344, -0.9530617076000781], [-0.1724650868657555, -0.9256621047463776], [-0.16122954559682137, -0.9621026560143087], [0.06140195318743549, -0.9230914155669199], [0.27815758162452764, -0.9207088166830281], [0.2767024073053504, -0.9207248121002347], [0.03340735888478951, -0.9233991348617842], [0.017304852224828995, -0.9235761351762511], [-0.10424624465812261, -0.9249122366184943], [0.31557892856069775, -0.9492437742272221], [0.31750609536913305, -0.9999989999999999], [-0.16196356126430322, -0.9999989999999999], [-0.1610747319217164, -0.9541098126113945], [0.31430153036706265, -0.9492568148669098], [0.6646929793100974, -0.39319680188734274], [0.7167012712270586, -0.999999], [0.9581520501732536, -0.38585441469099374], [0.9999989999999999, -0.7242412376961848], [0.6815568256417224, -0.37253712074232725], [0.6833362134545532, -0.39273034554888925], [0.7707825531626772, -0.3702562930364896], [0.6595940965818414, -0.406788823823072], [0.7099591398801267, -0.999999], [0.6736958536429036, -0.3929715487062531], [0.5484709510874379, -0.4796315719794343], [0.584867009863996, -0.9999990000000001], [0.567965145510272, -0.4090483136628469], [0.6111558594250777, -0.999999], [0.7725143041396725, -0.3876288018974396], [0.8221214246526161, -0.3863838185494585], [0.8205485124460941, -0.38929727454401686], [0.8224255641785067, -0.3892503104458671], [0.7727997131340698, -0.39049195621352006], [0.959825372331264, -0.39938539296438313], [0.9999989999999999, -0.3983947464328335], [0.004790180975212698, 0.5305646142844456], [0.0057582802742714755, -0.8503821422318272], [-0.07352063004238422, 0.9999989999999997], [-0.1200700447196334, -0.9250861733630086], [-0.09217773145235522, 0.999999], [-0.999999, 0.7339408559084566], [-0.9598580455290553, 0.9999990000000001]], "juncdpth": [-0.6357885626317081, -0.6554579378340404, -0.6378572395098043, -0.6213157721409595, -0.649274023901345, -0.6233844492563572, -0.610157868909907, -0.648155300429458, -0.6136490442423979, -0.6186586059362568, -0.6451538155134191, -0.6165899288208591, -0.5914414602318814, -0.6445907229230938, -0.5933951141480918, -0.6363144705024867, -0.599425210323842, -0.6013788642400524, -0.6072367174213663, -0.6070548260109111, -0.6434237410094461, -0.6035636506784203, -0.6302359142561397, -0.6323045911342359, -0.5934444581263784, -0.6575895015705967, -0.5902255751754292, -0.5981680406533765, -0.601088477585396, -0.5934646796956037, -0.627295211201611, -0.6631102457341935, -0.6293638880797072, -0.6128224206317618, -0.6407806724712479, -0.6148910978262601, -0.6016645177171114, -0.6396619487620594, -0.6051556928123007, -0.6101652545061597, -0.6377505692055768, -0.6080965773116614, -0.6600793824821152, -0.6599406670654435, -0.5829481089797603, -0.5849017628959707, -0.5909318587157688, -0.5928855126319792, -0.6055939290520235, -0.598561474580814, -0.6349303893420476, -0.5950702994856246, -0.6593132736427789, -0.6217425628260426, -0.6238112397041387, -0.5849511065776305, -0.5814006170719513, -0.5893430824677097, -0.5925951259575476, -0.5849713284632578, -1.2404020621876786, -1.150390659950427, -1.2307196492016406, -1.1792176805825896, -1.271974031710343, -1.268661842922975, -1.2689400578442402, -1.2587337584169553, -1.1694380936386573, -1.299817326708345, -1.3670048608241068, -1.2819364997567217, -1.2618338261329214, -1.1726591975284848, -1.2924204319066772, -1.2907088578413735, -1.294721317128736, -1.2902315428174636, -1.2656278690568723, -1.2486819665675641, -1.2473491102740875, -1.5173255497291507, -1.2621820356405185, -1.2111617838069575, -0.8760243245894371, -1.1410999354327676, -1.1320360625166748, -1.1793773947992583], "junctype": [0, 1, 0, 0, 0, 0, 0, 0, 0, 1, 1, 1, 0, 1, 0, 1, 0, 0, 1, 1, 1, 1, 1, 1, 0, 1, 0, 0, 0, 0, 0, 0, 0, 0, 0, 0, 0, 0, 0, 1, 1, 1, 1, 0, 0, 0, 0, 0, 1, 1, 1, 1, 1, 1, 1, 0, 0, 0, 0, 0, 0, 0, 0, 0, 0, 1, 0, 0, 0, 1, 0, 0, 0, 0, 1, 0, 1, 1, 1, 1, 0, 0, 1, 0, 1, 0, 0, 0], "junindex": [366, -1, 348, 406, 408, 384, 410, 412, 370, -1, -1, -1, 420, -1, 421, -1, 333, 334, -1, -1, -1, -1, -1, -1, 415, -1, -1, -1, 338, 413, 449, 451, 445, 461, 463, 457, 465, 467, 453, -1, -1, -1, -1, 477, 475, 476, 434, 435, -1, -1, -1, -1, -1, -1, -1, 470, -1, -1, 439, 468, 600, -1, 753, -1, 606, -1, 617, 602, -1, -1, 596, -1, 598, -1, -1, 685, -1, -1, -1, -1, -1, 400, -1, -1, -1, -1, -1, -1], "K": [[3.125, 0.0, 0.0, 0.0], [0.0, 3.125, 0.0, 0.0], [0.0, 0.0, -1.0010005235671997, -0.010005001910030842], [0.0, 0.0, -1.0, 0.0]],