{"line": [[5, 4], [2, 0], [0, 1], [4, 2], [3, 2]], "linedir": [3, 2, 3, 1, 3], "lineidx": [1305, 1301, 1300, 1304, 1302], "junction": [[0.13218735144338217, -0.39598520359736367], [0.15156560962696308, -0.9999989999999999], [-0.1321416665257008, 0.11757512594398936], [-0.17308787550647603, -0.9999990000000001], [-0.8749294475531476, -0.04031305624345254], [-0.9999990000000001, -0.5784471206645342]], "juncdpth": [-1.52093166170572, -1.3264737416109167, -1.235837477363773, -0.9434850011801613, -1.3114121774668157, -1.1473943862788902], "junctype": [0, 0, 0, 0, 0, 0], "junindex": [400, -1, 398, -1, 78, -1], "K": [[3.125, 0.0, 0.0, 0.0], [0.0, 3.125, 0.0, 0.0], [0.0, 0.0, -1.0010005235671997, -0.010005001910030842], [0.0, 0.0, -1.0, 0.0]], "RT": [[0.9542667269706726, 0.29895660281181335, 1.341104507446289e-07, -2.473036602168577e-07], [0.19216550886631012, -0.6133909225463867, 0.7660444378852844, -0.7193921208381653], [0.22901412844657898, -0.7310107350349426, -0.6427876353263855, -0.7017657160758972], [-0.0, 0.0, -0.0, 1.0]]}