{"line": [[10, 8], [6, 7], [8, 9], [8, 6], [4, 2], [0, 1], [2, 0], [5, 4], [3, 2]], "linedir": [1, 3, 3, 2, 1, 3, 2, 3, 3], "lineidx": [1331, 1327, 1329, 1328, 1304, 1300, 1301, 1305, 1302], "junction": [[0.4016282064671021, -0.32487871240783817], [0.468592806744587, -0.999999], [-0.20943189825687616, 0.0624519623837676], [-0.2701979647004679, -0.999999], [-0.6937386268425754, -0.2688762559558996], [-0.8207596980565134, -0.9999989999999999], [0.21381063490107205, -0.20289857063127917], [0.21397579289153523, -0.20593208929401263], [0.10176787925621493, -0.13179231729834207], [0.10184880174337904, -0.13485851926707465], [0.09930041705752869, -0.13324318298121962]], "juncdpth": [-1.4738556999880812, -1.2632329722785278, -1.2612127571021174, -0.9775734878322859, -1.4387819897412468, -1.2161157393936166, -1.5276951218338182, -1.5265159612298955, -1.4840760607738233, -1.4828969021315044, -1.4849411650892406], "junctype": [0, 0, 0, 0, 0, 0, 0, 1, 0, 1, 1], "junindex": [400, -1, 398, -1, 78, -1, 346, -1, 344, -1, -1], "K": [[3.125, 0.0, 0.0, 0.0], [0.0, 3.125, 0.0, 0.0], [0.0, 0.0, -1.0010005235671997, -0.010005001910030842], [0.0, 0.0, -1.0, 0.0]], "RT": [[0.7117581367492676, 0.7024246454238892, 1.341104507446289e-07, 9.227593977811921e-08], [0.4515097737312317, -0.45750942826271057, 0.7660444378852844, -0.7193920612335205], [0.5380885004997253, -0.5452383756637573, -0.6427876949310303, -0.7017656564712524], [-0.0, 0.0, -0.0, 1.0]]}