{"line": [[22, 18], [51, 52], [36, 37], [51, 53], [60, 62], [9, 10], [38, 36], [11, 13], [48, 49], [20, 18], [41, 39], [54, 55], [57, 59], [27, 28], [56, 58], [30, 35], [6, 2], [29, 30], [29, 34], [46, 47], [7, 1], [8, 0], [25, 26], [2, 0], [14, 11], [26, 44], [21, 22], [15, 13], [63, 65], [31, 43], [16, 4], [17, 3], [23, 24], [25, 45], [31, 32], [5, 3], [56, 57], [0, 1], [33, 31], [27, 29], [39, 40], [41, 42], [46, 50], [60, 61], [3, 4], [23, 25], [55, 56], [18, 19], [11, 12], [13, 10], [48, 46], [38, 41], [36, 39], [71, 72], [63, 64], [68, 66], [73, 71], [66, 67], [69, 70]], "linedir": [null, 3, 2, 1, 1, null, null, null, 3, 3, null, 3, 3, 3, 3, 3, 3, 2, 3, 3, 3, 3, 2, 1, 1, 3, 1, 1, 1, 3, 3, 3, 3, 3, 2, 1, 2, 2, 1, 1, 2, 2, 2, 3, 2, 1, 1, 2, 2, 2, 1, 1, 1, 1, 3, 2, 3, 3, 3], "lineidx": [195, 279, 228, 283, 1239, 164, 229, 167, 258, 188, 237, 407, 429, 212, 427, 227, 158, 215, 225, 257, 159, 160, 210, 148, 168, 251, 193, 169, 1261, 243, 177, 178, 207, 252, 220, 153, 410, 147, 221, 216, 235, 236, 260, 1224, 152, 211, 411, 187, 165, 166, 259, 239, 238, 1304, 1257, 1301, 1305, 1300, 1302], "junction": [[-0.8745619592492382, -0.8011928417283014], [-0.7533796492248346, -0.8175639447048716], [-0.9403218705656595, -0.812903809610782], [-0.8998468814510968, -0.8607863915170055], [-0.7331646238638134, -0.8806206943162196], [-0.999999, -0.876735428357732], [-0.9466875723800351, -0.8682456836028334], [-0.7589053624289953, -0.8775576832293324], [-0.8811843982594364, -0.8630071278327157], [-0.5926992962509543, -0.999999], [-0.5910698215952985, -0.9770097714484309], [-0.9290184890003489, -0.9706949036267231], [-0.6042774662617914, -0.999999], [-0.9261013198162239, -0.9445296980127956], [-0.9999990000000001, -0.9794177024401284], [-0.999999, -0.9542690263382273], [-0.7404500847506555, -0.9625279034960599], [-0.9091905685048489, -0.9461691332520549], [-0.925984269698289, -0.9721795743389176], [-0.6166424546234737, -0.999999], [-0.9290751878556931, -0.9999989999999999], [-0.9999990000000001, -0.9812278103524176], [-0.9266611734477792, -0.9722623252299746], [0.5464653807514748, -0.8544715208202863], [0.5522157183563051, -0.9409322684622887], [0.7178251124966281, -0.835965436552637], [0.779337116710598, -0.8491073010720575], [0.7716874438477274, -0.8038045190392371], [0.7758992241440955, -0.8483728051160464], [0.9060987294083326, -0.7885182434326128], [0.9601217470417892, -0.8023072803392663], [0.9108142726268618, -0.8437563357118454], [0.9999989999999999, -0.8642286022668023], [0.7800941112892835, -0.8570830559455461], [0.9122768737329879, -0.8440920743589223], [0.9664993294233574, -0.856538785795436], [0.4789529949278795, -0.9734872034443894], [0.4930564278762183, -0.9754512509071269], [0.4774608271754179, -0.9475179900936643], [0.863924413694267, -0.9419072085049043], [0.9999989999999999, -0.9662492068186322], [0.8609928971674142, -0.9137297601896076], [0.9999990000000002, -0.9403817545616961], [0.9198332845758869, -0.9250113776301803], [0.7860968058169692, -0.9203279212078423], [0.7256780252163458, -0.9256506668376908], [0.859118622969022, -0.9436412712526984], [0.8649481170929618, -0.999999], [0.49294543893979353, -0.9735744511350514], [0.49450811633226843, -0.9999990000000001], [0.9999989999999999, -0.9686733717377815], [0.9846164696511083, -0.8534433887406939], [0.9855104677598104, -0.8609027739243524], [0.9999990000000001, -0.8519302185003931], [-0.18121526814286276, -0.999999], [-0.18050257767161537, -0.9671126720855285], [0.009509176091378888, -0.9483721663969599], [0.1164289285474604, -0.9618290080770139], [0.009568242627017482, -0.999999], [0.11696282053449643, -0.9999989999999999], [0.980421315037633, -0.2347578429919031], [0.9999990000000001, -0.3864557403002912], [0.9999989999999999, -0.23030931727887607], [0.9082124988097873, -0.2706753255689423], [0.97824480550486, -0.8592349482913905], [0.9829060789319625, -0.2540110620932487], [0.3783522570139252, 0.5993066584732683], [0.46782779430979565, -0.999999], [-0.16998666592118036, 0.999999], [-0.28253486271935996, -0.9999990000000001], [-0.21495903644159078, 0.9999990000000001], [-0.7352859760881969, 0.6914423462624788], [-0.26296788286675005, 0.999999], [-0.9003220153462477, -0.8057803660050814]], "juncdpth": [-0.6527479975134494, -0.6737457880009234, -0.6676323783814322, -0.6415092488876635, -0.6700468694340227, -0.6642585673469731, -0.6631431008032634, -0.6688401431933902, -0.6478423523786689, -0.6781277506332083, -0.6799972247876997, -0.6202190152071996, -0.675887534783366, -0.62217266912341, -0.63580698395078, -0.6384523940397585, -0.6634541327956885, -0.6349165124313978, -0.6228179708753121, -0.6758875393076773, -0.6207459352309297, -0.6391403937007972, -0.6229634697711024, -0.6329263986421765, -0.6263355896431909, -0.6090475693472044, -0.6258142324058831, -0.656009226088055, -0.6524482340280343, -0.6373687212896142, -0.6541353843482929, -0.6188771434239726, -0.6462858172411509, -0.6364476600666678, -0.6330523112109514, -0.64981897426963, -0.6251246785123454, -0.6286222815455603, -0.6270783324285558, -0.5737916882501919, -0.6125642383211567, -0.5757453421664023, -0.6154880442083203, -0.6128090138216591, -0.6204328136906426, -0.6024567603482189, -0.5763906439183044, -0.572505936344418, -0.6252792199488537, -0.623303299021201, -0.6167143571775631, -0.7248479886179646, -0.7241904476422395, -0.7225367219884692, -0.47988739859361, -0.48178215778511735, -0.4579033467025493, -0.47480130929354125, -0.4550762723252418, -0.47263399496027103, -1.0603860662599205, -1.0396261164151852, -1.0560827756262212, -1.096459279347652, -1.0179639317146763, -1.0794222989410214, -1.463163734720018, -1.1833220997961131, -1.2111617183622434, -0.9043688008287917, -1.1886700852318, -1.396357863360437, -1.2111617269177302, -1.1403949276784555], "junctype": [0, 0, 0, 0, 0, 0, 1, 1, 1, 0, 0, 0, 0, 0, 0, 0, 1, 1, 0, 0, 0, 0, 0, 0, 1, 0, 0, 0, 1, 0, 0, 0, 0, 1, 1, 1, 0, 1, 0, 0, 0, 0, 0, 1, 1, 1, 0, 0, 0, 0, 0, 0, 1, 0, 0, 0, 0, 0, 0, 0, 0, 0, 0, 0, 1, 1, 0, 0, 0, 0, 0, 0, 0, 1], "junindex": [461, 463, 457, 465, 467, -1, -1, -1, -1, -1, 478, 475, -1, 476, -1, -1, -1, -1, 470, -1, -1, -1, 468, 677, -1, 737, 739, 717, -1, 761, 763, 793, -1, -1, -1, -1, 644, -1, 645, 858, -1, 859, -1, -1, -1, -1, 845, -1, 652, -1, -1, 721, -1, -1, -1, 661, 725, 727, -1, -1, 600, -1, -1, 598, -1, -1, 400, -1, -1, -1, -1, 78, -1, -1], "K": [[3.125, 0.0, 0.0, 0.0], [0.0, 3.125, 0.0, 0.0], [0.0, 0.0, -1.0010005235671997, -0.010005001910030842], [0.0, 0.0, -1.0, 0.0]], "RT": [[0.7478371858596802, 0.6638822555541992, 1.4901161193847656e-07, -1.7170651744891074e-07], [0.2593993544578552, -0.2922033667564392, 0.9205048084259033, -0.48278164863586426], [0.6111068725585938, -0.6883876919746399, -0.39073115587234497, -0.8814317584037781], [-0.0, 0.0, -0.0, 1.0]]}