{"line": [[6, 7], [8, 9], [10, 8], [8, 6], [4, 2], [5, 4], [0, 1], [2, 0], [3, 2]], "linedir": [3, 3, 1, 2, 1, 3, 3, 2, 3], "lineidx": [1327, 1329, 1331, 1328, 1304, 1305, 1300, 1301, 1302], "junction": [[0.5521138607232393, -0.23771302165061614], [0.6583415911072794, -0.9999989999999999], [-0.2335595951498221, 0.016262112388509175], [-0.29757261750996716, -0.9999990000000001], [-0.5116034362004326, -0.37700999274604674], [-0.5893174362918622, -0.999999], [0.36029926018938857, -0.14805258524446915], [0.3629522162517157, -0.17656502988560147], [0.21553218401333274, -0.10072650016490159], [0.2171497733477705, -0.12943324160517336], [0.19558166347216, -0.122461180177259]], "juncdpth": [-1.4199780919109504, -1.1908550935714564, -1.2832921164215803, -1.0072343674194322, -1.5080776193460397, -1.3092058273937686, -1.4938295325056767, -1.4829105435698566, -1.4657913872500123, -1.4548723998750273, -1.4785361933894177], "junctype": [0, 0, 0, 0, 0, 0, 0, 1, 0, 1, 1], "junindex": [400, -1, 398, -1, 78, -1, 346, -1, 344, -1, -1], "K": [[3.125, 0.0, 0.0, 0.0], [0.0, 3.125, 0.0, 0.0], [0.0, 0.0, -1.0010005235671997, -0.010005001910030842], [0.0, 0.0, -1.0, 0.0]], "RT": [[0.45751529932022095, 0.8892017602920532, 1.341104507446289e-07, -6.016094289407192e-09], [0.5715678334236145, -0.2940852642059326, 0.7660444378852844, -0.7193920612335205], [0.6811681389808655, -0.3504769504070282, -0.6427876949310303, -0.7017656564712524], [-0.0, 0.0, -0.0, 1.0]]}