{"line": [[6, 7], [8, 9], [10, 8], [8, 6], [4, 2], [5, 4], [0, 1], [2, 0], [3, 2]], "linedir": [3, 3, 1, 2, 1, 3, 3, 2, 3], "lineidx": [1327, 1329, 1331, 1328, 1304, 1305, 1300, 1301, 1302], "junction": [[0.6135203642633574, -0.1830514656214132], [0.7417971331441953, -0.9999989999999999], [-0.23661760427483383, -0.007763744464513871], [-0.29952794240871217, -0.9999989999999999], [-0.4088462847910428, -0.4168195245530763], [-0.4664237544810147, -0.9999990000000001], [0.4248657676509836, -0.10999195203190658], [0.42873964648651386, -0.14495201337775773], [0.2668552225476965, -0.07696304218389223], [0.2693206615642428, -0.11208183040707959], [0.24754932479484476, -0.10759285549938408]], "juncdpth": [-1.3881560013107994, -1.1481061074704555, -1.2950851758756858, -1.0230769340971175, -1.5353001231574708, -1.3457759578725883, -1.471197411039761, -1.457904380578908, -1.4521059628006914, -1.4388129338029887, -1.469793805612959], "junctype": [0, 0, 0, 0, 0, 0, 0, 1, 0, 1, 1], "junindex": [400, -1, 398, -1, 78, -1, 346, -1, 344, -1, -1], "K": [[3.125, 0.0, 0.0, 0.0], [0.0, 3.125, 0.0, 0.0], [0.0, 0.0, -1.0010005235671997, -0.010005001910030842], [0.0, 0.0, -1.0, 0.0]], "RT": [[0.31152674555778503, 0.9502373933792114, 1.341104507446289e-07, -7.006327251701805e-08], [0.6108008027076721, -0.20024564862251282, 0.7660444378852844, -0.7193920612335205], [0.7279240489006042, -0.23864324390888214, -0.6427876353263855, -0.7017656564712524], [-0.0, 0.0, -0.0, 1.0]]}