{"line": [[64, 59], [33, 28], [92, 93], [86, 80], [16, 17], [99, 101], [99, 102], [78, 77], [76, 77], [75, 73], [74, 72], [14, 15], [88, 89], [86, 87], [65, 66], [70, 68], [48, 49], [82, 83], [67, 69], [18, 19], [66, 68], [81, 79], [90, 91], [31, 32], [93, 88], [14, 16], [72, 73], [50, 49], [66, 67], [79, 80], [81, 82], [68, 69], [90, 86], [51, 52], [19, 20], [1, 2], [21, 22], [71, 72], [5, 6], [9, 10], [38, 39], [54, 52], [96, 98], [4, 5], [77, 95], [109, 110], [111, 112], [113, 111], [59, 60], [35, 36], [38, 40], [32, 30], [0, 1], [14, 21], [94, 90], [16, 22], [53, 51], [61, 62], [27, 28], [85, 81], [84, 79], [42, 44], [42, 43], [63, 62], [34, 35], [8, 9], [41, 47], [40, 46], [13, 7], [12, 6], [29, 30], [37, 57], [58, 36], [25, 3], [26, 2], [45, 56], [44, 55], [24, 11], [23, 10], [40, 41], [36, 37], [6, 7], [2, 3], [111, 109], [44, 45], [10, 11], [99, 100], [96, 97], [107, 105], [62, 64], [52, 50], [51, 49], [30, 33], [22, 20], [21, 19], [105, 103], [108, 107], [106, 105], [103, 104]], "linedir": [null, null, 1, null, 2, 2, 1, 2, 1, 3, 2, 2, 3, 3, 2, 2, 1, null, null, 1, null, null, 3, 3, null, null, 1, null, 1, 0, 0, 1, 0, null, null, 1, null, 3, 1, 1, 3, 1, 1, 3, 3, 3, 3, 1, 3, 1, 1, 1, 3, 1, 2, 1, 1, 3, 3, 2, 2, 1, 3, 1, 3, 3, 3, 3, 3, 3, 3, 3, 3, 3, 3, 3, 3, 3, 3, 2, 2, 2, 2, 2, 2, 2, 3, 3, 1, 2, 2, 2, 2, 2, 2, 2, 3, 3, 3], "lineidx": [329, 262, 596, 600, 230, 1258, 1261, 557, 556, 536, 535, 228, 592, 591, 496, 499, 299, 574, 502, 232, 501, 575, 593, 258, 607, 229, 532, 301, 497, 572, 573, 498, 599, 304, 234, 211, 237, 520, 216, 221, 279, 306, 1239, 212, 615, 1327, 1329, 1331, 322, 278, 283, 259, 207, 238, 598, 239, 305, 324, 255, 579, 577, 288, 284, 326, 274, 217, 294, 292, 227, 225, 257, 318, 319, 251, 252, 312, 310, 245, 243, 282, 277, 215, 210, 1328, 287, 220, 1257, 1224, 1304, 327, 303, 302, 260, 236, 235, 1301, 1305, 1302, 1300], "junction": [[-0.5834378173353533, -0.9042270730369109], [-0.5800400528607563, -0.8560869453968087], [-0.5713751029587301, -0.8285112669326136], [-0.4438459862831857, -0.832382201464559], [-0.32538858162535805, -0.8181295635679905], [-0.32384718460298073, -0.7793794492436064], [-0.3053386905247285, -0.7543150893251022], [-0.17973990493625425, -0.7587676572020406], [-0.4014044493154427, -0.9089088404285178], [-0.39840143004855433, -0.847031730887361], [-0.37741707220055715, -0.8164928611182112], [-0.1608320638371573, -0.8233061514876769], [-0.30776027337066875, -0.8186841115663456], [-0.18115421104476773, -0.8226668612112966], [-0.6351813705778001, -0.9790708607568042], [-0.6249630338062359, -0.979286407958794], [-0.6332336757294299, -0.9534940593079834], [-0.6283882955720527, -0.9536038061648634], [-0.11858616222879362, -0.9522848281029205], [-0.10593263927541952, -0.9445132637004028], [-0.10557560645450216, -0.9165173456441752], [-0.6226606998468261, -0.9321312045976057], [-0.6204943257009278, -0.9032740062755807], [-0.3817052122096131, -0.9094154906483364], [-0.16263472750242966, -0.9150498260612451], [-0.44792620868437133, -0.9077123342143946], [-0.5766692135552258, -0.9044011566612992], [-0.1192667097199216, -0.999999], [-0.11848861986259518, -0.9454459913006195], [-0.6165826277915231, -0.999999], [-0.6116914781510544, -0.9336657910076308], [-0.6265148988911926, -0.999999], [-0.6248888018138932, -0.978295640791787], [-0.1197543370021002, -0.945415759518368], [-0.0967277879864622, -0.9316771352625676], [-0.09600796359510368, -0.8699580310659505], [-0.06012226937328462, -0.8440294975898198], [0.05961139924066222, -0.8476638142428037], [0.15880947787420754, -0.7957216979814339], [0.15954266442669593, -0.8333844393026759], [0.1981626131788791, -0.7721645750535144], [0.31607589815727183, -0.7763446863698716], [0.08921235777068123, -0.8614338226139994], [0.08986445451433281, -0.9215439235425605], [0.1395957567356661, -0.8327569532402801], [0.3426734575345953, -0.8391453332743452], [0.19968478541494664, -0.8346472225784245], [0.31848536954561857, -0.8383844289615472], [0.3961019277729882, -0.961152179639356], [0.4093079192859387, -0.9568596786429354], [0.40797285922138254, -0.929725443075785], [-0.07404942245982972, -0.9452772629973663], [-0.07380034448524887, -0.9173345825440117], [-0.11885885835795908, -0.9714039493285432], [-0.10584164846823857, -0.9373784261379556], [0.1411306637784312, -0.9228624535979825], [0.34639201501911737, -0.9281416280232487], [0.06014228931838039, -0.9207794908160993], [-0.060661829038076466, -0.9176724957181939], [0.3959392161722281, -0.9577331523398093], [0.3979506489944186, -0.9999990000000001], [-0.06592859967661135, -0.999999], [-0.06550845897792966, -0.946711427816827], [-0.11894366708414192, -0.9773500121562131], [0.3947538340439077, -0.9577048393674477], [-0.9999990000000001, -0.9690867386961903], [-0.9884792390592825, -0.9692991673264045], [-0.972625403548313, -0.9916765422853056], [-0.986715594846942, -0.9544344150060207], [-0.9709306798053269, -0.9771208632682447], [-0.999999, -0.9541406138887965], [-0.9948578222952531, -0.9999990000000001], [-0.9912338958950259, -0.9695389943817174], [-0.9756027842574005, -0.991354797320252], [-0.999999, -0.9693774920159658], [-0.976612352157796, -0.9999989999999999], [0.8447581515961906, -0.9307141453004834], [0.8521787724391647, -0.928846638890958], [0.8445472819761676, -0.9286440951183578], [0.9052578909843881, -0.9836299807269318], [0.9322917390285477, -0.988994065286476], [0.903642711008747, -0.9687394480893325], [0.9306543036799959, -0.9743266702430995], [0.9322286531233706, -0.9884289706745142], [0.8500192988496788, -0.9823614088042915], [0.8484970753667126, -0.9674181514597436], [0.9288572377721553, -0.9889109489981914], [0.930090535244697, -0.9999990000000001], [0.9570874225895006, -0.9889928882194047], [0.958348799679966, -0.999999], [0.9014320240581877, -0.9838358900577824], [0.9031777881734973, -0.999999], [0.9288820834242585, -0.989134325648048], [0.9322286531233706, -0.9884289706745142], [0.8500493980229971, -0.982656884270139], [0.8561622184082038, -0.96760180928775], [0.9696912425245252, -0.007661465738318348], [0.9999990000000001, -0.23800212339478788], [0.9999990000000001, 0.01588467290385093], [0.9714429851655548, -0.060603417796575874], [0.999999, -0.27879563562997484], [0.9767163327857694, -0.06105254596523637], [0.9761917692653441, -0.05706583377199235], [0.6683191040027293, 0.8013403942067892], [0.8518159858023302, -0.9999990000000002], [-0.2455247568521525, 0.9295527713120598], [-0.3100404659210052, -0.7606822735103742], [-0.33818895474792265, 0.4961232965344052], [-0.4073881531324927, -0.9087549438670443], [0.4810707817164463, 0.8676270420041436], [0.4840660493756354, 0.8271911145919408], [0.3101094109983427, 0.892058508907697], [0.3120618626255381, 0.8513233176957168], [0.2923453905375846, 0.854089540529628]],