{"line": [[60, 56], [32, 28], [37, 38], [68, 61], [76, 80], [26, 27], [66, 63], [12, 13], [61, 62], [17, 19], [75, 76], [45, 46], [48, 50], [37, 39], [13, 14], [33, 34], [47, 46], [48, 49], [15, 16], [3, 4], [17, 18], [6, 7], [36, 37], [0, 1], [79, 87], [97, 98], [95, 96], [10, 4], [99, 97], [56, 57], [53, 34], [23, 1], [58, 59], [29, 28], [77, 76], [28, 27], [66, 67], [30, 31], [15, 13], [64, 65], [16, 14], [73, 74], [69, 70], [21, 7], [71, 72], [40, 44], [43, 39], [11, 3], [9, 5], [78, 79], [63, 61], [54, 33], [55, 35], [24, 0], [25, 2], [85, 86], [81, 82], [83, 84], [42, 52], [51, 41], [22, 6], [20, 8], [35, 33], [39, 40], [2, 0], [5, 3], [97, 95], [88, 90], [41, 42], [8, 6], [59, 60], [31, 32], [49, 47], [48, 46], [18, 16], [17, 15], [88, 89], [93, 91], [94, 93], [91, 92]], "linedir": [null, null, 2, null, null, 3, null, 2, 1, 1, 1, 1, 1, 1, null, 1, null, null, null, 1, null, 1, 3, 1, 3, 3, 3, 3, 1, 3, 3, 3, 3, 3, 2, 1, 2, 3, 1, 2, 1, 2, 2, 3, 2, 3, 3, 3, 3, 2, 2, 3, 3, 3, 3, 2, 2, 2, 3, 3, 3, 3, 2, 2, 2, 2, 2, 1, 2, 2, 2, 2, 2, 2, 2, 2, 3, 2, 3, 3], "lineidx": [329, 262, 280, 492, 563, 253, 493, 228, 480, 238, 551, 299, 305, 283, 231, 276, 301, 304, 234, 214, 237, 219, 279, 209, 615, 1329, 1327, 226, 1331, 322, 317, 250, 324, 255, 552, 254, 491, 257, 232, 486, 233, 535, 496, 244, 499, 294, 292, 227, 225, 557, 481, 318, 319, 251, 252, 598, 577, 579, 312, 310, 245, 243, 277, 282, 210, 215, 1328, 1239, 287, 220, 327, 260, 303, 302, 236, 235, 1224, 1301, 1302, 1300], "junction": [[-0.7282029395482534, -0.8457815649374661], [-0.6982190194860288, -0.872045549044971], [-0.852125513580987, -0.8448646023630175], [-0.48549627443752585, -0.7675596765250605], [-0.4721181661017735, -0.7919890219930684], [-0.6105722016492524, -0.766479546678275], [-0.47736285486164437, -0.8307851984142659], [-0.4596442888196215, -0.8602638127990823], [-0.6924946163994773, -0.8291373125738779], [-0.6153231395698485, -0.8297284376733998], [-0.4746279236255041, -0.8353353399487421], [-0.48926663994772507, -0.8306940167182199], [-0.42001883234997256, -0.9932857465594394], [-0.40982063307432787, -0.9933383022653565], [-0.4086154305380061, -0.9687668349662292], [-0.4402236892725162, -0.9493781196928116], [-0.4387588156344865, -0.9217213966541855], [-0.9489290624023524, -0.946412016880792], [-0.9457466897750627, -0.9185484436894842], [-0.9361942795362133, -0.9527018784885404], [-0.7001835104347587, -0.9200852860039678], [-0.4630714014399952, -0.9215692378055307], [-0.482645349844682, -0.9214467354326152], [-0.7022914943017893, -0.920072093314356], [-0.7347760146839165, -0.9198687909071177], [-0.8598319704711105, -0.9190861357670098], [-0.42035630590795015, -0.999999], [-0.41997239190401714, -0.9923619216368005], [-0.4501137850456357, -0.950496943918713], [-0.45279426833502145, -0.9999990000000001], [-0.9415196830222119, -0.9999989999999999], [-0.9356282674773316, -0.947674890168076], [-0.4513886470149794, -0.950489533781359], [-0.22432235218006458, -0.8495100191292397], [-0.2218867981283309, -0.8753791289076981], [-0.34632826091542823, -0.8486072388808052], [-0.1040435113353995, -0.8336447838875699], [-0.1035533377656352, -0.7950333878925361], [-0.1004041854816502, -0.7950594000648555], [-0.10010665883141164, -0.7708878215625355], [0.02300977948728097, -0.7719510296683832], [-0.17159364238041197, -0.8331273572478689], [0.0401058355792494, -0.8347489521702254], [-0.10087942920674195, -0.8336690204117371], [0.023187049972008787, -0.834619356116907], [0.08107189249855846, -0.9679485300991852], [0.09230799588143827, -0.9524831463197304], [0.0920033599242569, -0.9250431396472412], [-0.40802249796778733, -0.9495658748240219], [-0.40666544939719357, -0.9219222510468522], [-0.3973911694975701, -0.9670943946811436], [-0.17348343378798245, -0.9233816065965219], [0.04054604588647752, -0.9247210971577466], [-0.22317144445068643, -0.9230706371852524], [-0.22633134416410752, -0.9230508611439006], [-0.34943583443875487, -0.9222804191327437], [0.08093208765732147, -0.9535836489523416], [0.08138382065238367, -0.9999989999999999], [-0.39896108511068346, -0.999999], [-0.39661412309057537, -0.9508079107943495], [0.07967809130520538, -0.9535763600964231], [-0.933419751235878, -0.9137358672111484], [-0.9243839460106306, -0.9186821411300324], [-0.9976440060626476, -0.913329109713987], [-0.9999990000000001, -0.9211971562055584], [-0.946087459807138, -0.9215320888631233], [-0.99865440240058, -0.9217102473782012], [-0.946145019552676, -0.9220360588158931], [-0.9339708719634771, -0.9186221419334517], [-0.999999, -0.984206735297947], [-0.9397577527169891, -0.9843505647293305], [-0.999999, -0.9695532044620107], [-0.9381297633512985, -0.969891714606354], [-0.999999, -0.9844813645734628], [-0.9397886551122234, -0.9846250217439471], [0.946388108218703, -0.9113308790119496], [0.9613386442510815, -0.9058176981211573], [0.9104662123713777, -0.905479485110866], [0.9110850982042583, -0.9110993045369021], [0.9748333927059882, -0.9115174693854058], [0.9619915854265848, -0.9114332319569777], [0.9172730877103185, -0.9672896094149618], [0.9999990000000002, -0.9677588985404617], [0.9155586148302907, -0.9517212646820598], [0.999999, -0.9522210272943873], [0.9173063409183246, -0.9675915666006052], [0.9999990000000002, -0.9680602703042609], [0.9796150776410838, -0.9521003845205878], [0.8879912568801394, 0.05094246559374979], [0.999999, -0.8712516825883119], [0.9999990000000001, 0.1954819201925411], [0.7148044768143976, 0.8712353207481187], [0.9208752280818484, -0.9999989999999997], [-0.23795883479275864, 0.9041985359028302], [-0.3025585482615974, -0.8489311119823059], [0.5362804107665208, 0.9204048577489558], [0.5398700106713564, 0.8772876134583835], [0.3549136488414038, 0.926802095022395], [0.35729607440140315, 0.8836042126279686], [0.3447727449737512, 0.8840374883401503]], "juncdpth": [-0.6214850000025374, -0.6574033435292082, -0.6203017678299081, -0.6134690262425745, -0.6415079240708667, -0.6122857940699452, -0.6026831742480403, -0.6407902100765575, -0.6006863083468104, -0.6075583159870614, -0.6381157392248787, -0.6087415481596908, -0.6622698875630664, -0.662374361664208, -0.6643280155804184, -0.585159689382284, -0.5871133432984944, -0.5805931816266637, -0.5825468355428741, -0.5903631831951046, -0.5940900287556611, -0.6360478419409696, -0.596086894656891, -0.6535911737445127, -0.6159253988818404, -0.6147421667092111, -0.6598355739830897, -0.6604387553174463, -0.58690095131946, -0.5834265822202613, -0.5788836800843409, -0.5825287605784734, -0.5868893848994362, -0.6263429872615396, -0.6622613307882104, -0.6251597550889103, -0.6421431030348406, -0.6451826793382137, -0.6452142591928216, -0.6171437815099216, -0.618327013863525, -0.6055442957867867, -0.6075411620499649, -0.6124163034270378, -0.6135995357806412, -0.6154680261108103, -0.5900176771842086, -0.591971331100419, -0.5854511692476142, -0.5874048231638246, -0.6140054058098727, -0.5989480161956375, -0.6009448824588157, -0.6584491610035149, -0.6207833861408427, -0.6196001539682134, -0.5917589389404104, -0.5884742490872633, -0.583931346951343, -0.5873867481994238, -0.5917473727013608, -1.1597338928785559, -1.1738004377924693, -1.158592142096771, -1.1559546404881573, -1.1569107000256433, -1.1574199287865923, -1.1583522911707147, -1.1590495539319785, -1.13938506302951, -1.140461339475032, -1.141356991084217, -1.1424404439155085, -1.1402924174866589, -1.1413689762152877, -1.1530147760411598, -1.1379035565750668, -1.1369894444031317, -1.1278530324948615, -1.128989553080216, -1.1371312162167864, -1.0850163638019181, -1.0864357606595434, -1.0870481652721404, -1.0884996918060392, -1.0859530727335336, -1.0873731157725974, -1.1234787371954744, -0.8404451236267191, -0.7463085656041468, -0.7606289545671661, -1.2821233120621967, -0.995213187770791, -1.2631772132482628, -0.9934753879082638, -1.3688962465524053, -1.3597944264154151, -1.3650098700083415, -1.3559080507187287, -1.391417264655317],