{"line": [[20, 16], [50, 45], [32, 33], [55, 56], [61, 55], [37, 39], [69, 70], [33, 34], [8, 10], [37, 38], [35, 36], [10, 11], [18, 16], [48, 49], [71, 72], [47, 45], [55, 57], [71, 73], [8, 9], [16, 17], [23, 24], [14, 4], [30, 24], [6, 1], [7, 0], [29, 25], [31, 23], [0, 1], [44, 21], [43, 22], [26, 27], [19, 20], [5, 3], [41, 27], [12, 8], [58, 59], [13, 10], [2, 0], [15, 3], [40, 28], [42, 26], [53, 58], [3, 4], [21, 22], [25, 23], [45, 46], [35, 33], [36, 34], [28, 26], [53, 51], [59, 60], [49, 50], [38, 36], [37, 35], [64, 65], [66, 67], [51, 52], [53, 54], [58, 62], [59, 63], [68, 66]], "linedir": [null, null, 2, 3, 1, 1, 3, null, null, null, null, 1, 3, 3, 2, 3, 2, 3, 1, 1, 1, 3, 3, 3, 3, 3, 3, 1, 3, 3, 1, 2, 2, 3, 2, 1, 2, 2, 3, 3, 3, 2, 1, 2, 2, 1, 1, 1, 2, 1, 2, 2, 2, 2, 3, 2, 3, 3, 3, 3, 3], "lineidx": [262, 329, 295, 1231, 1268, 305, 1327, 298, 234, 304, 301, 233, 255, 324, 1328, 322, 1247, 1329, 232, 254, 281, 244, 293, 226, 227, 292, 294, 214, 319, 318, 286, 260, 220, 311, 235, 1286, 236, 215, 245, 310, 312, 1248, 219, 277, 282, 321, 299, 300, 287, 1239, 1264, 327, 303, 302, 1300, 1301, 1224, 1230, 1269, 1287, 1302], "junction": [[-0.9168763355571226, -0.7976432931289784], [-0.8500619626031152, -0.819126595361959], [-0.9999990000000001, -0.8005900294199725], [-0.925809610037304, -0.8574893079022274], [-0.8343061403880654, -0.8834406174720705], [-0.9999989999999999, -0.8598231236459914], [-0.8561022075077319, -0.8772590323650159], [-0.9236692516867854, -0.8580963351806205], [-0.9203016981929397, -0.9691041078138554], [-0.8791513037786255, -0.9780270243766747], [-0.9173990203897622, -0.9428272985756049], [-0.890219344307141, -0.9491653436783791], [-0.9999990000000001, -0.9710138267699614], [-0.999999, -0.9449516880416359], [-0.8401139767226485, -0.9408396039850871], [-0.9354740599532281, -0.9432921706473403], [-0.9248027799009524, -0.9703648882773008], [-0.8793754844372519, -0.9801537105452919], [-0.9280918361430334, -0.999999], [-0.9999989999999999, -0.972160936931561], [-0.9259081907100684, -0.9703912908224488], [-0.76712735916417, -0.8691391156406321], [-0.6579302791652378, -0.8658246492942873], [-0.4592746306457257, -0.7814211043947643], [-0.4096321423714986, -0.8042142220313402], [-0.5732970768706332, -0.785463252015161], [-0.46006582996241335, -0.84283815405064], [-0.39239731265084754, -0.8703885812076605], [-0.6549865261145581, -0.8489698797555423], [-0.5775944068637763, -0.8465353140253006], [-0.4125401890492705, -0.8621876500953015], [-0.46274318633075007, -0.8429223770971865], [-0.31993422150557144, -0.9992181601979561], [-0.30821235374992895, -0.9989709005217268], [-0.30732124072057665, -0.9747973796757223], [-0.43916500931824864, -0.9575750367614065], [-0.43773531928121645, -0.9304908244180968], [-0.8922830904567934, -0.9684327216426278], [-0.8894635142670809, -0.9421088250939492], [-0.8784619219699454, -0.9714872150710937], [-0.6619494030839778, -0.9362573880421311], [-0.3959389178902254, -0.944690630054409], [-0.4650200717104776, -0.9311925611608599], [-0.6635656744383369, -0.936298956936647], [-0.7736503840400092, -0.9391302263697922], [-0.4455627221442857, -0.9589183227495699], [-0.31989840144034076, -0.9982820324334543], [-0.4477624768881982, -0.9999989999999999], [-0.8814674386363432, -0.999999], [-0.8782263450253742, -0.9692524182213814], [-0.44674031563997385, -0.9589464493656474], [0.6723788335167158, 0.13802421118867744], [0.7783007703565049, -0.9999989999999999], [0.6641044121984924, 0.3564783323706381], [0.7926938768689797, -0.999999], [0.9590939927952541, 0.4813704925886988], [0.960946289017014, 0.46808185957905035], [0.9999990000000001, 0.48577395645977656], [0.7571954120147195, 0.36597416291196766], [0.7585909499087711, 0.44646064245265854], [0.999999, 0.47225455473628425], [0.9573450173106764, 0.46769707172103286], [0.9050367150403996, -0.9999989999999999], [0.9172573397683006, -0.9999989999999999], [0.7584210516127948, 0.9999989999999999], [0.8235806798288843, 0.453404650294412], [-0.2130455360557811, 0.8652150890903448], [0.7476374969227351, 0.999999], [-0.2742104409582165, -0.999999], [0.6073569897250792, 0.999999], [0.6092110504960195, 0.9805777578397507], [0.4135845695620455, 0.9954787526563996], [0.44521539403235233, 0.9999989999999999], [0.41631068950186106, 0.9535138208510159]], "juncdpth": [-0.6483668281855193, -0.6758209685069081, -0.6519998319517839, -0.6369994020466345, -0.6743117070906886, -0.6401851134467199, -0.6710527071810308, -0.6435985668596419, -0.6174582721950947, -0.6332694899926542, -0.6194119262603166, -0.629816556360257, -0.620775511760552, -0.6228608620433603, -0.6696500931409441, -0.6304185228726445, -0.6196442832302711, -0.6371581666135725, -0.6174483340117756, -0.6227852552138231, -0.6196902271542337, -0.6532254720000722, -0.6485254586115085, -0.6290700178146456, -0.6565241581360344, -0.6337700319220716, -0.6177025909568985, -0.6550148960009525, -0.6256345069318114, -0.6290547613498377, -0.6518962503981559, -0.6243547472424117, -0.6742748591392312, -0.6737658040677623, -0.6757194581329842, -0.5981614611053587, -0.6001151151705806, -0.6163004611574652, -0.618254115222687, -0.6216032862902695, -0.6190536277578215, -0.6491559167533113, -0.6111217117829085, -0.6430178027196201, -0.6477178161081838, -0.6003474728593974, -0.6723516294511145, -0.597398109958038, -0.6154433193744644, -0.6177146096693511, -0.6003934160644977, -0.7904710625272291, -0.6828926756934717, -0.6878652815492405, -0.5762807839448681, -0.6711799160232097, -0.669886164827698, -0.6695490662801888, -0.6840058884202167, -0.6529540295015688, -0.6435906557223698, -0.6762949658769556, -0.5722707068667838, -0.54000646804833, -1.2101044497258961, -1.1143639100695886, -1.2856451742705461, -1.2111617315508127, -0.9988725154409276, -1.3044954944176486, -1.30052541183563, -1.3246369943817042, -1.3220632841814624, -1.3159628749842067], "junctype": [0, 0, 0, 0, 0, 0, 1, 1, 0, 1, 0, 1, 0, 0, 1, 1, 0, 1, 0, 0, 0, 0, 0, 0, 0, 0, 0, 0, 0, 1, 1, 1, 0, 0, 0, 0, 0, 0, 0, 1, 1, 1, 1, 1, 1, 0, 0, 0, 0, 0, 0, 0, 0, 0, 0, 0, 1, 0, 0, 0, 0, 1, 0, 0, 0, 1, 0, 0, 0, 0, 1, 0, 0, 1], "junindex": [763, 719, -1, 795, 711, -1, -1, -1, 860, -1, 861, -1, -1, -1, -1, -1, 848, -1, -1, -1, 846, 741, 743, 767, 723, 765, 799, 715, 797, -1, -1, -1, -1, 650, 651, 864, 865, 862, 863, -1, -1, -1, -1, -1, -1, 853, 655, -1, -1, 850, 851, 600, -1, 753, -1, 757, -1, -1, 755, 893, -1, -1, -1, -1, -1, -1, 398, -1, -1, -1, -1, 344, -1, -1], "K": [[3.125, 0.0, 0.0, 0.0], [0.0, 3.125, 0.0, 0.0], [0.0, 0.0, -1.0010005235671997, -0.010005001910030842], [0.0, 0.0, -1.0, 0.0]], "RT": [[-0.20963285863399506, 0.9777802228927612, 1.3411046495548362e-07, -7.078052277620372e-08], [0.38204923272132874, 0.08190996944904327, 0.9205048680305481, -0.48278167843818665], [0.900051474571228, 0.19296811521053314, -0.39073118567466736, -0.8814318180084229], [-0.0, -0.0, -0.0, 1.0]]}