{"line": [[2, 8], [2, 3], [16, 17], [14, 15], [14, 18], [0, 5], [2, 4], [16, 14], [6, 7], [0, 1], [10, 11], [6, 9], [13, 12], [12, 10]], "linedir": [1, 3, 3, 3, 1, 2, 2, 2, 2, 3, 3, 3, 3, 2], "lineidx": [1268, 1231, 1329, 1327, 1337, 1248, 1247, 1328, 1264, 1230, 1300, 1287, 1302, 1301], "junction": [[0.5784766734280924, -0.5621460071757832], [0.6375679630418633, -0.999999], [0.8628920292727797, -0.42698970656421864], [0.865427000422418, -0.4391850085857117], [0.9999990000000001, -0.4081250593718068], [0.6676534994206191, -0.5504225616568272], [0.6547803930060254, -0.46800240684767797], [0.9999990000000001, -0.42077495701022855], [0.8642419587472516, -0.43934712758838224], [0.7378723111382983, -0.999999], [0.7230076304291014, 0.06700559969697971], [0.8241930714035176, -0.44482599454327065], [-0.1990994232931995, -0.08979357406335221], [-0.24661407244245573, -0.9999989999999999], [0.5833296795364944, 0.0815145522312368], [0.5892941274443999, 0.04426836251398014], [0.4020787109255716, 0.05025142065026901], [0.4061418772168728, 0.013124341446041875], [0.5904468316526996, 0.04446437345080341]], "juncdpth": [-0.6752647714832571, -0.6126795895167333, -0.6642033036293675, -0.6622577467194618, -0.6585440311966263, -0.6714436602357036, -0.6457538925347324, -0.6319003499938871, -0.6679634701722865, -0.5730353798946277, -1.2590769393322763, -1.1045010753384237, -1.3370357902808863, -1.0794324106782538, -1.3669905959008535, -1.353154800088508, -1.3829821560547666, -1.369146361683238, -1.3859834250706693], "junctype": [0, 0, 0, 1, 0, 1, 0, 0, 1, 0, 0, 1, 0, 0, 0, 1, 0, 1, 1], "junindex": [753, -1, 757, -1, -1, -1, 893, -1, -1, -1, 400, -1, 398, -1, 346, -1, 344, -1, -1], "K": [[3.125, 0.0, 0.0, 0.0], [0.0, 3.125, 0.0, 0.0], [0.0, 0.0, -1.0010005235671997, -0.010005001910030842], [0.0, 0.0, -1.0, 0.0]], "RT": [[-0.2609434723854065, 0.9653540849685669, 1.341104507446289e-07, 5.398852920279751e-09], [0.6205176711082458, 0.1677311211824417, 0.7660443782806396, -0.7193920612335205], [0.7395040988922119, 0.19989436864852905, -0.6427876353263855, -0.7017656564712524], [-0.0, -0.0, -0.0, 1.0]]}