{"line": [[26, 22], [36, 29], [35, 27], [40, 41], [40, 47], [42, 48], [42, 43], [37, 32], [11, 12], [13, 15], [27, 28], [55, 56], [24, 22], [30, 31], [32, 31], [34, 35], [29, 27], [38, 44], [9, 3], [8, 4], [10, 2], [21, 0], [0, 1], [19, 6], [33, 32], [2, 3], [18, 7], [20, 5], [4, 2], [5, 6], [7, 5], [22, 23], [13, 14], [40, 42], [15, 12], [25, 26], [16, 13], [17, 15], [57, 55], [50, 51], [45, 46], [52, 53], [38, 39], [45, 49], [54, 52]], "linedir": [null, null, null, 3, 1, 1, 3, 3, null, null, 1, 3, 3, 3, 1, 2, 2, 2, 3, 3, 3, 3, 2, 3, 2, 1, 3, 3, 2, 1, 2, 1, 1, 2, 1, 2, 2, 2, 1, 3, 2, 2, 3, 3, 3], "lineidx": [329, 493, 492, 1231, 1268, 1278, 1238, 544, 298, 301, 480, 1308, 322, 484, 485, 491, 481, 1248, 293, 292, 294, 319, 277, 311, 486, 281, 310, 312, 282, 286, 287, 321, 299, 1247, 300, 327, 302, 303, 1310, 1300, 1264, 1301, 1230, 1287, 1302], "junction": [[-0.96485266249445, -0.8873310105359581], [-0.8973615471802883, -0.8835303481810579], [-0.7152325713800158, -0.7962283792899135], [-0.6362212543336315, -0.8168626869323294], [-0.8147861724982287, -0.8027876520089028], [-0.7261369756936683, -0.8561075639865169], [-0.6178385874494193, -0.881062515205996], [-0.895455583555394, -0.8660170780807659], [-0.8206591425406354, -0.8616395533905042], [-0.6408036079019697, -0.8757707377895563], [-0.7205941415539998, -0.8573847866471269], [-0.5104306271854916, -0.9999990000000001], [-0.5092991988258225, -0.9814636177900883], [-0.7249126106098319, -0.9675125411464273], [-0.5402866801016846, -0.9999989999999999], [-0.7226160481249828, -0.9411241106761564], [-0.9999990000000002, -0.9797972409825108], [-0.999999, -0.9544181776851481], [-0.9045785479744979, -0.9498449842906714], [-0.6237417820737238, -0.9598218327354483], [-0.7336957778689819, -0.9416551262582697], [-0.9725453455368649, -0.9531024128928003], [-0.7279001617075378, -0.9688979930793926], [-0.5502033235208019, -0.999999], [-0.7306175586631484, -0.9999989999999999], [-0.9999989999999999, -0.9810068783653717], [-0.7289308996338942, -0.9689438627618524], [-0.5737455760170926, -0.9508352774296494], [-0.5444475276520256, -0.9566617453875851], [-0.6236663357625359, -0.9531251331931009], [-0.5018045855271147, -0.999999], [-0.49970413017162396, -0.9649972284737826], [-0.5420867200617354, -0.9565555154750955], [-0.621999226059047, -0.9601513606231018], [-0.6199366352384745, -0.9605414090292779], [-0.5742738570904143, -0.9584894118130338], [-0.6241626431530373, -0.959742245358461], [-0.5432909871494883, -0.9750355649128647], [0.3801539256557381, 0.3982121509703465], [0.4564818050198754, -0.999999], [0.6614152354792768, 0.5514310555235283], [0.6623008098756723, 0.5423122632103654], [0.8595003168575485, 0.5909008153475738], [0.860675333210573, 0.581644034555254], [0.43783127513501324, 0.4090917465121523], [0.43231374495483477, 0.496712664543771], [0.9999989999999999, 0.6092677763189179], [0.6644420052198816, 0.5427367986006333], [0.8616541423004127, 0.5818381033029172], [0.5265623783367105, -0.9999990000000001], [0.7703936492404195, 0.999999], [0.8208644297766812, 0.5832023598502682], [-0.19155025724453953, 0.8445872377913213], [0.4220330045674951, 0.9999990000000001], [-0.24576360882122336, -0.999999], [0.868368486892014, 0.6148758575783216], [0.8723476119409037, 0.583958300471952], [0.7797304256998904, 0.999999]], "juncdpth": [-0.6802851400184764, -0.6744480893350319, -0.6466365139547836, -0.6728184941197721, -0.6547356299083162, -0.6351279385064679, -0.6707112792753769, -0.6487963032700961, -0.6500500816772126, -0.6680072113562111, -0.6418252311912226, -0.6872482548485944, -0.6887750010536973, -0.6147203312376561, -0.6758872543405289, -0.6166739851538665, -0.6365027828956891, -0.6387080930594273, -0.6422529920509273, -0.6643635679278053, -0.6285846272872992, -0.6749041955373513, -0.6171020417864721, -0.6758872575378155, -0.614806847994962, -0.638731405792203, -0.6171812116223236, -1.2742698544785585, -1.2943456912299887, -1.2820851394603636, -1.2905922246551247, -1.296017086470246, -1.2664421743516066, -1.2788733589816168, -1.2802364756062028, -1.2730976411683796, -1.2810656819451918, -1.2636349645478844, -0.671220385178799, -0.5589860272764885, -0.6461397036952263, -0.6452757372848643, -0.6328387748717432, -0.6319748058978304, -0.6670127827945148, -0.6349568475701286, -0.5980369824062829, -0.6491450759908151, -0.635844156084837, -0.5213066273301794, -1.152456312441689, -1.0815975453991349, -1.297860261275285, -1.211161634669673, -1.0115645604560821, -1.4514294501791891, -1.4448088944402886, -1.2111616056679617], "junctype": [0, 1, 0, 0, 0, 0, 0, 0, 1, 1, 1, 0, 0, 0, 0, 0, 0, 0, 1, 1, 1, 1, 0, 0, 0, 0, 0, 0, 1, 0, 0, 0, 0, 1, 1, 0, 1, 1, 0, 0, 0, 1, 0, 1, 1, 0, 0, 1, 1, 0, 0, 1, 0, 0, 0, 0, 1, 0], "junindex": [741, -1, 767, 723, 765, 799, 715, 797, -1, -1, -1, -1, 651, 864, -1, 865, -1, -1, -1, -1, -1, -1, 853, -1, -1, -1, 851, 206, -1, 204, -1, 188, 210, -1, -1, 205, -1, -1, 753, -1, 757, -1, 759, -1, -1, 893, -1, -1, -1, -1, -1, -1, 398, -1, -1, 80, -1, -1], "K": [[3.125, 0.0, 0.0, 0.0], [0.0, 3.125, 0.0, 0.0], [0.0, 0.0, -1.0010005235671997, -0.010005001910030842], [0.0, 0.0, -1.0, 0.0]], "RT": [[-0.3612416684627533, 0.9324722290039062, 1.2665987014770508e-07, -4.73827910241198e-09], [0.3643459975719452, 0.14114825427532196, 0.9205048084259033, -0.48278164863586426], [0.8583452105522156, 0.33252477645874023, -0.39073115587234497, -0.8814316987991333], [-0.0, -0.0, -0.0, 1.0]]}