{"line": [[2, 3], [4, 5], [4, 11], [21, 22], [19, 20], [19, 23], [0, 8], [17, 18], [21, 19], [2, 4], [6, 10], [13, 14], [13, 17], [0, 1], [6, 7], [9, 12], [9, 6], [16, 15], [15, 13]], "linedir": [3, 3, 1, 3, 3, 1, 2, 3, 2, 2, 1, 3, 1, 3, 3, 3, 2, 3, 2], "lineidx": [1231, 1238, 1278, 1329, 1327, 1337, 1248, 1308, 1328, 1247, 1274, 1300, 1310, 1230, 1245, 1287, 1264, 1302, 1301], "junction": [[0.2805191274823795, -0.5273262560493271], [0.31170616269077017, -0.9999989999999999], [0.5456461049550021, -0.3658060047918465], [0.5465454781909738, -0.3725475051200128], [0.7363991308493184, -0.3210740452068178], [0.737637025819561, -0.3278742516020503], [0.8803952493819858, -0.2945003300857849], [0.999999, -0.8404546472833048], [0.3211020959675285, -0.5182403633408411], [0.31418638138665783, -0.4268682585366914], [0.9999989999999999, -0.5865993100752137], [0.7394402693959925, -0.32745269053122195], [0.3575651416108943, -0.999999], [0.7129109599520089, 0.1432034681107304], [0.8036220568986646, -0.31244831540357015], [-0.1772676534135743, -0.10826479905781759], [-0.2185139473146307, -0.999999], [0.890496950500159, -0.29504405345782075], [0.9021451387197343, -0.3476184008620904], [0.5983716096101827, 0.1443872873338132], [0.6037250831001133, 0.11235933993355907], [0.4197886191854361, 0.09331992084984947], [0.42347442062200186, 0.06143998389783029], [0.6116685597762888, 0.11460330792499326]], "juncdpth": [-0.6640410769566838, -0.5976018523156901, -0.646193077650949, -0.6451297270684254, -0.6336315433704733, -0.6325681884053976, -0.5976205976897475, -0.5261428146784415, -0.6611734129419389, -0.6336544889948925, -0.6833768405539261, -0.6353928412091719, -0.5567812341234488, -1.224384374402967, -1.0861784368695693, -1.3468599532097025, -1.09262988506399, -1.4549604027510927, -1.4361744401113086, -1.3359247586449579, -1.3240785629114646, -1.36104795460653, -1.34920176039572, -1.3504633781717408], "junctype": [0, 0, 0, 1, 0, 1, 0, 0, 1, 0, 0, 1, 0, 0, 1, 0, 0, 0, 1, 0, 1, 0, 1, 1], "junindex": [753, -1, 757, -1, 759, -1, 891, -1, -1, 893, -1, -1, -1, 400, -1, 398, -1, 80, -1, 346, -1, 344, -1, -1], "K": [[3.125, 0.0, 0.0, 0.0], [0.0, 3.125, 0.0, 0.0], [0.0, 0.0, -1.0010005235671997, -0.010005001910030842], [0.0, 0.0, -1.0, 0.0]], "RT": [[-0.40994974970817566, 0.9121081233024597, 1.341104507446289e-07, -6.65770656382847e-08], [0.5862919092178345, 0.2635105550289154, 0.7660444974899292, -0.7193920612335205], [0.6987152695655823, 0.31403982639312744, -0.6427876353263855, -0.7017657160758972], [-0.0, -0.0, -0.0, 1.0]]}