{"line": [[48, 43], [9, 10], [96, 93], [120, 110], [64, 65], [98, 73], [82, 80], [72, 73], [100, 115], [100, 101], [115, 116], [29, 30], [76, 118], [86, 94], [34, 36], [12, 13], [7, 8], [66, 67], [89, 91], [30, 31], [34, 35], [32, 33], [0, 1], [44, 15], [92, 90], [89, 72], [105, 106], [90, 119], [114, 117], [102, 103], [54, 55], [41, 42], [11, 5], [87, 85], [88, 86], [6, 3], [83, 81], [84, 82], [27, 21], [26, 22], [28, 20], [40, 18], [2, 3], [111, 108], [20, 21], [38, 24], [60, 50], [59, 51], [49, 50], [80, 76], [61, 49], [37, 25], [18, 19], [39, 23], [4, 5], [123, 124], [62, 63], [110, 109], [128, 129], [103, 117], [104, 113], [23, 24], [102, 114], [22, 20], [51, 49], [112, 105], [16, 17], [64, 68], [77, 78], [93, 94], [79, 80], [14, 15], [77, 99], [71, 62], [87, 88], [85, 86], [95, 84], [73, 76], [74, 75], [81, 82], [94, 97], [56, 53], [25, 23], [43, 42], [91, 118], [32, 30], [33, 31], [104, 102], [113, 114], [58, 56], [57, 54], [107, 108], [71, 66], [70, 64], [52, 53], [69, 66], [121, 112], [125, 126], [47, 48], [16, 14], [45, 44], [35, 33], [34, 32], [70, 71], [108, 109], [119, 91], [112, 111], [68, 72], [90, 89], [111, 110], [46, 47], [57, 58], [44, 43], [54, 56], [130, 131], [122, 123], [127, 125]], "linedir": [null, 1, null, 2, 1, 2, null, null, null, 1, null, 2, null, null, 1, 1, 1, 1, 1, null, null, null, 1, 1, null, null, 2, 1, 1, 1, 1, 3, 3, 2, 2, 3, null, null, 3, 3, 3, 3, 1, 1, 1, 3, 3, 3, 1, 2, 3, 3, 2, 3, 1, 2, 2, 1, 2, 3, 3, 1, 3, 2, 2, 1, 3, 3, 3, 3, 3, 3, 2, 1, 3, 3, 3, 3, 2, 3, 2, 1, 2, 1, 3, 1, 1, 2, 2, 2, 2, 2, 2, 2, 3, 3, 3, 2, 2, 2, 2, 2, 2, 3, 3, 2, 2, 2, 2, 3, 3, 3, 3, 3, 3, 3, 3], "lineidx": [329, 233, 1164, 1220, 471, 1173, 1146, 1137, 1207, 1179, 1203, 295, 1218, 1166, 305, 254, 232, 472, 1158, 298, 304, 301, 202, 333, 1159, 1156, 1190, 1216, 1204, 1182, 452, 320, 244, 1151, 1153, 226, 1147, 1148, 293, 292, 294, 319, 214, 1193, 281, 311, 464, 463, 445, 1175, 465, 310, 277, 312, 219, 1233, 469, 1192, 1299, 1208, 1205, 286, 1211, 282, 446, 1196, 272, 473, 1141, 1162, 1143, 270, 1174, 478, 1152, 1150, 1163, 1140, 1139, 1145, 1171, 453, 287, 321, 1212, 299, 300, 1183, 1202, 456, 455, 1190, 475, 474, 451, 473, 1221, 1253, 327, 271, 323, 303, 302, 476, 1191, 1215, 1195, 1138, 1157, 1194, 324, 457, 322, 454, 1302, 1230, 1287], "junction": [[-0.999999, -0.7315670590239284], [-0.9750187100948787, -0.7259246792693095], [-0.9999990000000001, 0.18177969457014875], [-0.9366254108128119, 0.16755848497168938], [-0.9999989999999999, 0.12623293826264606], [-0.9154251800379601, 0.10957033395458898], [-0.9380357947655186, 0.11402504259298721], [-0.9999989999999999, 0.028700027242875275], [-0.9851883295320146, 0.026494197700477822], [-0.999999, 0.05183215101893993], [-0.9982363769214937, 0.05154953345169752], [-0.9167147019634301, 0.05940919623758707], [-0.9999990000000001, 0.027255611988197617], [-0.9852277463674946, 0.025066171468578487], [-0.5972884829134594, -0.7576030586450271], [-0.5948955666888137, -0.6114684700439937], [-0.9753203508579021, -0.7371995297361525], [-0.9717427606928295, -0.6034749172581874], [-0.8709991027809552, 0.12319265941273946], [-0.7923436278967084, 0.12677924627185252], [-0.6160297614219807, 0.2076703462745971], [-0.5469605665844187, 0.18746457332915245], [-0.7176129259676143, 0.20221164355632992], [-0.6198865344624598, 0.15094272663194053], [-0.5261109747168353, 0.12680080584044406], [-0.7919873833243497, 0.14278167482602072], [-0.7187435366188503, 0.14625491061411447], [-0.5478084272042205, 0.132386676836561], [-0.6170266219390433, 0.15020646036172877], [-0.4362424348304412, 0.011022388446635478], [-0.424441919340613, 0.011389915342697154], [-0.42418373301011547, 0.033110402951771714], [-0.6059582881532265, 0.04697112632397865], [-0.6055436668821486, 0.07137911337022866], [-0.9987574856264233, 0.032930219268990674], [-0.9981040285384682, 0.05627836661416074], [-0.9850677811604086, 0.03086152538596717], [-0.7937381019209909, 0.06413977699802802], [-0.5271746492646328, 0.05484248823504414], [-0.6212837507637043, 0.07077363445836966], [-0.8725182420614087, 0.06110931579545376], [-0.43677842596129335, -0.03284946603507773], [-0.43623174935813497, 0.011897013900496791], [-0.6098217203184372, 0.04571066993267909], [-0.6211495433657384, -0.6169360468009683], [-0.999999, -0.6023900106515921], [-0.9999989999999999, -0.5100792152271825], [-0.9850268149456419, 0.03234568383238339], [-0.6108575599228296, 0.04567377282730094], [-0.3644217748528262, -0.03094341342646597], [-0.29048734625814987, -0.04381358243490676], [-0.4694718077140022, -0.033710690326410345], [-0.2207604529449043, -0.3518957414693373], [-0.21937436554134268, -0.12542323398910335], [-0.38651421125231394, -0.7785133453302003], [-0.3474922566096705, -0.7645830339641915], [-0.37939680389982006, -0.10644571244929965], [-0.5969496385146041, -0.7669369984938331], [-0.5862046416313221, -0.1102031769359933], [-0.47044863302359213, -0.10810002119375474], [-0.29108116715752697, -0.11691931799969], [-0.3652085822481438, -0.10812833449135986], [-0.19564497553194907, -0.3503175816970575], [-0.10705986897500111, -0.3510445420285477], [-0.12718788470952444, -0.78815917396058], [-0.11971316954637154, -0.7848296069609417], [-0.12570191376671114, -0.3616535214706617], [-0.10708713408975387, -0.3602301167907977], [-0.1267156751718905, -0.6526248703225636], [-0.12662171992878768, -0.625657692762181], [-0.3476023505954381, -0.776141725646788], [-0.3436350417733029, -0.35961670690973013], [0.37064535668310433, -0.6726011522475973], [0.37894841029246207, -0.6675620572030591], [0.08965662622255172, -0.6615467036422448], [0.24173839564163882, -0.6676586421935089], [0.3805331392598233, -0.8197290088584841], [-0.11973753091023195, -0.7922577325410108], [-0.11928056879391885, -0.6529234980228378], [0.3030897045353858, -0.6698878098936556], [0.30430287695281194, -0.8155429897203292], [0.2957368901553898, -0.6684954466848487], [0.29697657235221714, -0.8210281645664983], [0.2417295839355981, -0.666332273926526], [0.24273730136880994, -0.8180173641148807], [0.07800231275552522, -0.6597744505948108], [0.07832202445414575, -0.8088907372076175], [0.02634660013923351, -0.657705467004173], [0.02645399438837799, -0.8060115634002427], [0.3703560524404349, -0.6441989682607128], [-0.1330938360945774, -0.6254162306776367], [0.38830025225590015, -0.634087962171012], [-0.13319245157535495, -0.6523647335142605], [0.08965399187004361, -0.6604761535084674], [0.09000300207279685, -0.8023071795751506], [0.24173683413916344, -0.6674235994761769], [0.0877995633143068, -0.6612407782983727], [0.24268847840470473, -0.8106683638202629], [0.3705906552247407, -0.6672308857404078], [0.02644984777304498, -0.8002852946456817], [0.031133952138155313, -0.27827936516522167], [0.0415111986481295, -0.27822861674025606], [0.2431579378562751, -0.19080227670482944], [0.2831612813009988, -0.19501016290708933], [0.04141235042484858, -0.1925006587483389], [0.011551975735034428, -0.2872293867504848], [0.04152162682535351, -0.2872726471671092], [0.24381313867859192, -0.2875646497351732], [0.45967028168707597, -0.28787623394113415], [0.4655993725096575, -0.7523172197240365], [0.39560952346258776, -0.8118733402481795], [0.3899541873014208, -0.28965042902349974], [-0.10687522933007623, -0.2888397327727684], [0.041523170980550146, -0.28861184444791166], [0.2438223976640471, -0.28893204943001716], [0.03114239079796362, -0.2880377002479404], [0.041522527215402824, -0.28805352716435006], [0.28389553686120955, -0.28813886723546916], [0.3901961775442698, -0.8115807335224879], [-0.10298418911690639, -0.6162910392033462], [0.39019610816219596, -0.8115807920283351], [-0.10785156639800265, -0.6177661727278458], [0.5312779391052628, 0.9999990000000001], [0.5588947560611581, -0.8047707806894837], [0.6463609721973566, -0.8093600193416504], [0.6469568862925841, -0.843037594168764], [0.999999, -0.8627240445778087], [0.6143449333796, 0.9999990000000002], [0.46358569955397483, -0.5945810202683427], [0.5557235442442008, -0.5975308491452305], 