{"line": [[19, 20], [17, 18], [17, 21], [8, 6], [0, 1], [6, 7], [15, 16], [6, 0], [19, 17], [4, 5], [11, 15], [9, 2], [2, 4], [10, 9], [2, 3], [14, 13], [13, 11], [11, 12]], "linedir": [3, 3, 1, 2, 3, 3, 3, 1, 2, 3, 1, 2, 1, 3, 3, 3, 2, 3], "lineidx": [1329, 1327, 1337, 1263, 1242, 1259, 1308, 1285, 1328, 1252, 1310, 1264, 1274, 1287, 1245, 1302, 1301, 1300], "junction": [[0.7291021278471396, -0.48465142215779405], [0.7363630749946651, -0.5265666666673517], [0.464046596863272, -0.23255553415735414], [0.5540512260820792, -0.9999989999999999], [0.8383383103345776, -0.6366659696401044], [0.9081853678287339, -0.9999990000000001], [0.6127998146024546, -0.3570493311196631], [0.6192707119591359, -0.40014589881452683], [0.5872149507159977, -0.36553634917861505], [-0.0470216978706995, -0.4153876340237346], [-0.053662359311772274, -0.9999989999999999], [0.6827749490539218, 0.21934933445356214], [0.9203121853158428, -0.9999989999999999], [-0.15147797408438246, -0.12428830711111659], [-0.18594616077579496, -0.9999989999999999], [0.9832483222100101, -0.20871433757774976], [0.999999, -0.27571626175507424], [0.5986477435337076, 0.2095749382773481], [0.6026074538193956, 0.18632749152263464], [0.4274969749620778, 0.1384512551662727], [0.4302531414404862, 0.1153329192811761], [0.6126702517035207, 0.19047246487128608]], "juncdpth": [-0.6821207557913969, -0.6753946619531689, -0.5821287349269442, -0.4875628534076035, -0.7006086227778443, -0.646725915985961, -0.6436948181520163, -0.6369687007977562, -0.6461156859971766, -0.6303578079528767, -0.5523526292029173, -1.1915738632683368, -0.8840223961452546, -1.3554995929433824, -1.1042362755830808, -1.4029164293189798, -1.3794165894235244, -1.3051713736838497, -1.2965951337587003, -1.3387971640115386, -1.3302209257436224, -1.3140355830547572], "junctype": [0, 1, 0, 0, 0, 0, 0, 1, 1, 0, 0, 0, 0, 0, 0, 0, 0, 0, 1, 0, 1, 1], "junindex": [604, -1, 891, -1, 596, -1, 687, -1, -1, 893, -1, 400, -1, 398, -1, 80, -1, 346, -1, 344, -1, -1], "K": [[3.125, 0.0, 0.0, 0.0], [0.0, 3.125, 0.0, 0.0], [0.0, 0.0, -1.0010005235671997, -0.010005001910030842], [0.0, 0.0, -1.0, 0.0]], "RT": [[-0.5486917495727539, 0.8360247611999512, 1.341104507446289e-07, -1.1920928955078125e-07], [0.537386417388916, 0.3526921570301056, 0.7660444378852844, -0.7193920612335205], [0.6404320597648621, 0.4203222692012787, -0.6427875757217407, -0.7017656564712524], [-0.0, -0.0, -0.0, 1.0]]}