{"line": [[21, 17], [33, 41], [29, 24], [30, 22], [8, 9], [19, 17], [46, 44], [10, 12], [25, 26], [32, 28], [35, 36], [20, 21], [13, 10], [31, 27], [22, 23], [44, 45], [14, 12], [24, 22], [29, 30], [27, 26], [5, 3], [6, 1], [7, 0], [2, 0], [28, 27], [15, 4], [16, 3], [0, 1], [3, 4], [17, 18], [44, 35], [10, 11], [54, 55], [39, 40], [12, 9], [56, 54], [51, 52], [37, 42], [47, 37], [49, 50], [42, 43], [33, 34], [47, 48], [37, 38], [53, 51]], "linedir": [null, 2, null, null, null, 3, 2, null, 3, 3, 3, 2, 2, 3, 1, 3, 2, 2, 2, 1, 2, 3, 3, 2, 2, 3, 3, 1, 1, 1, 1, 1, 3, 2, 1, 1, 2, 1, 2, 3, 3, 3, 3, 3, 3], "lineidx": [329, 1248, 493, 492, 298, 322, 1263, 301, 484, 545, 1242, 327, 302, 544, 480, 1259, 303, 481, 491, 485, 287, 293, 294, 282, 486, 311, 312, 281, 286, 321, 1285, 299, 1308, 1247, 300, 1310, 1301, 1274, 1264, 1300, 1252, 1230, 1287, 1245, 1302], "junction": [[-0.929241451723247, -0.8162786294111131], [-0.8279039592139512, -0.834050594451705], [-0.9999989999999999, -0.8236588577040408], [-0.9486633624209854, -0.8742170902927581], [-0.809462728967493, -0.895713534410091], [-0.9999989999999999, -0.8789824254439321], [-0.8337537505925294, -0.8919623259855262], [-0.9360459673228726, -0.8761655665453716], [-0.6856567809457067, -0.9999989999999999], [-0.684917477972483, -0.9909827250652238], [-0.9653152917628567, -0.9814606568321637], [-0.8070614986935468, -0.999999], [-0.9623755878606045, -0.9560519734106336], [-0.9999990000000001, -0.9839252216004394], [-0.9999990000000001, -0.958920574579732], [-0.8171693594187153, -0.9743327967985265], [-0.9581504956772409, -0.9565838938718317], [-0.965034339897713, -0.9828135697219125], [-0.8196230039972338, -0.999782332211232], [-0.9670217386037705, -0.9999989999999999], [-0.999999, -0.9852882128409918], [-0.9658691976387712, -0.9828726572393739], [-0.4308273193884275, -0.9595406521411395], [-0.39555911945650035, -0.9649086987556074], [-0.47548926601596775, -0.962581184812513], [-0.3546433338027564, -0.999999], [-0.35346112034803595, -0.9721239919108227], [-0.40284053927450214, -0.9646252193568989], [-0.4814556108233908, -0.9698758086423818], [-0.4759133750529069, -0.9700062505285265], [-0.43121480625288805, -0.9670250781470437], [-0.4045519123202771, -0.999999], [-0.4831962683665863, -0.9999989999999999], [0.07096386184039907, 0.4165643914272463], [0.08543709538209171, -0.9999989999999997], [0.8158667761247497, 0.42824134008685605], [0.8198469520535675, 0.39441503082606216], [0.62090525371177, 0.6895128498004638], [0.778120878372362, -0.9999990000000001], [0.3172115366907736, 0.5950696242634141], [0.5029808673775537, 0.653226183196571], [0.07568947794314156, 0.41796244047316755], [0.8980662645742266, 0.27838933727404314], [0.9999989999999999, -0.5256230795055208], [0.7295976901278093, 0.5582769512766019], [0.7334221755991037, 0.5226122024076829], [0.7126634431419322, 0.5534044230624989], [0.07459321973217896, 0.5185391083614956], [0.09114487037742852, -0.9999990000000001], [0.7614995504345049, 0.9999989999999999], [0.8370363024570925, 0.3689174108904367], [-0.1658726469507971, 0.8265268678227639], [0.2897554054431771, 0.999999], [-0.21223052570347659, -0.999999], [0.9747965542349316, 0.7002619487090385], [0.9999989999999999, 0.5280278479171409], [0.8261360825114454, 0.999999]], "juncdpth": [-0.672048339089053, -0.6963026152226748, -0.681912365574245, -0.660559585546572, -0.693523027094052, -0.6675937400064959, -0.6914172154572142, -0.6671629393235925, -0.7075537972401416, -0.7083175328939706, -0.6395714538773987, -0.6758873318324113, -0.641525107793609, -0.6441729126685672, -0.6465318217447282, -0.6869824986444912, -0.6540190570970111, -0.6420892299576773, -0.6754390885592905, -0.6407696256553965, -0.6467462235173415, -0.6421996441663242, -1.3045006151253942, -1.3238675825547581, -1.315400196047264, -1.3176748767131141, -1.3220820623316785, -1.2946846660830822, -1.3137472608617156, -1.3142279827370853, -1.3033284018152154, -1.2892077837569995, -1.309014650705062, -0.6641532437030149, -0.5516429549388827, -0.6915016456567411, -0.688144553947625, -0.5742326342947468, -0.45821151800458376, -0.6314658577778118, -0.6129157178852811, -0.6636209720631933, -0.7213349065646018, -0.6478071227500855, -0.6437927669200221, -0.6404356564231666, -0.6454614298757767, -0.6274453866751353, -0.5135018873681422, -1.097428827843502, -0.998393333911087, -1.3087472631656079, -1.2111616454490808, -1.0228766317415046, -1.390281229739296, -1.3552426740037506, -1.2111616022754932], "junctype": [0, 0, 0, 0, 0, 0, 1, 1, 0, 0, 0, 0, 0, 0, 0, 1, 1, 0, 0, 0, 0, 0, 0, 0, 0, 0, 0, 0, 0, 0, 0, 0, 0, 0, 0, 0, 1, 0, 0, 0, 0, 1, 0, 0, 0, 1, 1, 0, 0, 0, 1, 0, 0, 0, 0, 0, 0], "junindex": [767, 723, -1, 799, 715, -1, -1, -1, -1, 651, 864, -1, 865, -1, -1, -1, -1, 853, -1, -1, -1, 851, 206, 192, 204, -1, 188, 210, 208, 203, 205, -1, -1, 753, -1, 604, -1, 891, -1, 757, 759, -1, 596, -1, 687, -1, -1, 893, -1, -1, -1, 398, -1, -1, 80, -1, -1], "K": [[3.125, 0.0, 0.0, 0.0], [0.0, 3.125, 0.0, 0.0], [0.0, 0.0, -1.0010005235671997, -0.010005001910030842], [0.0, 0.0, -1.0, 0.0]], "RT": [[-0.5038057565689087, 0.863817036151886, 1.1920928955078125e-07, 6.502924776441432e-08], [0.3375202715396881, 0.19685247540473938, 0.9205048084259033, -0.48278164863586426], [0.795147716999054, 0.46375566720962524, -0.39073115587234497, -0.8814316987991333], [-0.0, -0.0, -0.0, 1.0]]}