{"line": [[4, 5], [0, 1], [2, 3], [17, 15], [9, 10], [15, 16], [5, 1], [8, 3], [6, 7], [25, 26], [15, 9], [24, 22], [22, 23], [18, 11], [11, 13], [13, 14], [19, 18], [11, 12], [20, 21]], "linedir": [1, 1, 1, 2, 3, 3, 3, 3, 1, 1, 1, 3, 2, 2, 1, 3, 3, 3, 3], "lineidx": [290, 281, 286, 1263, 1242, 1259, 293, 311, 300, 1310, 1285, 1302, 1301, 1264, 1274, 1252, 1287, 1245, 1300], "junction": [[-0.9999990000000001, -0.8516908871940558], [-0.9780555769969508, -0.8544460951978535], [-0.999999, -0.9088426215015255], [-0.960485819520288, -0.9132066860117446], [-0.999999, -0.910651508938745], [-0.9849431230502017, -0.9123071650302881], [-0.9999989999999999, -0.9871896968566504], [-0.8572401002745023, -0.9999989999999999], [-0.9693916000761769, -0.9899360017441768], [0.5369333655327202, 0.4848153266143887], [0.5408200619776404, 0.4350331058486703], [0.1690737288592081, 0.7272932628908798], [0.2130901465217309, -0.9999989999999999], [0.6639247337864174, 0.33825046803849274], [0.7904227738162621, -0.999999], [0.38404299023970484, 0.6081979752187611], [0.3870137951724964, 0.5559527752196296], [0.342913762932938, 0.5906234126937959], [-0.2887152772479939, 0.5092873440941801], [-0.35230373401375414, -0.9999990000000002], [0.7287978979043387, 0.999999], [0.9579055798954356, -0.999999], [-0.13666574095640677, 0.8113579041803459], [0.21690526913009756, 0.999999], [-0.14150527135911778, 0.5793909336556051], [0.9067136885665221, 0.9999989999999999], [0.999999, 0.8842332781315069]], "juncdpth": [-0.7221732607684607, -0.7263884645343435, -0.7153253383544946, -0.7228789178999104, -0.7184370330371507, -0.7213089550364398, -0.7003998056165371, -0.7278792397058821, -0.7162378524149474, -0.6699034611006258, -0.6650890739848523, -0.5636694155954594, -0.44723584235261915, -0.6953970149246427, -0.5841065827950774, -0.6271809629120622, -0.6223665659596466, -0.6329304766133106, -0.6306076642901015, -0.5167876031377557, -1.0463996921974374, -0.7961260627129111, -1.318033498634576, -1.2111617255629412, -1.2729566657647056, -1.211161667267003, -1.2745849652663388], "junctype": [0, 0, 0, 0, 0, 0, 0, 0, 1, 0, 1, 0, 0, 0, 0, 0, 1, 1, 0, 0, 0, 0, 0, 0, 1, 0, 0], "junindex": [-1, 723, -1, 715, -1, 722, -1, -1, -1, 604, -1, 891, -1, 596, -1, 687, -1, -1, 893, -1, -1, -1, 398, -1, -1, -1, -1], "K": [[3.125, 0.0, 0.0, 0.0], [0.0, 3.125, 0.0, 0.0], [0.0, 0.0, -1.0010005235671997, -0.010005001910030842], [0.0, 0.0, -1.0, 0.0]], "RT": [[-0.6337553858757019, 0.7735335826873779, 1.4901161193847656e-07, 5.7578667167490494e-08], [0.30224373936653137, 0.2476278841495514, 0.9205048084259033, -0.48278161883354187], [0.7120413184165955, 0.5833749771118164, -0.39073115587234497, -0.8814317584037781], [-0.0, -0.0, -0.0, 1.0]]}