{"line": [[0, 1], [6, 7], [8, 7], [14, 13], [7, 0], [9, 3], [4, 5], [10, 9], [11, 15], [2, 3], [3, 4], [13, 11], [11, 12]], "linedir": [3, 3, 2, 3, 1, 2, 3, 3, 1, 3, 1, 2, 3], "lineidx": [1242, 1259, 1263, 1302, 1285, 1264, 1252, 1287, 1310, 1245, 1274, 1301, 1300], "junction": [[0.11210927335379106, -0.4121728577169669], [0.11363305908006556, -0.46839503988272374], [-0.5250463236719768, -0.999999], [-0.43949320785194745, -0.2302155088813282], [0.29317678057801355, -0.5457076571587403], [0.324368660644055, -0.9999989999999999], [-0.11672112793586382, -0.36920312746102424], [-0.11508483776282574, -0.3118184295772076], [-0.16486863279150943, -0.3484705193550805], [-0.7368469920085726, -0.48299890995397704], [-0.8273936022131999, -0.9999990000000002], [0.5603194400695999, 0.36146364017971133], [0.7871722926464119, -0.999999], [-0.09062981356355038, -0.14782959457253045], [-0.0946791514771442, -0.3208318717299744], [0.999999, 0.07346679178558826]], "juncdpth": [-0.6597502989257427, -0.6509031917121473, -0.4867978622576707, -0.5815593087658133, -0.66991913495107, -0.6054983636226734, -0.6222459136198433, -0.6310930313216465, -0.6412661946245132, -0.6502809945391945, -0.5791169280298516, -1.1348180254402318, -0.8077779074627713, -1.3683959982898055, -1.3098713964909094, -1.2560590981561404], "junctype": [0, 1, 0, 0, 0, 0, 1, 0, 1, 0, 0, 0, 0, 0, 1, 0], "junindex": [604, -1, -1, 891, 596, -1, -1, 687, -1, 893, -1, 400, -1, 398, -1, -1], "K": [[3.125, 0.0, 0.0, 0.0], [0.0, 3.125, 0.0, 0.0], [0.0, 0.0, -1.0010005235671997, -0.010005001910030842], [0.0, 0.0, -1.0, 0.0]], "RT": [[-0.7818315625190735, 0.6234897971153259, 1.3411046495548362e-07, -6.016094733496402e-09], [0.4007716178894043, 0.5025516152381897, 0.7660444378852844, -0.7193921208381653], [0.47762081027030945, 0.5989177823066711, -0.6427876353263855, -0.7017657160758972], [-0.0, -0.0, -0.0, 1.0]]}