{"line": [[0, 1], [6, 7], [8, 7], [7, 1], [13, 14], [9, 3], [15, 13], [10, 9], [3, 4], [4, 5], [2, 3], [11, 12]], "linedir": [3, 3, 2, 1, 2, 2, 3, 3, 1, 3, 3, 3], "lineidx": [1242, 1259, 1263, 1285, 1301, 1264, 1302, 1287, 1274, 1252, 1245, 1300], "junction": [[-0.1090018495129837, 0.4644040688989197], [-0.1080867361848083, 0.5223117871458453], [-0.92287336665217, -0.999999], [-0.738361336322321, 0.6718387849251395], [0.08903480777859374, 0.3991318697360507], [0.10692527842140312, -0.999999], [-0.36875330170996806, 0.5500172515920773], [-0.3655108002188508, 0.6099161549579781], [-0.4088743845900525, 0.5632410221212025], [-0.9283958592958694, 0.40556509179405337], [-0.999999, -0.13095681924983613], [0.5840780208949217, 0.999999], [0.7676909094350095, -0.999999], [-0.07042331621654126, 0.7906597883245973], [0.13663751765909854, 0.9999989999999999], [-0.07404323325367881, 0.4528818295613004]], "juncdpth": [-0.6508069177692444, -0.6563168955789198, -0.4634887850942453, -0.579311641102283, -0.6708628591690822, -0.558614509306294, -0.621114594488202, -0.6266245778620156, -0.6421018512510912, -0.668371172889918, -0.6205137069324759, -0.9613147864773542, -0.7313914454717604, -1.3309193149442953, -1.2111618776980342, -1.2658527349587625], "junctype": [1, 0, 0, 0, 0, 0, 1, 0, 1, 0, 0, 0, 0, 0, 0, 1], "junindex": [-1, 604, -1, 891, 596, -1, -1, 687, -1, 893, -1, -1, -1, 398, -1, -1], "K": [[3.125, 0.0, 0.0, 0.0], [0.0, 3.125, 0.0, 0.0], [0.0, 0.0, -1.0010005235671997, -0.010005001910030842], [0.0, 0.0, -1.0, 0.0]], "RT": [[-0.8431943655014038, 0.5376088619232178, 1.4901161193847656e-07, -8.195638656616211e-08], [0.21006064116954803, 0.3294622600078583, 0.9205049276351929, -0.48278164863586426], [0.4948715567588806, 0.7761645317077637, -0.39073115587234497, -0.8814318180084229], [-0.0, -0.0, -0.0, 1.0]]}