{"line": [[31, 33], [77, 78], [10, 11], [13, 28], [60, 58], [70, 71], [12, 27], [29, 30], [59, 72], [58, 71], [86, 87], [16, 17], [92, 93], [88, 89], [82, 83], [46, 50], [80, 81], [90, 91], [12, 13], [27, 28], [51, 37], [22, 23], [57, 39], [100, 101], [52, 36], [35, 36], [55, 44], [84, 85], [76, 40], [43, 41], [58, 59], [71, 72], [44, 42], [8, 9], [62, 59], [6, 7], [49, 47], [50, 48], [4, 5], [0, 1], [2, 3], [15, 13], [20, 21], [75, 52], [53, 51], [31, 32], [14, 15], [72, 73], [28, 29], [10, 12], [11, 27], [16, 29], [61, 62], [69, 68], [88, 82], [79, 77], [56, 55], [64, 74], [63, 73], [24, 25], [61, 63], [14, 16], [40, 46], [38, 39], [54, 55], [45, 46], [41, 42], [43, 44], [47, 48], [49, 50], [35, 40], [63, 64], [73, 74], [75, 76], [65, 66], [18, 26], [21, 34], [98, 94], [66, 67], [18, 19], [75, 53], [52, 51], [36, 37], [68, 66], [26, 34], [68, 77], [94, 95], [102, 103], [97, 95], [98, 99], [94, 96]], "linedir": [2, 1, null, null, 2, 2, null, 1, null, null, 1, 1, null, 2, 2, null, 1, 2, null, null, null, 1, 1, 2, null, null, null, 2, null, null, null, null, null, 1, 2, 1, null, null, 1, 1, 1, 2, 3, 2, 2, 3, 3, 2, 2, 2, 2, 3, 3, 2, 3, 2, 1, 3, 3, 1, 2, 2, 1, 3, 3, 3, 3, 3, 3, 3, 3, 1, 1, 3, 2, 2, 2, 2, 3, 3, 1, 1, 1, 1, 3, 3, 1, 3, 3, 3, 3], "lineidx": [868, 1046, 828, 858, 1005, 1026, 859, 854, 1032, 1033, 1196, 835, 1218, 1202, 1183, 981, 1158, 1215, 830, 855, 982, 842, 1001, 1299, 985, 962, 1045, 1195, 1043, 973, 1004, 1029, 974, 453, 1011, 445, 977, 979, 321, 299, 300, 837, 841, 1042, 984, 866, 832, 1027, 853, 831, 852, 857, 1006, 1022, 1205, 1048, 997, 1037, 1031, 842, 1010, 836, 1000, 966, 995, 975, 971, 989, 976, 978, 967, 1009, 1028, 1040, 1019, 848, 874, 1253, 1020, 841, 1041, 983, 964, 1021, 873, 1047, 1244, 1300, 1252, 1287, 1245], "junction": [[-0.9999990000000001, -0.02443538155586566], [-0.9605566177023251, -0.026257137948262767], [-0.999999, -0.0054002719008833956], [-0.9600495173786933, -0.007386525550002829], [-0.9999990000000001, -0.02504019592778168], [-0.9605727316917735, -0.026856784280352493], [-0.999999, -0.06872519338722337], [-0.9617368820349456, -0.07017805400854715], [-0.999999, -0.1384108506395772], [-0.9635949661913525, -0.139322529539119], [0.802970340646211, -0.2775619508609053], [0.8031559825456146, -0.28588416631077435], [0.8848092922456054, -0.2776737830906654], [0.9103691851078235, -0.27764264134946354], [0.868197032047752, -0.20655996776111937], [0.8699135350422716, -0.27758820711521476], [0.9883207708690216, -0.2039778442673925], [0.999999, -0.20421616218804386], [0.7268462628561183, -0.28589429917403264], [0.7334060549896673, -0.6108399744823549], [0.7339273211113724, -0.6366613981623154], [0.7349235198216724, -0.6860090689526916], [0.7772717012624359, -0.2857223607415571], [0.803150404830656, -0.2856341206812493], [0.8849980993809942, -0.28535504002776385], [0.9835124194089545, -0.28501913025092623], [0.9873913508983408, -0.28699086112287625], [0.8850193553467107, -0.2862197983102286], [0.9105837401756725, -0.2861263227497993], [0.9905897387351038, -0.2864493066199388], [0.999999, -0.2864131983319476], [0.9981415785539587, -0.574485132795676], [0.9999990000000001, -0.6420225553549849], [0.9999990000000002, -0.574657763061792], [0.9993388113420082, -0.7226652158233856], [0.3442532082107737, -0.6682415015173], [0.3725546801673924, -0.6725632913315097], [0.7366190648380361, -0.6363939769888113], [0.7073948022152385, -0.6392973687671467], [0.7099647376653834, -0.7713860741576729], [0.3456953352184069, -0.8206746983484376], [0.6816842576241721, -0.6405006089849266], [0.6843385334489563, -0.7820743157862541], [0.6459415122083477, -0.6440385822250173], [0.6484809504923243, -0.7869960049606198], [0.4691477233026603, -0.662966900452358], [0.4709627938187148, -0.8037249884666654], [0.5306258198820812, -0.6554530337134651], [0.5327764110108578, -0.8028772142456864], [0.49189689452084484, -0.6592865921027673], [0.4939106047290605, -0.8082118018630801], [0.7360963884462123, -0.6105917280749973], [0.37226388444616576, -0.6441638162405833], [0.6724934217500415, -0.6033888802420677], [0.6169718826644128, -0.648280766041717], [0.6192382380343786, -0.7817989294399686], [0.5326392345757553, -0.7934736957140986], [0.6842034976688535, -0.7748717802541707], [0.22837985404321537, -0.27847356561682785], [0.2643593798995385, -0.2784297287709998], [0.21985189309611156, -0.27845605329199286], [0.22578779446892291, -0.19436837536318735], [0.22631579949919264, -0.27835339289672245], [0.3392779948323764, -0.19073281173172094], [0.4921277406174108, -0.19385202040445965], [0.4151351821713104, -0.28695715784798914], [0.6700634729117899, -0.28825797124162783], [0.6759350091387516, -0.6037786298331995], [0.303947181695318, -0.2897198965542846], [0.21991739480382913, -0.2891811830227084], [0.21991364981451664, -0.2885679853273107], [0.22844422867607875, -0.2886205495248604], [0.26443325211801116, -0.28848895652318857], [0.3402059023255871, -0.28894517172652895], [0.49342277255861083, -0.28835719795050974], [0.31100449646395384, -0.6354737681274548], [0.3125288711554993, -0.8136586455139336], [0.3083743016661399, -0.8142091037032357], [0.31252896214562104, -0.8136586647620363], [0.22301332949187944, -0.7961038622045081], [-0.999999, -0.6132267511256049], [-0.9762897856659726, -0.6117320442003684], [-0.9870269815132038, -0.20053048243105395], [-0.9652057097774018, -0.1992627750267045], [-0.9999989999999999, -0.28815280832627205], [-0.9676047502958522, -0.28853774023905787], [-0.9999990000000001, -0.28664832927017914], [-0.989392701656788, -0.28662226649415506], [-0.9894057863793576, -0.28709843740263824], [-0.9675724913146345, -0.28733729389234053], [-0.999999, -0.6030402320138722], [-0.976225855267375, -0.6093530163903317], [-0.9999990000000002, -0.7798785924843892], [-0.980759724008618, -0.7780708729829698], [-0.7314977658486507, -0.930664996954574], [0.22308700378133786, -0.8081671555107982], [-0.6929629138766149, 0.9999990000000001], [0.21204396989766955, 0.9999989999999997], [-0.9819307863587401, -0.8216493576999269], [-0.932978560949349, 0.999999], [0.7079921042550017, -0.6699973045009322], [0.7346727106354773, -0.6735849922864705], [0.7495155829244508, 0.999999], [0.7772799953620227, -0.28610656075386015]],