{"line": [[0, 1], [2, 0], [5, 6], [0, 3], [2, 4], [8, 9], [12, 13], [14, 13], [1, 7], [18, 19], [13, 9], [15, 11], [10, 11], [20, 18], [16, 17]], "linedir": [1, null, 2, 2, 2, 3, 3, 2, 3, 2, 1, 1, 3, 3, 3], "lineidx": [566, 571, 598, 577, 579, 1242, 1259, 1263, 605, 1301, 1285, 1274, 1252, 1302, 1300], "junction": [[0.949549838257353, -0.8039108761253418], [0.9557662557984579, -0.804363384471097], [0.9469699654847387, -0.7817244341761798], [0.999999, -0.7930251929238954], [0.9999989999999999, -0.7697835593716863], [0.9556727894487343, -0.8035647743946562], [0.999999, -0.7940180697262124], [0.9786627197911374, -0.9999990000000001], [-0.4344359250519962, 0.44044333354692894], [-0.4307555214325326, 0.4990807455169093], [-0.26047503384279447, -0.9999989999999997], [-0.21705354727846873, 0.39395636928277816], [-0.7194415479982675, 0.5013914487745046], [-0.713138273762391, 0.5614998353815364], [-0.7358929636411137, 0.5049095645432099], [-0.999999, 0.5613883279089917], [0.47177816926554983, 0.9999990000000001], [0.6200880561316828, -0.9999989999999999], [-0.03481044838353777, 0.7854596033213357], [0.11121402336054212, 0.999999], [-0.04426134033257937, -0.9999989999999999]], "juncdpth": [-0.7457936721756535, -0.7452435194440974, -0.7478254736458758, -0.7305751039558281, -0.7317850763224952, -0.7453164055515222, -0.7319534463082857, -0.7278080334847101, -0.6590378120335924, -0.6646686605973011, -0.5607112944854546, -0.6728808394344723, -0.6370630488906073, -0.6426939022760338, -0.6625532214341098, -0.6132042982555802, -0.929389349421781, -0.7071017786030349, -1.3341962028194847, -1.2111616937906144, -1.049319185989875], "junctype": [0, 1, 0, 0, 0, 0, 0, 0, 1, 0, 0, 0, 1, 0, 1, 0, 0, 0, 0, 0, 0], "junindex": [301, -1, 302, -1, -1, 298, -1, -1, -1, 604, -1, 596, -1, 687, -1, -1, -1, -1, 398, -1, -1], "K": [[3.125, 0.0, 0.0, 0.0], [0.0, 3.125, 0.0, 0.0], [0.0, 0.0, -1.0010005235671997, -0.010005001910030842], [0.0, 0.0, -1.0, 0.0]], "RT": [[-0.9174397587776184, 0.39787471294403076, 1.341104507446289e-07, -1.568053562550631e-07], [0.15546216070652008, 0.35847222805023193, 0.9205048084259033, -0.48278164863586426], [0.3662455379962921, 0.8445077538490295, -0.39073115587234497, -0.8814317584037781], [-0.0, -0.0, -0.0, 1.0]]}