{"line": [[16, 14], [14, 15], [17, 18], [0, 1], [2, 1], [8, 1], [5, 6], [14, 17], [6, 4], [7, 4], [3, 4], [11, 9], [9, 13], [11, 12], [9, 10]], "linedir": [2, 3, 3, 3, 2, 1, 3, 1, 2, 1, 3, 2, 1, 3, 3], "lineidx": [1328, 1327, 1335, 1242, 1249, 1285, 1257, 1337, 1258, 1274, 1252, 1301, 1310, 1302, 1300], "junction": [[-0.8264625434151743, -0.5635240618420716], [-0.8151884662125375, -0.5050332917855545], [-0.8152800781402969, -0.5646120310552369], [-0.6644686296345955, -0.999999], [-0.6060934298434281, -0.5849643082640521], [-0.6558123884790436, -0.999999], [-0.6298909502264302, -0.8132707724611178], [-0.9999990000000001, -0.5466402783931509], [-0.999999, -0.4865318709796113], [0.23844467613763676, 0.5078123100447639], [0.35022388110869346, -0.999999], [0.013240253584735488, -0.15913672352638067], [0.01610701398354768, -0.9999990000000001], [0.9999989999999999, 0.3891905782284941], [0.3581968242514709, 0.5054198734832425], [0.3600382439595176, 0.48887257174796267], [0.35241809132199686, 0.49005950703838635], [0.5599089055089511, 0.4738364754201406], [0.5627580776720195, 0.457296389990469]], "juncdpth": [-0.6792929614727545, -0.6886875928776468, -0.7086291008766994, -0.6228401873490381, -0.6828282675231638, -0.7386136414328511, -0.7690092330415925, -0.6702201709970377, -0.6827214230422585, -1.0817575184998318, -0.7364977374857359, -1.3746777536549055, -1.1299997966811035, -1.1243691871268162, -1.181713228571916, -1.1756693318318934, -1.1875455271587343, -1.193768202872182, -1.1877243001574453], "junctype": [1, 0, 1, 0, 0, 0, 0, 0, 0, 0, 0, 0, 0, 0, 0, 1, 1, 0, 1], "junindex": [-1, 604, -1, -1, 596, -1, 598, -1, -1, 400, -1, 398, -1, -1, 346, -1, -1, 276, -1], "K": [[3.125, 0.0, 0.0, 0.0], [0.0, 3.125, 0.0, 0.0], [0.0, 0.0, -1.0010005235671997, -0.010005001910030842], [0.0, 0.0, -1.0, 0.0]], "RT": [[-0.9804620742797852, 0.19670844078063965, 1.341104507446289e-07, -1.1920928955078125e-07], [0.1264418512582779, 0.6302288770675659, 0.7660443782806396, -0.7193921208381653], [0.1506873220205307, 0.7510774731636047, -0.6427875757217407, -0.7017657160758972], [-0.0, -0.0, -0.0, 1.0]]}