{"line": [[16, 13], [20, 13], [9, 10], [0, 7], [27, 18], [2, 0], [11, 9], [15, 16], [14, 12], [37, 30], [3, 4], [29, 30], [30, 31], [5, 28], [3, 5], [25, 23], [9, 12], [11, 14], [7, 8], [0, 1], [23, 20], [14, 15], [12, 13], [5, 6], [18, 19], [15, 17], [40, 41], [33, 35], [36, 33], [25, 26], [23, 24], [20, 21], [18, 22], [34, 35], [32, 33], [40, 42], [38, 39]], "linedir": [null, null, 1, null, null, 2, null, null, null, 1, 3, 3, 2, 3, 2, 2, 2, 2, 1, 1, 0, 0, 0, 1, 1, 1, 2, 2, 1, 3, 3, 3, 3, 3, 3, 3, 3], "lineidx": [606, 600, 566, 563, 607, 552, 571, 574, 575, 1285, 553, 1242, 1249, 615, 557, 598, 577, 579, 559, 551, 599, 573, 572, 556, 588, 578, 1301, 1258, 1274, 605, 593, 591, 592, 1257, 1252, 1302, 1300], "junction": [[0.8997518869603782, -0.6012721621270863], [0.999999, -0.6033065034292376], [0.8796489519449386, -0.613277832030321], [0.8008690267791442, -0.6517015178163802], [0.803795803106198, -0.6809877698936578], [0.8648726546036354, -0.6129831025437273], [0.999999, -0.6156783459788092], [0.901352633562643, -0.6154396851897329], [0.9999990000000001, -0.6174025226311235], [0.6371153643033708, -0.7630724971295084], [0.6428629359798728, -0.763147357335601], [0.6352494799175062, -0.7392768995027981], [0.7075418716357375, -0.721379492202697], [0.8136303934693951, -0.7059092581544915], [0.7053168745837651, -0.6959596459594553], [0.8110065776659366, -0.6798915067166856], [0.813529161843277, -0.7049054455840665], [0.9999989999999999, -0.6827031157304968], [0.8302354258396186, -0.6957004489147911], [0.999999, -0.6986910984445469], [0.8113639029298226, -0.7071459386791622], [0.8408105128849263, -0.999999], [0.8615890292437138, -0.9999989999999999], [0.7108189551076576, -0.722306629989341], [0.7352351237486261, -0.999999], [0.6428024409402355, -0.762382755497804], [0.6616025580979932, -0.999999], [0.813529161843277, -0.7049054455840665], [0.8722274796685502, -0.6808022799518154], [-0.9793397197187304, 0.3243030579626408], [-0.9714461441808576, 0.3810278329808194], [-0.9491143846787273, 0.32297660280676466], [-0.9112485598506977, -0.9999989999999997], [-0.7679442396352795, 0.3150258531239025], [-0.8167442413157423, -0.999999], [-0.709108875405246, 0.10199792783261681], [-0.9999989999999999, 0.32520970163787255], [-0.999999, 0.3823242248932687], [0.18282597856570032, 0.999999], [0.2402996111469341, -0.999999], [0.037781092282199405, 0.7857542517897579], [0.07352124827928552, 0.9999989999999999], [0.04804004760512116, -0.9999989999999997]], "juncdpth": [-0.6600522381328902, -0.6619089911385884, -0.6711631482484838, -0.6942872894684728, -0.6917592514932908, -0.6566115068194178, -0.6591012380869897, -0.6588800247333029, -0.6607038842656688, -0.6917356488879092, -0.6918474168003866, -0.6937674505131035, -0.6440735692173041, -0.628017523592364, -0.6461053708424984, -0.6300493252175583, -0.6280956711523364, -0.632800937341076, -0.6189298981571332, -0.6218783024104397, -0.6292819085100629, -0.6072433608633491, -0.5964067391320546, -0.645076079190066, -0.6236539397897142, -0.6909050000640051, -0.6712721920509568, -0.6280956711523364, -0.6510747990001097, -0.7048945125380299, -0.7106221918034397, -0.7356318786731497, -0.5943294723097773, -0.7052357825082272, -0.7036067724178078, -0.8104068146681982, -0.7008875234883354, -0.7100830780052262, -0.8907493196708537, -0.6777034999640671, -1.3340100923072722, -1.2111617155710492, -1.0491257888097039], "junctype": [0, 0, 1, 0, 1, 0, 0, 0, 0, 0, 1, 0, 0, 0, 0, 0, 0, 0, 0, 0, 0, 0, 0, 0, 0, 0, 0, 0, 1, 1, 0, 1, 0, 0, 0, 0, 0, 0, 0, 0, 0, 0, 0], "junindex": [284, -1, -1, 288, -1, 286, -1, 283, -1, 301, -1, 302, 303, 291, 304, 294, 293, -1, 296, -1, 290, -1, -1, 300, -1, 298, -1, 293, -1, -1, 604, -1, -1, 596, -1, 598, -1, -1, -1, -1, 398, -1, -1], "K": [[3.125, 0.0, 0.0, 0.0], [0.0, 3.125, 0.0, 0.0], [0.0, 0.0, -1.0010005235671997, -0.010005001910030842], [0.0, 0.0, -1.0, 0.0]], "RT": [[-0.9957342147827148, 0.09226833283901215, 1.3411046495548362e-07, 2.455755243602198e-08], [0.03605223447084427, 0.38906440138816833, 0.9205048084259033, -0.48278164863586426], [0.08493340015411377, 0.9165781736373901, -0.39073118567466736, -0.8814317584037781], [-0.0, -0.0, -0.0, 1.0]]}