{"line": [[7, 9], [7, 8], [10, 11], [0, 1], [2, 1], [5, 6], [7, 10], [4, 5], [3, 4]], "linedir": [2, 3, 3, 3, 2, 3, 1, 1, 3], "lineidx": [1328, 1327, 1335, 1257, 1258, 1308, 1337, 1310, 1300], "junction": [[-0.9156837320812888, -0.999999], [-0.8999891143573351, -0.9190268227911924], [-0.9999990000000001, -0.7962124881286334], [-0.043729593572814036, -0.999999], [-0.029533150833425562, 0.5336583151172637], [0.9514433786176929, 0.6243190071143424], [0.999999, 0.4661191735327186], [0.16444677662531504, 0.5703377798328809], [0.16541983360013468, 0.5516756396352435], [0.16632341314227048, 0.551759147389104], [0.3812651558155852, 0.5904942889644347], [0.3835354963455995, 0.5718336315200947]], "juncdpth": [-0.8027611550364127, -0.8167602355475668, -0.7618252418539434, -0.7245962001063445, -1.0728981852999668, -1.0429367756507866, -0.9922962478714904, -1.1576840054184876, -1.1508740780054647, -1.1644604876719153, -1.150420627666332, -1.1436106943855087], "junctype": [0, 0, 0, 0, 0, 0, 0, 0, 1, 1, 0, 1], "junindex": [-1, 598, -1, -1, 400, 80, -1, 346, -1, -1, 276, -1], "K": [[3.125, 0.0, 0.0, 0.0], [0.0, 3.125, 0.0, 0.0], [0.0, 0.0, -1.0010005235671997, -0.010005001910030842], [0.0, 0.0, -1.0, 0.0]], "RT": [[-0.9929516315460205, -0.11852052807807922, 1.3783574104309082e-07, 3.742244558679886e-08], [-0.07618342339992523, 0.6382570266723633, 0.7660444378852844, -0.7193921208381653], [-0.09079208225011826, 0.7606450915336609, -0.6427876949310303, -0.7017657160758972], [0.0, 0.0, -0.0, 1.0]]}