{"line": [[19, 16], [11, 12], [31, 32], [9, 10], [31, 21], [0, 7], [1, 8], [2, 0], [42, 39], [14, 11], [18, 19], [17, 15], [13, 10], [3, 4], [33, 28], [11, 15], [3, 5], [14, 17], [34, 23], [20, 10], [6, 36], [5, 37], [28, 25], [17, 18], [15, 16], [0, 1], [7, 8], [38, 39], [5, 6], [39, 41], [33, 35], [21, 22], [28, 29], [25, 26], [23, 24], [21, 27], [18, 13], [22, 30], [40, 41], [43, 44]], "linedir": [null, 1, 1, 2, null, null, null, 2, 1, null, null, null, null, 3, 2, 2, 2, 2, 1, 1, 3, 3, 0, 0, 0, 1, 1, 3, 1, 2, 3, 1, 3, 3, 3, 3, 1, 3, 3, 3], "lineidx": [606, 566, 596, 565, 607, 563, 562, 552, 1274, 571, 574, 575, 569, 553, 598, 577, 557, 579, 602, 576, 614, 615, 599, 573, 572, 551, 559, 1252, 556, 1258, 605, 588, 593, 591, 590, 592, 578, 594, 1257, 1300], "junction": [[0.6559828350073077, -0.5743294717611912], [0.7771271075135219, -0.5725778327608017], [0.6485344154049857, -0.5873100501890165], [0.593871818964622, -0.6292795630451798], [0.5960193973312077, -0.6581780749458194], [0.6158676820345637, -0.5877742972031654], [0.7878750217080931, -0.5853297952399716], [0.6571933300218601, -0.5889745943051773], [0.7785644981062074, -0.5872538848397629], [0.8558402223533971, -0.686668345773836], [0.8615561699177872, -0.6809719189534931], [0.4278615703012585, -0.7488331433815497], [0.43284713040406614, -0.7487648059708542], [0.8586665291032166, -0.6539958035779005], [0.4265769430056726, -0.7244807044670915], [0.4433632703614394, -0.7048248175002001], [0.5323416255200728, -0.6860035453697352], [0.44193101246907796, -0.6787652477595411], [0.5305700356777816, -0.6592202602894967], [0.5322732675371514, -0.6849700943415193], [0.802164459994878, -0.6818796498469442], [0.5369912691865408, -0.6751396312593037], [0.8011617103102815, -0.6718242970169331], [0.8553441299071299, -0.6820028634603258], [0.8891574573786807, -0.999999], [0.5317014535784188, -0.6873238658159773], [0.5523552009364859, -0.9999990000000001], [0.5586961888315748, -0.999999], [0.448052013474652, -0.7056616175202689], [0.4643984499366282, -0.9999990000000001], [0.8338882675452126, -0.999999], [0.5322732675371514, -0.6849700943415193], [0.5376425829001819, -0.6848878987178285], [0.4328053392741251, -0.7479817108880822], [0.8022423409322532, -0.6826606227219003], [0.44625464767661244, -0.999999], [0.7947831735057425, -0.6550130525659223], [0.6212906410480843, -0.6577756673569158], [-0.9999990000000002, 0.11759840236475771], [-0.9818523248628981, 0.2490608801054193], [-0.949986559111767, -0.999999], [-0.8305378399148553, 0.05141950572246273], [-0.999999, 0.24849339101556367], [0.019385107391322452, 0.9999990000000001], [0.025478751573369395, -0.9999989999999997]], "juncdpth": [-0.6364085981546567, -0.6349299402524633, -0.6475845239598091, -0.6719590304727215, -0.6695378218399572, -0.6342042221150515, -0.6321124451442754, -0.6352363849338863, -0.633757727031693, -0.6092187992056411, -0.6037558594944452, -0.6746839237112047, -0.6746200319878, -0.6057876608096955, -0.6767157250264549, -0.6269218746228352, -0.6084990221925815, -0.6289536759380855, -0.6105308235078317, -0.6085771697406328, -0.6046060756873413, -0.599392171881638, -0.5963566889332229, -0.6047361015075978, -0.5817388644336656, -0.609766057558988, -0.5869655500697831, -0.5761061990938064, -0.6277806664760207, -0.6056832610934286, -0.5729522023556787, -0.6085771697406328, -0.6084992034659502, -0.6737057096132643, -0.6053515444273766, -0.6534013878790016, -0.6266181986066791, -0.6286685367280515, -0.7214290410257538, -0.7347625369196099, -0.734515591156814, -0.8401541635330367, -0.7350272846737184, -0.8850021437867217, -0.6733309267250204], "junctype": [0, 0, 1, 0, 1, 0, 0, 0, 0, 1, 0, 0, 1, 0, 0, 0, 0, 0, 0, 0, 1, 0, 0, 0, 0, 0, 0, 0, 0, 0, 0, 0, 1, 0, 1, 0, 1, 1, 0, 0, 0, 0, 0, 0, 0], "junindex": [284, 260, -1, 288, -1, 286, 258, 283, 259, -1, 249, 301, -1, 250, 302, 303, 291, 304, 294, 293, -1, 296, 272, 254, -1, 290, -1, -1, 300, -1, -1, 293, -1, 298, -1, -1, -1, -1, -1, 596, -1, 598, -1, -1, -1], "K": [[3.125, 0.0, 0.0, 0.0], [0.0, 3.125, 0.0, 0.0], [0.0, 0.0, -1.0010005235671997, -0.010005001910030842], [0.0, 0.0, -1.0, 0.0]], "RT": [[-0.9978227019309998, -0.06595192104578018, 1.3597308168300515e-07, -2.6540629249893755e-08], [-0.025769347324967384, 0.3898804187774658, 0.9205047488212585, -0.48278161883354187], [-0.060709115117788315, 0.9185006618499756, -0.3907311260700226, -0.8814316987991333], [0.0, 0.0, -0.0, 1.0]]}