{"line": [[21, 34], [3, 0], [16, 22], [24, 36], [0, 1], [4, 5], [6, 10], [4, 11], [19, 20], [2, 0], [15, 13], [18, 16], [8, 37], [14, 12], [7, 8], [30, 33], [16, 17], [34, 27], [27, 25], [18, 19], [12, 13], [21, 12], [9, 39], [7, 38], [14, 15], [42, 41], [6, 4], [10, 11], [9, 7], [23, 24], [25, 26], [30, 31], [19, 14], [23, 29], [34, 35], [27, 28], [24, 32], [40, 41], [43, 44]], "linedir": [null, 3, 2, null, 2, 2, null, null, null, 1, null, null, 3, null, 2, 0, 0, 1, 2, 0, 2, 1, 3, 3, 2, 2, 1, 1, 1, 1, 3, 3, 1, 3, 3, 3, 3, 3, 3], "lineidx": [603, 293, 577, 609, 280, 550, 563, 562, 574, 281, 570, 575, 613, 569, 555, 599, 572, 602, 604, 573, 565, 576, 615, 614, 568, 1258, 551, 559, 556, 588, 589, 593, 578, 592, 608, 590, 594, 1257, 1300], "junction": [[-0.9840229515270227, -0.9977953939213916], [-0.9722309967219313, -0.9999990000000001], [-0.9999989999999999, -0.998173446231798], [-0.9842823348371461, -0.9999990000000001], [0.49461543641943956, -0.5497485764610152], [0.49929824343758367, -0.5627277946088898], [0.371199382828748, -0.5559860808958823], [0.5030211197158155, -0.5625428391620886], [0.5184448298278828, -0.605887950852479], [0.3280703214521776, -0.5712345336055177], [0.3719010983720813, -0.5709543622375266], [0.4955580422638296, -0.5648263765448731], [0.5478687165690225, -0.6592651192641618], [0.5704086060623049, -0.7247472970733251], [0.5459696012464783, -0.6314602647684925], [0.5686961801465542, -0.7004698808001817], [0.15081414490154738, -0.6960989110810093], [0.2071724576968245, -0.6773886813963078], [0.15032013534216207, -0.6697033425509441], [0.21464239531696203, -0.6474492512057743], [0.21506735182720202, -0.6633067935070431], [0.47797784998431625, -0.6625025187925139], [0.15679498448373114, -0.7021405234620989], [0.2068189177006917, -0.6636693206717326], [0.47367535052235793, -0.6519407059448419], [0.565245522928689, -0.7241188469004789], [0.5845302985949824, -0.999999], [0.542817999066583, -0.660507099099936], [0.5657885080923146, -0.999999], [0.21548593913967737, -0.9999989999999997], [0.15669098249034308, -0.6967915232571827], [0.16258632382206112, -0.9999989999999999], [0.49424768570654903, -0.9999989999999999], [0.20722006585794606, -0.6792361485655246], [0.47833695152980327, -0.6632954609812566], [0.498405572873365, -0.999999], [0.47791422107781334, -0.6614342812168298], [0.5201896737868894, -0.6327043368009991], [0.5075135144658559, -0.6333160551743583], [0.330989888134442, -0.6418346247839821], [-0.9999989999999999, -0.6623434097097695], [-0.9179350217401973, -0.0038307759466040367], [-0.999999, 0.06028941058851758], [-0.19077093982387835, -0.999999], [-0.14514286712321722, 0.999999]], "juncdpth": [-1.043184583708825, -1.050225544046567, -1.0443858273189761, -1.0429096784647156, -0.6162686973120672, -0.6267415234210106, -0.6212576654697703, -0.6132578652643828, -0.6501463979420832, -0.620315487372064, -0.6200854521595915, -0.6150964840018884, -0.5841139008498797, -0.6488067097001313, -0.586145702320102, -0.6507603636163417, -0.6182440944624877, -0.6004231442505837, -0.62027589593271, -0.5999475052106529, -0.5987620492709849, -0.5869618957317981, -0.6242266847435936, -0.589019600953274, -0.5787779955539416, -0.6481129272750163, -0.6267303995023807, -0.5852171917528821, -0.5614578504495734, -0.565328630950431, -0.6189376905724687, -0.5964950094474172, -0.5546871578914623, -0.602147380671838, -0.5876749867939686, -0.5640118240889855, -0.58704004328581, -0.6479656427077054, -0.607829433984623, -0.6148438449950953, -0.8034230408884216, -0.8752494908646036, -0.8347806150876013, -0.6760470300242852, -0.8885720799541151], "junctype": [0, 0, 0, 0, 0, 1, 0, 0, 0, 0, 0, 0, 0, 0, 0, 0, 0, 1, 0, 0, 1, 0, 1, 0, 0, 0, 0, 0, 0, 0, 0, 0, 0, 1, 0, 0, 0, 1, 1, 1, 0, 0, 0, 0, 0], "junindex": [723, -1, -1, -1, 260, -1, 284, 258, 256, 286, 283, 259, 249, 247, 250, 248, 303, -1, 304, 294, -1, 269, -1, 296, 272, 252, -1, 254, -1, -1, 300, -1, -1, -1, 268, -1, 270, -1, -1, -1, -1, 598, -1, -1, -1], "K": [[3.125, 0.0, 0.0, 0.0], [0.0, 3.125, 0.0, 0.0], [0.0, 0.0, -1.0010005235671997, -0.010005001910030842], [0.0, 0.0, -1.0, 0.0]], "RT": [[-0.9749280214309692, -0.2225208878517151, 1.341104507446289e-07, -6.705522537231445e-08], [-0.08694572001695633, 0.3809347450733185, 0.9205048680305481, -0.48278164863586426], [-0.2048315852880478, 0.8974258899688721, -0.39073115587234497, -0.8814317584037781], [0.0, 0.0, -0.0, 1.0]]}