{"line": [[8, 10], [11, 12], [8, 9], [11, 13], [3, 1], [2, 1], [0, 1], [8, 11], [6, 7], [5, 6], [4, 5]], "linedir": [2, 2, 3, 3, 1, 2, 3, 1, 3, 1, 3], "lineidx": [1328, 1334, 1327, 1335, 1261, 1258, 1257, 1337, 1308, 1310, 1300], "junction": [[-0.9887469787038354, -0.999999], [-0.9846451007009352, -0.9804002575045146], [-0.999999, -0.9686501851603174], [-0.9999990000000001, -0.9822880640472508], [-0.2426396252854106, -0.999999], [-0.16448117650921903, 0.5217532788541], [0.8084529255379007, 0.7375735712530861], [0.999999, 0.029947041333557804], [0.056619879531366143, 0.5841127866943431], [0.0568589860898982, 0.5708518750604308], [0.06087912054894003, 0.5717436380201298], [0.2691365067910013, 0.6314506944675776], [0.272626493746955, 0.6187143217510817], [0.2702899382989399, 0.6181960172955835]], "juncdpth": [-0.8437774042297875, -0.8472924470401317, -0.8412715646930903, -0.8482678287827289, -0.7300539428922956, -1.0769608578861931, -1.0077802620345655, -0.8147435900255913, -1.1527102912108351, -1.1478627944434807, -1.157174397937576, -1.1359392322990849, -1.1404033446817734, -1.1310917293900338], "junctype": [0, 0, 0, 0, 0, 0, 0, 0, 0, 1, 1, 0, 1, 1], "junindex": [-1, 598, -1, -1, -1, 400, 80, -1, 346, -1, -1, 276, -1, -1], "K": [[3.125, 0.0, 0.0, 0.0], [0.0, 3.125, 0.0, 0.0], [0.0, 0.0, -1.0010005235671997, -0.010005001910030842], [0.0, 0.0, -1.0, 0.0]], "RT": [[-0.9618256688117981, -0.2736629843711853, 1.341104507446289e-07, 1.2849433517203579e-08], [-0.17590707540512085, 0.6182496547698975, 0.7660444378852844, -0.7193920612335205], [-0.2096381038427353, 0.7368012070655823, -0.6427876353263855, -0.7017656564712524], [0.0, 0.0, -0.0, 1.0]]}