{"line": [[22, 35], [14, 13], [17, 23], [32, 34], [4, 11], [21, 20], [5, 9], [3, 10], [17, 18], [25, 37], [0, 1], [16, 13], [17, 19], [15, 12], [43, 42], [19, 20], [3, 4], [7, 38], [35, 28], [22, 12], [8, 40], [6, 39], [6, 7], [0, 2], [5, 3], [9, 10], [28, 26], [12, 13], [15, 16], [8, 6], [41, 42], [24, 25], [26, 27], [31, 32], [20, 15], [30, 24], [46, 47], [35, 36], [28, 29], [25, 33], [48, 49], [44, 45]], "linedir": [null, 1, 2, 0, null, null, null, null, 0, null, 3, null, null, null, 2, 0, 2, 3, 1, 1, 3, 3, 2, 1, 1, 1, 2, 2, 2, 1, 3, 1, 3, 3, 1, 3, 3, 3, 3, 3, 3, 3], "lineidx": [603, 566, 577, 599, 561, 574, 563, 562, 572, 609, 371, 570, 575, 569, 1258, 573, 550, 613, 602, 576, 615, 614, 555, 375, 551, 559, 604, 565, 568, 556, 1257, 588, 589, 593, 578, 592, 1305, 608, 590, 594, 1308, 1300], "junction": [[0.8842830196685857, -0.9801439778182076], [0.8863876775859105, -0.999999], [0.999999, -0.9758417415322512], [0.1789940659569783, -0.5373735743970852], [0.21703838826503002, -0.562644123113359], [0.061747829145605476, -0.5481191298798667], [0.18429770724688865, -0.5501214990839491], [0.2493061418855948, -0.5927955210464297], [0.018418426624820097, -0.5650694417298545], [0.06186574978233309, -0.5632255077661036], [0.17934062516158622, -0.552668099331012], [0.21728854094821382, -0.5717779436631063], [0.1948600139072264, -0.6475293876804202], [0.3082164226710872, -0.7122201482126774], [0.3020965684972092, -0.7126666093670595], [0.19417272063864272, -0.6192785931867008], [0.3072719221389015, -0.687477255226615], [-0.1517311812670171, -0.6961123834433629], [-0.13864030473010647, -0.6875374752332232], [-0.15123417158910366, -0.6697173350479296], [-0.11628733077378853, -0.6458799341792535], [-0.11650491409405174, -0.6608632873275478], [0.1285881400814212, -0.6529805166992894], [-0.14507526509035978, -0.6988750426781019], [-0.13821081207687003, -0.6626009448771554], [0.11151748687682399, -0.6426090392498911], [0.3020619636783629, -0.7117416580491568], [0.3128464156881574, -0.999999], [0.1914435264840306, -0.6489281366944087], [0.19983326241447102, -0.9999989999999999], [-0.14402196478425755, -0.9999990000000001], [-0.15049474350476347, -0.9999990000000001], [-0.14503466573970833, -0.6966192098842342], [0.11649645336772482, -0.9999989999999999], [-0.1387195568874218, -0.692138889976376], [0.13003653527697337, -0.6537564092860844], [0.13565342552212856, -0.9999990000000001], [0.12857077694402663, -0.6518982476818147], [0.25121409288924695, -0.6536744617411131], [0.18592503353480547, -0.6199852848723166], [0.01857932909668897, -0.6343240705780612], [-0.999999, -0.27701366518269016], [-0.9717258510892768, -0.061033629308455614], [-0.999999, -0.04573535339168987], [-0.396432329156045, -0.9999990000000002], [-0.3016150120918193, 0.9999989999999999], [0.9490207460887622, 0.999999], [0.999999, 0.6582509663630833], [0.917376356085404, 0.999999], [0.999999, 0.4270072931784986]], "juncdpth": [-0.49990943358502626, -0.498722436544817, -0.4937757243542723, -0.6066042327505663, -0.6266728620704205, -0.6149785982768021, -0.603446099246832, -0.638544739225245, -0.6152928590190925, -0.6138063849666233, -0.6054320194403875, -0.6259514037363489, -0.5740174959974569, -0.6355750944686038, -0.6360192422728815, -0.5760492974676792, -0.6375287483848142, -0.618257317835297, -0.609960063027815, -0.6202891193055193, -0.598564173262834, -0.5974463109921884, -0.5786634260562327, -0.6209788117435453, -0.5880717144949132, -0.5708804141177009, -0.6350638495153778, -0.6131718365611035, -0.5752162383838115, -0.551066420938577, -0.5643437331108786, -0.5963190826694649, -0.6187683764733891, -0.546481223528602, -0.6143973764593914, -0.5793419585705397, -0.555353441630149, -0.5787415736102446, -0.6336950232923145, -0.5981643519081079, -0.6099639507669274, -0.8889491887111433, -0.914813856772942, -0.9038865967773244, -0.6857836327108868, -0.9013695390619133, -1.2012067388172074, -1.1399711934185168, -0.7464159463949828, -0.6847449632998989], "junctype": [0, 0, 0, 0, 0, 0, 0, 0, 0, 0, 0, 1, 0, 0, 1, 0, 0, 0, 1, 0, 0, 1, 0, 1, 0, 0, 0, 0, 0, 0, 0, 0, 0, 0, 1, 0, 0, 0, 1, 1, 1, 0, 0, 0, 0, 0, 0, 0, 0, 0], "junindex": [126, -1, -1, 260, 262, 284, 258, 256, 286, 283, 259, -1, 249, 247, -1, 250, 248, 303, -1, 304, 294, -1, 269, -1, 296, 272, 252, -1, 254, -1, -1, -1, 300, -1, -1, 268, -1, 270, -1, -1, -1, -1, 598, -1, -1, -1, -1, -1, -1, -1], "K": [[3.125, 0.0, 0.0, 0.0], [0.0, 3.125, 0.0, 0.0], [0.0, 0.0, -1.0010005235671997, -0.010005001910030842], [0.0, 0.0, -1.0, 0.0]], "RT": [[-0.9276227951049805, -0.37351834774017334, 1.2665987014770508e-07, -1.2937216808950325e-07], [-0.14594513177871704, 0.3624511957168579, 0.9205048084259033, -0.48278161883354187], [-0.3438255190849304, 0.853881299495697, -0.39073115587234497, -0.8814316987991333], [0.0, 0.0, -0.0, 1.0]]}