{"line": [[2, 3], [1, 4], [4, 2], [0, 1], [4, 5]], "linedir": [3, 1, 2, 3, 3], "lineidx": [1305, 1310, 1307, 1300, 1308], "junction": [[-0.7253878661316481, -0.9999989999999999], [-0.5108960831450863, 0.3969191992702339], [0.8679707512219683, 0.27957823555878414], [0.999999, -0.24439294131340264], [0.18962194102526184, 0.9466773753023515], [0.32252002152926595, -0.9999989999999999]], "juncdpth": [-0.7898748001029491, -1.1214910868795158, -1.166841613346882, -1.0127853151953854, -0.9487332894046041, -0.5577961344249274], "junctype": [0, 0, 0, 0, 0, 0], "junindex": [-1, 400, 78, -1, 80, -1], "K": [[3.125, 0.0, 0.0, 0.0], [0.0, 3.125, 0.0, 0.0], [0.0, 0.0, -1.0010005235671997, -0.010005001910030842], [0.0, 0.0, -1.0, 0.0]], "RT": [[-0.7300519943237305, -0.6833916902542114, 1.1920928955078125e-07, 1.2207826216581452e-07], [-0.4392755925655365, 0.46926844120025635, 0.7660444974899292, -0.7193921804428101], [-0.5235084295272827, 0.5592522025108337, -0.6427876353263855, -0.7017657160758972], [0.0, 0.0, -0.0, 1.0]]}