{"line": [[23, 32], [23, 33], [18, 17], [21, 22], [15, 8], [40, 39], [14, 6], [13, 7], [17, 20], [16, 19], [0, 1], [12, 13], [3, 5], [25, 32], [33, 29], [23, 16], [2, 4], [37, 11], [35, 10], [36, 9], [8, 6], [38, 39], [6, 7], [2, 3], [11, 9], [43, 44], [9, 10], [24, 25], [1, 2], [22, 19], [29, 27], [19, 20], [16, 17], [26, 27], [30, 24], [34, 33], [28, 29], [31, 25], [41, 42], [45, 46]], "linedir": [null, null, 1, null, null, 2, null, null, null, null, 3, 2, 3, null, 1, 1, 3, 3, 3, 3, 1, 3, 2, 2, 1, 3, 2, 1, 1, 1, 2, 2, 2, 3, 3, 3, 3, 3, 3, 3], "lineidx": [597, 603, 566, 574, 563, 1258, 562, 561, 570, 569, 371, 560, 393, 609, 602, 576, 391, 615, 613, 614, 551, 1257, 550, 374, 556, 1305, 555, 588, 375, 578, 604, 568, 565, 589, 592, 608, 590, 594, 1300, 1308], "junction": [[-0.09560995849797148, -0.999999], [-0.09522952709403257, -0.9667268813731311], [0.10389425604284849, -0.9485386581831126], [0.20401797651790854, -0.9622829441580126], [0.10453757825691909, -0.9999990000000001], [0.20494234173248727, -0.9999989999999999], [-0.4667781731017602, -0.548149568813689], [-0.3796611953191977, -0.5685490932791313], [-0.5485907907537216, -0.5660011748427488], [-0.4686371673398996, -0.5605991399615617], [-0.3183546310991634, -0.5952073947539642], [-0.583821380904145, -0.5853433502045153], [-0.41378045396140833, -0.5756259930860927], [-0.3803671867879821, -0.5832962184892929], [-0.4675278950144289, -0.5608545919936764], [-0.5494177913286876, -0.577952670290791], [-0.527401366942486, -0.6582511212850324], [-0.25664304862965714, -0.7107074697673053], [-0.2636761421400901, -0.711878994573516], [-0.5255704238563441, -0.6304076904224307], [-0.2558546535762614, -0.6859084883698832], [-0.7328124563129523, -0.6826491716422595], [-0.7319239479372869, -0.6728952958384722], [-0.5722795095945628, -0.6671266013496895], [-0.7753986384772998, -0.6909552520249165], [-0.6102342966954935, -0.6587413218375606], [-0.27308553764119253, -0.999999], [-0.26363482963935764, -0.7106139868550251], [-0.5492282612195201, -0.9999990000000001], [-0.5268782426438523, -0.6597191274130367], [-0.8051555770629918, -0.9999990000000001], [-0.6361977960723609, -0.9999990000000001], [-0.5722038573543757, -0.6660651913940187], [-0.5690387903811167, -0.667737824966881], [-0.5925848833097155, -0.9999990000000001], [-0.3214434522757043, -0.6724119447289467], [-0.47340146747097067, -0.6411427642539214], [-0.5880772934672291, -0.6432776776138174], [-0.999999, -0.26121043850028686], [-0.9883806533481417, -0.1726408991248839], [-0.9999990000000002, -0.16915482419715908], [-0.7068918286214675, -0.6677412534592365], [-0.5600741299992693, 0.9999990000000001], [0.9800379307715328, 0.9999989999999999], [0.999999, 0.8704190717342377], [0.37197205612370454, 0.999999], [0.48890645319465725, -0.9999989999999997]], "juncdpth": [-0.4793509357191268, -0.4812658679998858, -0.4581054098713029, -0.4753934590734712, -0.4552862092037282, -0.473249248789964, -0.615002860685748, -0.6315554169267985, -0.6294394771843104, -0.611701738114264, -0.6406510022262237, -0.6321244348602937, -0.6239436651319409, -0.6303832036166197, -0.614016652016432, -0.6284920273537331, -0.5832278170050014, -0.6340140507741214, -0.6351946721552357, -0.5852596184752237, -0.6359677046903318, -0.6225496853504792, -0.6233054193316754, -0.5910785398865102, -0.614308982076718, -0.5846728241764225, -0.6119638829849818, -0.6339013046973028, -0.5607395063387199, -0.5845258612408255, -0.5916053819013659, -0.5608121207802622, -0.5911566874405221, -0.5916383426578022, -0.5681299026456829, -0.63449486569454, -0.6055456015825803, -0.6275497616891286, -0.9916440950563553, -1.0033007905913447, -1.0002786766089249, -0.7551805105466592, -0.9531429700338845, -1.0611278027599629, -1.0399465133286465, -0.6860176000629549, -0.521938705401252], "junctype": [0, 0, 0, 0, 0, 0, 0, 0, 0, 0, 0, 0, 1, 0, 1, 1, 0, 0, 1, 0, 0, 1, 0, 0, 0, 0, 0, 0, 0, 0, 0, 0, 0, 0, 0, 1, 1, 1, 0, 0, 0, 1, 0, 0, 0, 0, 0], "junindex": [-1, 126, 92, 90, -1, -1, 260, 262, 284, 258, 256, 286, -1, 261, -1, -1, 249, 247, -1, 250, 248, -1, 294, 269, 296, 272, -1, 252, -1, 254, -1, -1, 270, 268, -1, -1, -1, -1, -1, 598, -1, -1, -1, -1, -1, -1, -1], "K": [[3.125, 0.0, 0.0, 0.0], [0.0, 3.125, 0.0, 0.0], [0.0, 0.0, -1.0010005235671997, -0.010005001910030842], [0.0, 0.0, -1.0, 0.0]], "RT": [[-0.7651008367538452, -0.6439104676246643, 1.341104507446289e-07, 5.0128086570566666e-08], [-0.25159579515457153, 0.29894882440567017, 0.9205048680305481, -0.48278164863586426], [-0.5927227735519409, 0.7042790055274963, -0.39073115587234497, -0.8814318180084229], [0.0, 0.0, -0.0, 1.0]]}