{"line": [[22, 20], [23, 31], [20, 21], [17, 16], [14, 8], [40, 38], [13, 7], [12, 6], [39, 38], [16, 19], [15, 18], [0, 1], [31, 29], [23, 15], [5, 3], [43, 42], [36, 11], [25, 33], [4, 2], [8, 6], [34, 10], [35, 9], [11, 9], [24, 25], [6, 7], [12, 13], [2, 3], [1, 2], [20, 18], [9, 10], [26, 27], [32, 31], [29, 27], [30, 25], [28, 29], [46, 47], [18, 19], [15, 16], [41, 42], [37, 38], [44, 45], [48, 49]], "linedir": [null, null, 0, 1, null, 2, null, null, 1, null, null, 3, 1, 1, 3, 2, 3, null, 3, 1, 3, 3, 1, 1, 2, 2, 2, 1, 1, 2, 3, 3, 2, 3, 3, 3, 2, 2, 3, 3, 3, 3], "lineidx": [574, 603, 573, 566, 563, 1254, 561, 562, 1239, 570, 569, 371, 602, 576, 393, 1258, 615, 609, 391, 551, 613, 614, 556, 588, 550, 560, 374, 375, 578, 555, 589, 608, 604, 594, 590, 1305, 568, 565, 1257, 1224, 1300, 1308], "junction": [[-0.5971684187783932, -0.999999], [-0.5952061009850017, -0.9725210778204363], [-0.45740056563570686, -0.9516699584884502], [-0.32148425069030684, -0.9632881154693965], [-0.4600595209094784, -0.9999990000000001], [-0.3229018536013072, -0.999999], [-0.753055751618312, -0.5701062675169408], [-0.6507087359444258, -0.5866458934335723], [-0.8099976691624033, -0.5898494028243019], [-0.7581725313611617, -0.5823272599058789], [-0.5809788582725441, -0.6104689004539003], [-0.8380763620205126, -0.6096482959229479], [-0.7544531974233439, -0.5848259311651768], [-0.6518898039719675, -0.6010731200233386], [-0.8110739603635738, -0.60041552720424], [-0.844054677034881, -0.6794153064153697], [-0.5236869061719469, -0.7218740613302068], [-0.5305446343278151, -0.7236260015301635], [-0.8412169264482487, -0.6523796024242805], [-0.5221072536726584, -0.6974897429044575], [-0.9783447996788236, -0.6985882107465097], [-0.974246941302513, -0.7002814271619178], [-0.9787238902422372, -0.7017115515835908], [-0.8740356948760545, -0.6891267479440232], [-0.999999, -0.7085077099601984], [-0.9178315114144182, -0.6822599832883319], [-0.5463913899212083, -0.9651350075659458], [-0.5304364402374876, -0.7219770932056839], [-0.8751126530434856, -0.9999989999999999], [-0.8417067209159557, -0.6807928642144601], [-0.9540846678649539, -0.9999989999999999], [-0.8702860874596001, -0.689612981421136], [-0.903835099714776, -0.9999989999999999], [-0.8739240068726581, -0.6880979369765845], [-0.5866553785010781, -0.6883650587373634], [-0.7658744473418946, -0.6630302034764226], [-0.8426184297797426, -0.6528518734293037], [-0.999999, -0.65964814200707], [-0.9504202450917204, -0.2619429238391959], [-0.964038722176212, -0.26924960803606], [-0.9627750690852036, -0.25924659662047733], [-0.999999, -0.5539092762143283], [-0.9583182560799136, -0.22396669924495738], [-0.999999, -0.21456098145937744], [-0.8166186707866585, -0.6023113966753688], [-0.6523267635543087, 0.9999990000000001], [0.9523693054864105, 0.9999989999999999], [0.999999, 0.6818217293005457], [0.041433258027638586, 0.9999989999999997], [0.05445809635277011, -0.9999989999999997]], "juncdpth": [-0.48753629509869856, -0.4891436368459505, -0.461932254414231, -0.4767088397712218, -0.45926248104193074, -0.4746159999931994, -0.6328554526752308, -0.647003394192569, -0.6498171332422329, -0.6295622225523028, -0.6543059786100303, -0.6535569902014542, -0.631683239365052, -0.6458311808823902, -0.6489548300800997, -0.602303716589935, -0.6457235017969225, -0.6475623153346263, -0.6043355180601573, -0.6476771557131329, -0.6488103004534054, -0.6505646470751068, -0.6485589960505986, -0.6114810540045177, -0.6317570669393019, -0.6060172599638118, -0.6269585438132874, -0.6458167392196037, -0.5805616307981005, -0.6036031249245504, -0.5829899361606147, -0.6119596584718892, -0.5892446516842655, -0.6115592015585296, -0.647974876530047, -0.6232311204723195, -0.6500340471108766, -1.033550168044656, -1.0874653485429402, -1.0949809669561719, -1.0847179174570403, -1.006242480885289, -1.0500075799793454, -1.041125606206014, -0.7914834628015144, -0.9908224212174115, -0.9975922852488651, -0.9500771766366117, -0.6769749752443693, -0.5150588495153897], "junctype": [0, 0, 0, 0, 0, 0, 0, 0, 0, 0, 0, 0, 0, 0, 1, 0, 0, 1, 0, 0, 0, 1, 1, 0, 0, 0, 1, 0, 0, 0, 0, 0, 0, 0, 1, 1, 1, 0, 0, 1, 1, 0, 0, 0, 1, 0, 0, 0, 0, 0], "junindex": [-1, 126, 92, 90, -1, -1, 260, 262, 284, 258, 256, 286, 259, 261, -1, 249, 247, -1, 250, 248, 294, -1, -1, 269, -1, 272, -1, 252, -1, 254, -1, 268, -1, 270, -1, -1, -1, -1, 600, -1, -1, -1, 598, -1, -1, -1, -1, -1, -1, -1], "K": [[3.125, 0.0, 0.0, 0.0], [0.0, 3.125, 0.0, 0.0], [0.0, 0.0, -1.0010005235671997, -0.010005001910030842], [0.0, 0.0, -1.0, 0.0]], "RT": [[-0.6539533734321594, -0.7565348148345947, 1.1920928955078125e-07, -3.962204431218197e-08], [-0.29560166597366333, 0.2555200457572937, 0.9205048084259033, -0.48278167843818665], [-0.6963940858840942, 0.6019672155380249, -0.39073115587234497, -0.8814318180084229], [0.0, 0.0, -0.0, 1.0]]}