{"line": [[21, 8], [24, 25], [14, 13], [7, 5], [11, 6], [10, 5], [13, 16], [4, 1], [2, 0], [27, 23], [26, 25], [3, 0], [20, 9], [30, 29], [5, 6], [10, 11], [0, 1], [8, 9], [19, 18], [12, 13], [15, 16], [17, 18], [22, 23], [28, 29], [33, 34], [31, 32], [35, 36]], "linedir": [3, 3, 1, 1, null, null, null, 3, 1, 2, 2, 3, 3, 2, 2, 2, 2, 2, 2, 2, 2, 3, 3, 3, 3, 3, 3], "lineidx": [614, 1234, 566, 551, 561, 562, 570, 393, 375, 1254, 1249, 391, 613, 1258, 550, 560, 374, 555, 604, 565, 568, 589, 1224, 1257, 1305, 1300, 1308], "junction": [[-0.9730821587497708, -0.9640716652007456], [-0.8162407776255564, -0.9728760901054907], [-0.9999989999999999, -0.9727125389571583], [-0.9772810330127385, -0.999999], [-0.8188969363794651, -0.9999989999999999], [-0.9922012060885134, -0.6004330224327047], [-0.8822445504759836, -0.6127624213721057], [-0.999999, -0.605534401071866], [-0.9999366536800213, -0.6123802052360883], [-0.8089091137953427, -0.6334224254278276], [-0.9939684787697339, -0.6146154706071455], [-0.8837892408730441, -0.626725196611002], [-0.999999, -0.7178496880653727], [-0.7590959436250511, -0.7397862904861897], [-0.765460422332922, -0.742613324740299], [-0.999999, -0.6922858301204011], [-0.7568738402711205, -0.7160698356775425], [-0.7897697756779037, -0.9999989999999999], [-0.7652195680692951, -0.740063177214652], [-0.999999, -0.7187149779384899], [-0.8166787497370231, -0.7102193498591782], [-0.9999990000000001, -0.6128774118243084], [-0.9180567936609354, -0.6087468078498279], [-0.8832545041330192, -0.3065855108176388], [-0.9651481488408602, -0.26153335847726006], [-0.9647809182786904, -0.2586326584458511], [-0.9999989999999999, -0.2527999216590414], [-0.9114591866550384, -0.30206694960355557], [-0.9475382144900741, -0.6054410670860884], [-0.9077657759206963, -0.2710105356903315], [-0.9999990000000001, -0.2557774499002295], [-0.8990888772128924, -0.6108736732736113], [-0.7174338532294298, 0.999999], [0.889283849475946, 0.999999], [0.999999, 0.20792889947740964], [-0.38476710671981984, -0.9999989999999996], [-0.29273979979459763, 0.9999989999999996]], "juncdpth": [-0.477739669259142, -0.48963480895672795, -0.4894084753978154, -0.47568706996818616, -0.48804664097914413, -0.6592894873338357, -0.6706785725389164, -0.6639545655619433, -0.6560572564526232, -0.6759759607972917, -0.6581172742024739, -0.6695063594075545, -0.640663551068538, -0.6654378349438774, -0.6686002524402516, -0.6423626762307788, -0.6673914885620649, -0.6450401800069706, -0.6657346921872334, -0.641579438304091, -0.669544938246356, -0.656016353704832, -1.092036593030005, -1.1350653262292774, -1.1358641239631615, -1.1362964744560315, -1.130123602509756, -1.1300587139550788, -1.0507697977785133, -1.0968076893522296, -1.0812032684080783, -0.8260201859192826, -1.035169038808538, -0.940554358328626, -0.836420512732873, -0.5192302588304857, -0.682457698004682], "junctype": [0, 0, 0, 0, 0, 0, 0, 0, 0, 0, 0, 0, 0, 0, 1, 0, 0, 0, 0, 0, 1, 0, 1, 0, 1, 0, 0, 1, 1, 0, 0, 1, 0, 0, 0, 0, 0], "junindex": [92, 90, -1, -1, -1, 260, 262, -1, 258, 256, 259, 261, -1, 247, -1, -1, 248, -1, 252, -1, -1, -1, -1, 600, -1, 606, -1, -1, -1, 598, -1, -1, -1, -1, -1, -1, -1], "K": [[3.125, 0.0, 0.0, 0.0], [0.0, 3.125, 0.0, 0.0], [0.0, 0.0, -1.0010005235671997, -0.010005001910030842], [0.0, 0.0, -1.0, 0.0]], "RT": [[-0.5264319777488708, -0.8502171635627747, 1.4901159772762185e-07, 1.5477935733088088e-07], [-0.33220627903938293, 0.20569346845149994, 0.9205048084259033, -0.4827815890312195], [-0.7826289534568787, 0.48458313941955566, -0.3907310962677002, -0.8814315795898438], [0.0, 0.0, -0.0, 1.0]]}