{"line": [[31, 30], [28, 22], [27, 21], [26, 20], [19, 17], [18, 16], [30, 33], [56, 55], [22, 20], [41, 25], [12, 13], [59, 58], [48, 49], [25, 23], [44, 45], [42, 43], [52, 53], [46, 47], [50, 51], [34, 35], [39, 24], [40, 23], [1, 2], [11, 3], [0, 1], [10, 2], [20, 21], [26, 27], [2, 3], [23, 24], [5, 9], [4, 8], [36, 37], [13, 14], [17, 14], [16, 15], [9, 7], [8, 6], [54, 55], [38, 37], [29, 30], [32, 33], [57, 58], [15, 14], [16, 17], [60, 61], [4, 5], [6, 7], [8, 9], [62, 63], [64, 65]], "linedir": [1, null, null, null, 1, 1, null, 2, 1, 3, 2, 2, 2, 1, 2, 2, 2, 2, 2, 2, 3, 3, 1, 3, 3, 3, 2, 2, 2, 2, 1, 1, 3, 1, 2, 2, 2, 2, 3, 2, 2, 2, 3, 3, 3, 3, 3, 3, 3, 2, 3], "lineidx": [566, 563, 561, 562, 406, 405, 570, 1254, 551, 615, 397, 1258, 691, 556, 661, 659, 696, 678, 695, 585, 613, 614, 375, 393, 371, 391, 550, 560, 374, 555, 387, 386, 589, 400, 403, 402, 384, 383, 1224, 604, 565, 568, 1257, 401, 404, 1300, 377, 382, 385, 1306, 1308], "junction": [[-0.8618315593562151, -0.06646783751804947], [-0.8594727245465847, 0.03147625584669686], [-0.773844584948519, 0.051254578962375626], [-0.6282149273061055, 0.042315319377172145], [-0.9469442703302889, -0.8707893582412964], [-0.9263906680572365, -0.07660725347269831], [-0.46495939710197404, -0.9246724498175284], [-0.4539785274263732, -0.059276067015956675], [-0.7569891445102596, -0.9628623637913237], [-0.7380893724843428, -0.047033345173331735], [-0.7761065950814037, -0.05300419020369345], [-0.6298703595003229, -0.05169664929245623], [-0.45787930066643673, -0.36669389017625287], [-0.40839782251818146, -0.3657656473062161], [-0.18515748675771887, -0.37740832605908203], [-0.18774247945396094, -0.8813376198929762], [-0.444166664095408, -0.9144850592364723], [-0.4377224918978306, -0.3829969193701854], [-0.4647337152213912, -0.9068865832249883], [-0.4580699208478851, -0.381716563278454], [-0.9099001501654107, 0.40122055120337374], [-0.8015692257876968, 0.38774923112019866], [-0.9473458797186419, 0.3813217462066373], [-0.9157006250133009, 0.3894134155432687], [-0.7281334723420843, 0.36652152517185393], [-0.9679865227553379, 0.36198947361417144], [-0.9102631695472261, 0.3871300644650143], [-0.8018826365659829, 0.3739349552562347], [-0.9475771727669131, 0.3726941732189214], [-0.999999, 0.2954435258640919], [-0.6691552917537684, 0.2622271878024746], [-0.6754020221614447, 0.2599724293201884], [-0.999999, 0.32084863495947546], [-0.6687226031549561, 0.2851539880848055], [-0.999999, -0.5558760587715185], [-0.9387130109387302, -0.5527371345172308], [-0.6794879145479138, 0.04546263531599546], [-0.6753631173538835, 0.2620149359420818], [-0.9999990000000001, 0.2945566092231915], [-0.7296740984715768, 0.29172144089016655], [-0.9177075750736127, 0.31198182953193765], [-0.9692037082029477, 0.3175304780471001], [-0.999999, -0.6053269213761131], [-0.9399805625912518, -0.6017147699666763], [-0.9999990000000001, -0.6058643739980273], [-0.9399943420828089, -0.6022472034283206], [-0.999999, -0.5898973094289183], [-0.939584999065172, -0.5864303702036412], [-0.999999, -0.7757681114294295], [-0.9443539235049132, -0.77069950214075], [-0.9999990000000001, -0.559069277988707], [-0.9387948434672205, -0.5558991072386802], [-0.999999, -0.5904095996408175], [-0.9395981315232322, -0.5869378025770315], [-0.9342578731918054, 0.38827676331488487], [-0.9259681531568265, 0.701765696781924], [-0.9500210314478553, 0.7060764997635162], [-0.9592327890234914, 0.36658080504180285], [-0.9491046341759507, 0.7398499600301228], [-0.9999989999999999, 0.7492874453646234], [-0.865362417795143, 0.395682132215581], [-0.8505575393526498, 0.9999989999999999], [-0.18760317154729952, -0.8541803535953153], [0.999999, -0.7075148102519531], [-0.23133352422929007, -0.3784300792271574], [-0.22249953441348228, 0.999999]], "juncdpth": [-0.5233101603026173, -0.5247463842581988, -0.49277842478612377, -0.5067309812200305, -0.514607200843234, -0.5260246051805442, -0.47203103785678613, -0.48344844219409633, -0.44588472774326837, -0.45730213208057857, -0.4913422008305425, -0.5053991954589241, -0.5716250273039318, -0.5773698328816357, -0.5127379782460233, -0.5056783613388648, -0.4795320417281955, -0.48659165863535403, -0.4852838973306872, -0.4923435142378458, -0.65563810542801, -0.6689970772763676, -0.6755647048319471, -0.6531189094849625, -0.6764828088190487, -0.6813079866725951, -0.6553766337016094, -0.6687356055499669, -0.6753998078383765, -0.6330865243990572, -0.6735027790914232, -0.6762990051984156, -0.6334573752843551, -0.6739385575097578, -0.6218923733703644, -0.6288806755668578, -0.669662274336059, -0.6737522243678504, -0.6340796644654827, -0.6750544996253027, -0.6516906002912166, -0.6804523625707001, -0.6142986982825018, -0.6210573297402292, -0.6133056341622963, -0.6200517753977933, -0.6145127526947748, -0.6213187923755747, -0.6119440580486051, -0.6181811898171697, -0.6149408758730437, -0.6218417351790146, -0.6135196885614388, -0.6203132380331389, -1.087200459574305, -1.0969335595720655, -1.0921058264335393, -1.0445573291406924, -1.0557040292999402, -1.0459618891234586, -0.8233703670294314, -0.8377019421652256, -0.5347254549508419, -0.7153834176458055, -0.5365175194291516, -0.5578186331015992], "junctype": [1, 0, 0, 0, 0, 0, 0, 0, 0, 0, 1, 1, 1, 0, 0, 0, 0, 0, 1, 1, 0, 0, 0, 0, 0, 0, 0, 0, 1, 0, 0, 1, 0, 0, 0, 1, 1, 0, 0, 1, 1, 1, 0, 1, 0, 1, 0, 1, 0, 1, 0, 1, 0, 1, 1, 0, 1, 1, 0, 0, 1, 0, 1, 0, 1, 0], "junindex": [-1, 126, 92, 90, 149, 150, 25, 26, 27, 28, -1, -1, -1, 144, 48, 47, 51, 52, -1, -1, 260, 262, 284, 258, 256, 286, 259, 261, -1, -1, 247, -1, -1, 248, -1, -1, -1, 252, -1, -1, -1, -1, -1, -1, -1, -1, -1, -1, -1, -1, -1, -1, -1, -1, -1, 600, -1, -1, 598, -1, -1, -1, -1, -1, -1, -1], "K": [[3.125, 0.0, 0.0, 0.0], [0.0, 3.125, 0.0, 0.0], [0.0, 0.0, -1.0010005235671997, -0.010005001910030842], [0.0, 0.0, -1.0, 0.0]], "RT": [[-0.5705691576004028, -0.8212495446205139, 1.341104507446289e-07, -1.4576401952126616e-07], [-0.0715765580534935, 0.049728505313396454, 0.9961947202682495, -0.18677523732185364], [-0.8181244730949402, 0.5683979988098145, -0.0871557667851448, -0.9874791502952576], [0.0, 0.0, -0.0, 1.0]]}