{"line": [[1, 4], [4, 2], [0, 1], [2, 3], [5, 4]], "linedir": [1, 2, 3, 3, 3], "lineidx": [1310, 1307, 1300, 1305, 1308], "junction": [[-0.9325589253995686, -0.9999990000000001], [-0.6983310548753935, 0.186569750333915], [0.6113233209511794, 0.5482504226057203], [0.9093353216335736, -0.9999990000000001], [-0.5114668282753725, 0.8777129720538138], [-0.8488576353941185, -0.9999989999999997]], "juncdpth": [-0.9027038165155867, -1.2054802629749206, -1.0679600368383855, -0.7179624860422598, -0.9674278282177848, -0.5829098696372474], "junctype": [0, 0, 0, 0, 0, 0], "junindex": [-1, 400, 78, -1, 80, -1], "K": [[3.125, 0.0, 0.0, 0.0], [0.0, 3.125, 0.0, 0.0], [0.0, 0.0, -1.0010005235671997, -0.010005001910030842], [0.0, 0.0, -1.0, 0.0]], "RT": [[-0.33650147914886475, -0.9416829347610474, 1.341104507446289e-07, -5.864832175461743e-08], [-0.605302095413208, 0.21629910171031952, 0.7660444378852844, -0.7193921208381653], [-0.7213709950447083, 0.2577750086784363, -0.6427876353263855, -0.7017657160758972], [0.0, 0.0, -0.0, 1.0]]}