{"line": [[15, 16], [27, 28], [20, 19], [16, 17], [19, 22], [12, 10], [2, 0], [11, 9], [3, 1], [26, 14], [29, 28], [13, 14], [30, 31], [5, 6], [25, 24], [18, 19], [21, 22], [4, 5], [10, 8], [9, 7], [7, 8], [9, 10], [23, 24], [32, 33], [0, 1], [36, 37], [34, 35]], "linedir": [2, 3, 1, null, null, 1, 2, 1, 2, 3, 2, 2, 2, 1, 2, 2, 2, 2, 2, 2, 3, 3, 3, 3, 3, 3, 2], "lineidx": [560, 1234, 566, 561, 570, 406, 383, 405, 384, 613, 1249, 555, 1258, 400, 604, 565, 568, 397, 403, 402, 401, 404, 589, 1300, 382, 1308, 1306], "junction": [[-0.963930068500708, -0.901401752889409], [-0.9419600854129033, -0.06675263734681959], [-0.999999, -0.9044308672684626], [-0.9999990000000001, -0.06514400449821968], [-0.9498295796426236, -0.36571811093653295], [-0.7390886190728837, -0.3631115671580418], [-0.6367079039726876, -0.37501508905457526], [-0.6432645288853471, -0.8686162676116547], [-0.6345905279842109, -0.37526127049037944], [-0.9298198514470755, -0.8924470662592553], [-0.9167869163252658, -0.37928225022719464], [-0.9627699967177169, -0.8573301264448322], [-0.9500306113189605, -0.37335539086433683], [-0.999999, 0.34670188081018144], [-0.9222412037986434, 0.3402847194143925], [-0.999999, 0.34535267030407124], [-0.996523832160602, 0.345066496777055], [-0.996151710358098, 0.3582757251410829], [-0.9999989999999999, 0.2503904258427974], [-0.8705441735563141, 0.2417090787936728], [-0.8760207952224103, 0.23722890474067632], [-0.999999, 0.27322805542380163], [-0.8700028136296188, 0.2637709379621452], [-0.8908892722428883, -0.3649891093644618], [-0.8759189520468298, 0.2413538594931894], [-0.9999989999999997, 0.2496630547912045], [-0.9241331033582831, 0.26770887277770156], [-0.9275414130885226, 0.7000440179829444], [-0.9274139107874647, 0.7048577776768098], [-0.999999, 0.7144000525880418], [-0.999999, 0.7095224927271536], [-0.9160085532873389, 0.6985353571923556], [-0.9253724098374893, 0.3405431302168631], [-0.9081232918385485, 0.9999989999999999], [-0.642881230329559, -0.8468152256192878], [0.999999, -0.7151854547210006], [-0.6367127801644819, -0.3752915101864416], [-0.6124520434573337, 0.9999989999999997]], "juncdpth": [-0.4895222241465528, -0.5009396294598889, -0.48717237732349333, -0.4970702748307041, -0.5776668566321288, -0.5944513639523711, -0.5248140654053013, -0.5164860369767136, -0.523545654487369, -0.49660332490305403, -0.5036629424137095, -0.5264686227867484, -0.533528240297404, -0.6981043925168814, -0.7054042754223284, -0.6996266271054166, -0.6999503530411426, -0.7002118247898952, -0.6882583417724961, -0.7003299639641116, -0.7063698343033188, -0.6886419822264725, -0.7007657424196991, -0.6890190401042284, -0.7007949915228855, -0.6892168935501799, -0.7039601684110207, -1.145962339901567, -1.1461198877623255, -1.135048256709926, -1.0882769810061497, -1.1005792494479616, -0.8609330329610348, -0.8772857209440991, -0.5415936074250237, -0.702962270111588, -0.5485064431901343, -0.5702339662903041], "junctype": [0, 0, 0, 0, 1, 0, 1, 0, 0, 0, 0, 1, 1, 0, 0, 0, 0, 0, 0, 0, 1, 0, 0, 1, 0, 0, 1, 1, 0, 0, 0, 1, 1, 0, 1, 0, 1, 0], "junindex": [25, 26, -1, -1, -1, 144, -1, 47, 48, 51, 52, -1, -1, -1, 256, -1, 261, 262, -1, 247, -1, -1, 248, -1, 252, -1, -1, -1, 606, -1, -1, -1, -1, -1, -1, -1, -1, -1], "K": [[3.125, 0.0, 0.0, 0.0], [0.0, 3.125, 0.0, 0.0], [0.0, 0.0, -1.0010005235671997, -0.010005001910030842], [0.0, 0.0, -1.0, 0.0]], "RT": [[-0.4338839054107666, -0.9009687900543213, 1.341104507446289e-07, -2.0421052226993197e-07], [-0.07852456718683243, 0.037815604358911514, 0.9961946606636047, -0.18677523732185364], [-0.8975403308868408, 0.4322328567504883, -0.0871557742357254, -0.9874791502952576], [0.0, 0.0, -0.0, 1.0]]}