{"line": [[2, 0], [3, 2], [0, 1]], "linedir": [2, 3, 3], "lineidx": [1307, 1308, 1305], "junction": [[0.4740441389210794, 0.6160038132732722], [0.7205048149136969, -0.9999989999999997], [-0.7089106067881411, 0.7954346000221011], [-0.9999989999999999, -0.40716772835944154]], "juncdpth": [-1.0456149441924605, -0.6879445903034125, -0.9907184836705554, -0.7023317422198999], "junctype": [0, 0, 0, 0], "junindex": [78, -1, 80, -1], "K": [[3.125, 0.0, 0.0, 0.0], [0.0, 3.125, 0.0, 0.0], [0.0, 0.0, -1.0010005235671997, -0.010005001910030842], [0.0, 0.0, -1.0, 0.0]], "RT": [[-0.18374960124492645, -0.9829730987548828, 1.4156103134155273e-07, -9.637938802598e-08], [-0.6318429708480835, 0.11811207234859467, 0.7660444974899292, -0.7193921208381653], [-0.7530010938644409, 0.14076027274131775, -0.6427876353263855, -0.7017657160758972], [0.0, 0.0, -0.0, 1.0]]}