{"line": [[5, 3], [10, 11], [10, 13], [3, 4], [5, 6], [2, 0], [0, 9], [0, 1], [8, 5], [7, 3], [12, 10], [16, 17], [14, 15]], "linedir": [null, 3, 2, 2, 2, 1, 3, 2, 1, 1, 1, 3, 3], "lineidx": [36, 56, 59, 34, 35, 10, 51, 9, 38, 37, 58, 1308, 1305], "junction": [[0.9062746570565184, -0.8754649509350256], [0.9999989999999999, -0.8786888217758101], [0.8376251522101303, -0.8933785074269093], [0.9605977344898794, -0.9717087073974902], [0.999999, -0.9727792337771143], [0.9575899783484834, -0.9456146352778442], [0.9999990000000001, -0.9468513455039894], [0.8478493977537642, -0.9941461548524279], [0.845362075002732, -0.969631714061679], [0.914995241639889, -0.9547300256291665], [0.9645520004783142, -0.9729719236772296], [0.9676796501177528, -0.9999990000000001], [0.8480399983895707, -0.9960246678034367], [0.9999989999999999, -0.9739318747854185], [0.6455163053996011, 0.999999], [0.8484432483342481, -0.9999990000000001], [-0.9999989999999997, -0.014431342063439349], [-0.8624765166645482, 0.9999990000000001]], "juncdpth": [-0.6623871250929204, -0.6671559164631122, -0.6897839481528104, -0.6219910218460186, -0.6238735363149268, -0.623944675762229, -0.6259772591549702, -0.6639841300392567, -0.6659377839554671, -0.65607407617227, -0.6242136014742108, -0.6221960705595805, -0.6677585813082051, -0.6259132406900293, -0.8514873096952984, -0.6478320440279881, -0.6348620846477943, -0.7360911618363779], "junctype": [0, 0, 1, 0, 0, 0, 0, 1, 1, 1, 0, 0, 1, 0, 0, 0, 0, 0], "junindex": [84, -1, -1, 14, -1, 15, -1, -1, -1, -1, 24, -1, -1, -1, -1, -1, -1, -1], "K": [[3.125, 0.0, 0.0, 0.0], [0.0, 3.125, 0.0, 0.0], [0.0, 0.0, -1.0010005235671997, -0.010005001910030842], [0.0, 0.0, -1.0, 0.0]], "RT": [[-0.23537011444568634, -0.9719058275222778, 1.341104507446289e-07, 6.502924776441432e-08], [-0.37975385785102844, 0.09196655452251434, 0.9205048680305481, -0.48278161883354187], [-0.894644021987915, 0.2166592925786972, -0.39073115587234497, -0.8814316987991333], [0.0, 0.0, -0.0, 1.0]]}