{"line": [[3, 2], [2, 0], [0, 1]], "linedir": [3, 2, 3], "lineidx": [1308, 1307, 1305], "junction": [[0.3166733493601951, 0.6662824277908147], [0.48922892981608157, -0.9999990000000001], [-0.8732827347422244, 0.6916643812272217], [-0.9999989999999999, 0.25162929811999374]], "juncdpth": [-1.0296280921375367, -0.6664682317054154, -1.0217418707087529, -0.8922705117385344], "junctype": [0, 0, 0, 0], "junindex": [78, -1, 80, -1], "K": [[3.125, 0.0, 0.0, 0.0], [0.0, 3.125, 0.0, 0.0], [0.0, 0.0, -1.0010005235671997, -0.010005001910030842], [0.0, 0.0, -1.0, 0.0]], "RT": [[-0.026397010311484337, -0.9996515512466431, 1.341104507446289e-07, -1.5117311136236822e-07], [-0.6425636410713196, 0.0169677734375, 0.7660443782806396, -0.7193920612335205], [-0.7657775282859802, 0.020221197977662086, -0.6427876353263855, -0.7017657160758972], [0.0, 0.0, -0.0, 1.0]]}