{"line": [[10, 11], [2, 26], [19, 17], [8, 9], [12, 13], [10, 16], [14, 15], [8, 10], [7, 24], [4, 6], [4, 5], [6, 25], [14, 23], [12, 14], [3, 0], [21, 17], [22, 19], [29, 28], [6, 7], [2, 0], [26, 27], [28, 30], [0, 1], [17, 18], [19, 20], [28, 26], [33, 32], [31, 32]], "linedir": [2, 1, null, 3, 3, 3, 2, 1, 3, 1, 3, 3, 3, 1, 1, 1, 1, 1, 2, 3, 2, 2, 2, 2, 2, 3, 2, 3], "lineidx": [14, 66, 36, 11, 16, 24, 19, 15, 50, 10, 6, 51, 42, 20, 5, 37, 38, 58, 9, 4, 55, 59, 3, 34, 35, 56, 1306, 1305], "junction": [[0.7584827726644762, -0.7599752918770517], [0.9999989999999999, -0.7548364949953046], [0.7554292814684954, -0.6131181164598349], [0.6774992280978819, -0.7264389954959235], [0.6731149964857321, 0.11678018528344675], [0.6743895696629655, 0.04936550243503368], [0.7359719255842126, 0.13928883884949395], [0.8447379546860896, 0.13732789938808276], [0.9240178085597918, 0.1858168932045847], [0.9250258275241153, 0.14705334344486376], [0.9852163682835506, 0.20678167240649156], [0.999999, 0.2064681565694161], [0.8571864588691842, 0.1257913455869543], [0.8584920238498497, 0.07157982678270516], [0.9373346301475445, 0.1509111289785703], [0.9999989999999999, 0.14973922936374434], [0.986792042723909, 0.14998621546096857], [0.7552998425792227, 0.04861896096291397], [0.9999989999999999, 0.04517363316201085], [0.7547803867052348, 0.07315127926057059], [0.9999989999999999, 0.06943569431667992], [0.6635600767528538, 0.02340795946665304], [0.6631394209749693, 0.046036844563499886], [0.9394575926804628, 0.07035302574799353], [0.8462944752898213, 0.07176464565584487], [0.7374460762838358, 0.06802245915054257], [0.7753139397032909, -0.6188822748761956], [0.999999, -0.6154853740789222], [0.7610962110207228, 0.04748516567020765], [0.6636063316093332, 0.02091971162252263], [0.9999989999999999, 0.04413244327834168], [0.6454059051234285, 0.9999990000000002], [0.6779667116567266, -0.7515869485110017], [-0.999999, -0.786550767220881]], "juncdpth": [-0.6318060725813989, -0.6385499716992517, -0.6343598874886766, -0.6785758524574905, -0.7074910234011487, -0.7061538800764574, -0.6689036237145704, -0.6720971307275503, -0.689933699945837, -0.6891818616206251, -0.6598112584904405, -0.6602423330888262, -0.6915204961475556, -0.690468849801378, -0.6505817656610677, -0.6523835529418299, -0.6587576902038969, -0.6331912374184415, -0.6400389941459805, -0.6336270158367762, -0.6404940320262077, -0.6869744045529115, -0.687410182971246, -0.649111589898679, -0.6708609901094699, -0.6675664802862608, -0.6237759200443903, -0.6299700990945873, -0.6354284978575506, -0.6927822028232158, -0.6421376688598521, -0.6822146198433946, -0.6494495660107537, -0.6051984899711513], "junctype": [0, 0, 0, 1, 0, 1, 0, 0, 0, 1, 0, 0, 0, 1, 0, 0, 1, 0, 0, 0, 0, 1, 1, 1, 1, 1, 0, 0, 0, 1, 0, 0, 0, 0], "junindex": [67, -1, 68, -1, 114, -1, 84, 82, 96, -1, 72, -1, 100, -1, 56, -1, -1, 14, -1, 15, -1, -1, -1, -1, -1, -1, 23, -1, 24, -1, -1, -1, 77, -1], "K": [[3.125, 0.0, 0.0, 0.0], [0.0, 3.125, 0.0, 0.0], [0.0, 0.0, -1.0010005235671997, -0.010005001910030842], [0.0, 0.0, -1.0, 0.0]], "RT": [[-0.1316165030002594, -0.9913007020950317, 1.341104507446289e-07, 1.8430651493872574e-07], [-0.08639755845069885, 0.011471268720924854, 0.9961946606636047, -0.18677522242069244], [-0.9875285029411316, 0.1311156302690506, -0.0871557667851448, -0.9874791502952576], [0.0, 0.0, -0.0, 1.0]]}