{"line": [[2, 0], [0, 1], [4, 2], [2, 3]], "linedir": [1, 3, 2, 3], "lineidx": [1304, 1302, 1307, 1305], "junction": [[0.2234547003229019, 0.04178879994054789], [0.28667139053457774, -0.9999989999999997], [0.14531576539790542, 0.6960228678705167], [0.2267030905513515, -0.999999], [-0.9999990000000001, 0.5729142307192943]], "juncdpth": [-1.2709951162501385, -0.9907150472694943, -1.020399630145803, -0.6540710465394056, -1.0597161445412604], "junctype": [0, 0, 0, 0, 0], "junindex": [398, -1, 78, -1, -1], "K": [[3.125, 0.0, 0.0, 0.0], [0.0, 3.125, 0.0, 0.0], [0.0, 0.0, -1.0010005235671997, -0.010005001910030842], [0.0, 0.0, -1.0, 0.0]], "RT": [[0.1316165030002594, -0.991300642490387, 1.2665985593685036e-07, -1.9268919970727438e-07], [-0.6371957659721375, -0.08460135757923126, 0.7660443186759949, -0.7193920016288757], [-0.7593802809715271, -0.10082417726516724, -0.642787516117096, -0.7017656564712524], [-0.0, 0.0, -0.0, 1.0]]}