{"line": [[32, 26], [30, 31], [14, 15], [17, 18], [16, 14], [0, 2], [21, 20], [19, 18], [4, 6], [8, 10], [4, 5], [30, 28], [14, 20], [0, 1], [16, 21], [28, 29], [26, 27], [8, 9], [6, 12], [7, 13], [2, 25], [3, 24], [10, 22], [11, 23], [2, 3], [6, 7], [10, 11], [28, 32], [21, 19], [20, 18], [33, 34]], "linedir": [null, 3, 2, 1, null, 1, null, null, 1, 1, 3, 1, 1, 3, 1, 3, 3, 3, 3, 3, 3, 3, 3, 3, 2, 2, 2, 2, 2, 2, 3], "lineidx": [61, 57, 27, 31, 28, 10, 36, 33, 15, 20, 11, 58, 37, 6, 38, 56, 54, 16, 24, 26, 51, 50, 42, 44, 9, 14, 19, 59, 35, 34, 1305], "junction": [[0.41164515432979604, -0.872259374077781], [0.41403917572714627, -0.9201480319853874], [0.41984471013205116, -0.8460691832480697], [0.5434087653223968, -0.8446949175594215], [0.6543917057953923, -0.787314566688904], [0.657528509056001, -0.8263782580779372], [0.672114764453083, -0.7624914582829747], [0.7992506755682457, -0.7608411100380912], [0.5882710983026248, -0.8568168289667348], [0.5926837733563608, -0.9184673148527792], [0.6085515265633613, -0.8269421982803284], [0.8268037360152162, -0.824429156665543], [0.677380984294453, -0.8261496688849295], [0.8055315139048376, -0.8246740933813572], [0.3724501212584841, -0.992323599555663], [0.3823253105261118, -0.9922471212006823], [0.3713514970189802, -0.9676804879532741], [0.8863131791935283, -0.951175746028202], [0.8986469221327383, -0.9436718761687393], [0.8956115270691307, -0.9156173217807005], [0.3860631214071726, -0.948164744553699], [0.3847743566383743, -0.9204233601144095], [0.6153372258081964, -0.9182541875253717], [0.8360699771834874, -0.9161774982669918], [0.5483212309418807, -0.9188846847932732], [0.4236292191223692, -0.920057807313325], [0.8856529260717099, -0.9449828655803494], [0.8915184638948324, -0.9999990000000001], [0.3964440446883879, -0.9492574363335887], [0.3988643819240114, -0.999999], [0.3822827994795167, -0.9913182010357584], [0.3826800670415594, -0.9999989999999999], [0.8843441214432993, -0.9449943015501349], [0.25931323781666954, 0.9999989999999999], [0.3408317356997112, -0.9999989999999999]], "juncdpth": [-0.6577122729661402, -0.6539092962766563, -0.6218565577263129, -0.6200827368551775, -0.635945745733662, -0.6329119001811245, -0.6079557380191276, -0.6061819155201672, -0.6360868069482926, -0.6313509771671771, -0.5980462150996224, -0.5950526491893029, -0.6032292492128907, -0.6014554267139304, -0.6603624146870369, -0.6602113110673405, -0.6623160684542359, -0.5879617885756425, -0.5764365763487299, -0.5783902301159288, -0.5832823755691636, -0.5852360293363625, -0.5914511828900444, -0.5884576169797249, -0.6145273417458601, -0.6163011626169956, -0.5784174447405369, -0.5746118774764797, -0.5849719365306819, -0.5814222759661355, -0.6583815184054358, -0.657698039232689, -0.5784347843328782, -0.8027904671608197, -0.6107822939492719], "junctype": [0, 1, 0, 0, 0, 1, 0, 0, 0, 1, 0, 0, 1, 1, 0, 1, 0, 1, 0, 0, 0, 0, 1, 1, 1, 1, 0, 0, 0, 0, 0, 0, 0, 0, 0], "junindex": [114, -1, 84, 82, 96, -1, 72, 70, 100, -1, 56, 54, -1, -1, 133, -1, 134, -1, 12, 13, 14, 15, -1, -1, -1, -1, 21, -1, 24, -1, 130, -1, 22, -1, -1], "K": [[3.125, 0.0, 0.0, 0.0], [0.0, 3.125, 0.0, 0.0], [0.0, 0.0, -1.0010005235671997, -0.010005001910030842], [0.0, 0.0, -1.0, 0.0]], "RT": [[0.07911702245473862, -0.9968652725219727, 1.341104365337742e-07, -2.9969775994231895e-08], [-0.3895062804222107, -0.03091336227953434, 0.9205046892166138, -0.4827815890312195], [-0.9176192879676819, -0.07282765954732895, -0.3907311260700226, -0.8814316391944885], [-0.0, 0.0, -0.0, 1.0]]}