{"line": [[76, 78], [38, 31], [74, 77], [56, 57], [59, 58], [92, 93], [74, 75], [3, 39], [40, 44], [58, 61], [62, 64], [79, 80], [3, 35], [81, 86], [52, 54], [65, 62], [19, 20], [52, 53], [86, 87], [81, 82], [57, 60], [22, 23], [89, 76], [58, 57], [42, 40], [33, 84], [88, 90], [52, 55], [88, 91], [68, 69], [70, 71], [72, 73], [66, 67], [50, 48], [21, 19], [48, 51], [26, 25], [24, 23], [79, 81], [80, 86], [84, 85], [5, 7], [9, 10], [32, 83], [94, 92], [45, 47], [9, 11], [5, 6], [40, 41], [13, 15], [48, 49], [42, 43], [50, 61], [13, 14], [37, 36], [11, 17], [12, 18], [19, 25], [21, 26], [4, 2], [7, 30], [8, 29], [15, 27], [16, 28], [7, 8], [11, 12], [74, 76], [0, 1], [3, 2], [88, 89], [15, 16], [62, 63], [45, 46], [33, 34], [31, 32], [36, 38], [2, 1], [35, 34], [26, 24], [25, 23], [84, 92], [36, 35], [37, 4], [97, 96], [95, 96]], "linedir": [2, null, 2, 1, 1, 2, null, 2, 2, 2, 2, null, 1, null, 2, 1, 2, 1, null, null, 2, 1, null, null, null, 1, 2, 3, 1, 2, 2, 2, 2, 1, null, 2, null, null, 1, 1, 2, 1, 3, 2, 1, 1, 1, 3, 1, 1, 3, 1, 3, 3, 1, 3, 3, 1, 1, 1, 3, 3, 3, 3, 2, 2, 3, 3, 3, 3, 2, 3, 3, 3, 3, 2, 2, 2, 2, 2, 3, 3, 3, 2, 3], "lineidx": [739, 61, 737, 161, 163, 785, 701, 64, 98, 172, 192, 741, 66, 772, 147, 194, 27, 146, 768, 743, 171, 31, 782, 162, 97, 761, 780, 159, 781, 208, 230, 261, 201, 141, 28, 144, 36, 33, 744, 765, 760, 10, 11, 755, 787, 127, 15, 6, 94, 20, 140, 96, 183, 16, 58, 24, 26, 37, 38, 5, 51, 50, 42, 44, 9, 14, 706, 2, 4, 779, 19, 191, 119, 54, 54, 59, 3, 55, 35, 34, 786, 56, 57, 1306, 1305], "junction": [[0.9445346424144083, -0.6315255903842866], [0.9483285959259464, -0.7775366835244305], [0.48538662032754115, -0.7755875815553306], [0.4833701257576958, -0.6239730365763009], [0.44461208503184363, -0.724721112104165], [0.470874890555271, 0.12826904234144154], [0.47146436191939817, 0.08371395063481558], [0.49416439833558934, 0.15237669683087787], [0.6121257364786056, 0.15279771947739032], [0.7156491354167557, 0.20532326519184338], [0.7163838564262126, 0.16886301271090587], [0.7460911267532537, 0.22835274980299614], [0.8674681899339082, 0.2288621935004705], [0.6471952743029095, 0.14132204936740725], [0.6482262903568242, 0.08464467421048204], [0.6845127839988456, 0.16874507480108533], [0.891725946940176, 0.16951186064992363], [0.7473393186018592, 0.16897756243353743], [0.8689209199053536, 0.16942747135841116], [0.42553002159619185, 0.018966886012672924], [0.4355388257663472, 0.018991429876379647], [0.42526429692752626, 0.0412601685757821], [0.9415260552980502, 0.05518471466858933], [0.9545231704312607, 0.06015819443996237], [0.9538431909733577, 0.08556075811653288], [0.4722371009804373, 0.05881486201397378], [0.4719020462208262, 0.0841161438773306], [0.6861299251863524, 0.08475829001437937], [0.8938362887978182, 0.08538088796791189], [0.6133005063330392, 0.08453998448754509], [0.49511184052251084, 0.08418571502663429], [0.9414241063112925, 0.059046422392118394], [0.9505600613400809, -0.28701280996022915], [0.950595711180222, -0.28836318397956884], [0.9596563841172738, -0.6315708192307822], [0.49044728039933544, -0.6301674235807683], [0.48116525401759486, 0.05776857665626622], [0.43552863898142263, 0.0198264153528358], [0.9402018277674276, 0.05904302890296011], [0.4903639795437349, -0.6239935930979205], [0.9549842476752617, -0.06762967140792531], [0.9999989999999999, -0.05700900692435103], [0.9545644528911992, -0.051898443241389154], [0.999999, -0.04035365880040629], [0.9631208407369198, -0.06761569098443161], [0.9631097684264602, -0.06720427978811463], [0.9687850654931922, -0.27807993796325015], [0.999999, -0.058563252393764226], [0.9776608078962652, 0.0006093497478445316], [0.9789285627357316, -0.04570759477583744], [0.956623354701221, -0.005832688601877621], [0.999999, 0.000660451231608488], [0.9904032242960648, 0.01978219468640585], [0.9999990000000001, 0.022882050110919806], [0.9999989999999999, 0.019805679777410264], [0.9909342929043826, 0.0006397145497713642], [0.9448315896718414, -0.07002504000991422], [0.9497566691600964, -0.06886302933347703], [0.9493416736386703, -0.053225510796574484], [0.9444210905646797, -0.05447581658904232], [0.96315379452885, -0.06884014716371514], [0.9578919943196478, -0.05320979028175903], [0.9543332332379627, -0.06926011770493601], [0.9599003737967279, -0.2780330269818983], [0.9631646920435637, -0.06924506351623437], [0.9448699168644655, -0.07147682899266719], [0.4206114710842037, -0.5122599052926545], [0.4420205912984697, -0.5123028029191324], [0.41539815296301713, -0.06318337480118658], [0.4365408998311659, -0.06314609404880289], [0.4158772264989263, -0.10445088933900247], [0.4370444505063276, -0.10442089306890018], [0.4160194927289602, -0.11670573807538459], [0.43719398553555455, -0.1166779082656788], [0.9951265447713943, -0.6431955895212728], [0.999999, -0.6451706175760459], [0.9990298373136228, -0.7858232702973988], [0.999999, -0.6432106314641859], [0.999999, -0.7858274160290466], [0.954752292333217, -0.27800584522232985], [0.9549965865499397, -0.28721648638630165], [0.9869339273083013, -0.27817576356387347], [0.999999, -0.2781762859893586], [0.9871763261708875, -0.2870169767789856], [0.9672195970072445, -0.2886497959731603], [0.9999990000000002, -0.28865397369861084], [0.9871957790216241, -0.2877264966140685], [0.999999, -0.2877280294197992], [0.9810503495122727, -0.6118721753744163], [0.9855439834614711, -0.778280761339402], [0.999999, -0.6119257246034799], [0.9999989999999999, -0.619012498804387], [0.9803712061126116, -0.7782589864683583], [0.9855440360463061, -0.7782807907495969], [0.9478723677469909, -0.7599786467883342], [0.4030556955769425, 0.9999989999999997], [0.4235472191026514, -0.7651459759055146], [-0.999999, -0.7592740253317773]], "juncdpth": [-0.6122468235170752, -0.6097974111134843, -0.6121641053270502, -0.6147179204526428, -0.6811588281798573, -0.6872549181616224, -0.6863956352968266, -0.6483424539397633, -0.6477019630487681, -0.6618213483069426, -0.6611425818528331, -0.6314451535035117, -0.6308046620247418, -0.6656242585199846, -0.6645655627775381, -0.6243406543737263, -0.6232597381840742, -0.6303905190536319, -0.629750027574862, -0.6974095144212664, -0.6973509698267999, -0.6978452928768539, -0.6205388274329502, -0.6112864166944103, -0.6117221951499978, -0.6137582965294145, -0.614194074985002, -0.6228691340931918, -0.6217882179035397, -0.6464612878333668, -0.647101778724362, -0.6133306787345911, -0.6914380023071374, -0.6290287347657545, -0.6016780999253009, -0.6040447945307166, -0.6156973733400068, -0.69536522250659, -0.6133369397111808, -0.6146818788318643, -0.990904442943361, -0.942270445061767, -0.9913402213989485, -0.9422310890319596, -0.9908371190572065, -0.988860176961495, -0.9830672869807625, -0.9490872680296568, -1.007440991479191, -1.0061363053688859, -1.0316962763958932, -1.0072531338733173, -1.0806532816837504, -1.069347012416398, -1.0805667197737412, -1.0800741274069232, -1.0025752814142257, -0.9968795339131773, -0.9973153123687648, -1.0030110598698134, -0.996768014882173, -1.0303298829164524, -0.9988186173237737, -0.9930257337219476, -0.9987449603852959, -1.009783525047949, -1.2870418208890162, -1.2868107318141433, -1.3131580644947052, -1.3129252090975512, -1.2996978614088543, -1.2994671269975766, -1.3012481852287288, -1.3010170965509846, -0.6022892796807081, -0.5990896048139714, -0.5999360740602767, -0.6022647826550913, -0.599931220482115, -0.6814178035688406, -0.6812434916671167, -0.6571625171890776, -0.6570908459387597, -0.6912266367881321, -0.6172048000587385, -0.617035915205603, -0.6569882052873537, -0.656917989110342, -0.6116876902598394, -0.6088987051426095, -0.6115909352506429, -0.5990501984955385, -0.6089250013058543, -0.6088987043922838, -0.6318018889464565, -0.663650380606562, -0.6315421244952705, -0.6391743046050935],