{"line": [[29, 25], [50, 66], [95, 97], [13, 14], [97, 106], [40, 44], [95, 105], [93, 94], [104, 102], [93, 91], [47, 49], [50, 51], [67, 72], [68, 82], [57, 61], [38, 42], [89, 90], [83, 84], [87, 55], [35, 37], [67, 68], [72, 82], [73, 83], [39, 43], [77, 80], [86, 62], [74, 75], [17, 19], [41, 38], [30, 34], [70, 71], [40, 39], [32, 30], [95, 96], [30, 31], [32, 33], [98, 99], [18, 17], [16, 15], [62, 51], [4, 5], [67, 69], [102, 103], [45, 47], [38, 39], [41, 40], [14, 15], [5, 22], [93, 104], [91, 102], [72, 73], [82, 83], [109, 110], [60, 58], [61, 59], [78, 89], [7, 11], [8, 12], [100, 101], [6, 24], [64, 65], [4, 23], [53, 54], [74, 71], [91, 92], [9, 20], [10, 21], [75, 84], [45, 46], [6, 4], [7, 8], [47, 48], [35, 36], [77, 79], [56, 57], [3, 2], [50, 55], [0, 1], [60, 61], [58, 59], [86, 87], [55, 57], [84, 85], [75, 76], [9, 10], [51, 52], [62, 63], [86, 88], [80, 81], [77, 78], [28, 29], [2, 1], [27, 26], [18, 16], [17, 15], [80, 89], [28, 27], [25, 26], [107, 108], [112, 109], [111, 109]], "linedir": [null, 2, 1, 2, null, 2, null, 2, 1, 1, 2, null, 1, 1, null, 2, 2, 1, null, 1, null, null, null, 2, 1, 1, 1, 1, null, 2, 2, null, null, 2, 1, 1, 2, null, null, null, 1, 2, 2, 1, 1, 1, 1, 3, 3, 3, null, null, 1, 2, 2, 1, 3, 3, 2, 3, 2, 3, 2, 3, 2, 3, 3, 3, 3, 2, 2, 3, 3, 2, 3, 3, 3, 3, 3, 3, 3, 2, 2, 2, 2, 2, 2, 2, 2, 3, 2, 2, 2, 2, 2, 3, 3, 3, 3, 2, 3], "lineidx": [61, 737, 1100, 27, 1123, 172, 1122, 1096, 1117, 1095, 192, 701, 744, 765, 720, 165, 785, 766, 782, 127, 741, 772, 771, 171, 761, 781, 749, 37, 164, 98, 742, 162, 97, 1099, 94, 96, 1101, 36, 33, 724, 8, 742, 1110, 194, 161, 163, 31, 49, 1124, 1121, 743, 768, 1303, 716, 718, 787, 24, 26, 1108, 51, 736, 50, 704, 745, 1094, 42, 44, 770, 186, 9, 14, 191, 119, 755, 714, 4, 706, 2, 717, 715, 779, 739, 767, 748, 19, 703, 722, 780, 760, 754, 59, 3, 55, 35, 34, 786, 56, 54, 1302, 1306, 1305], "junction": [[0.6533133020876464, -0.6465375836567854], [0.6560433755466477, -0.7985030625881019], [0.17879143915868284, -0.784131084609663], [0.17806770829392018, -0.6363662141992442], [0.3405075142789075, 0.16323159731566186], [0.35453986637195256, 0.1383138798644936], [0.22061116113437376, 0.1601740302409642], [0.45781171794027303, 0.2439298681439418], [0.5842300642994792, 0.2477236052423386], [0.38549079147118276, 0.18092564021790392], [0.6007392901799959, 0.18662233204057066], [0.4585998218523724, 0.18286051836123085], [0.58524318259321, 0.18621221745253713], [0.6422097178498708, 0.03130272918441764], [0.6443891017496669, 0.03134084274397043], [0.6525178518268442, 0.07405601815969377], [0.6520336618854099, 0.10050587842012941], [0.15590392805139355, 0.06415840259321764], [0.1557915378765741, 0.08986249165306526], [0.16757301088708898, 0.05500835178825103], [0.38642491071126206, 0.0948091095835261], [0.6022133027249313, 0.0994373327933789], [0.354980080302512, 0.09413468176760152], [0.341172064304925, 0.09383852783862648], [0.2210386917738684, 0.09126191072851379], [0.6414650342263185, 0.07268512116038098], [0.6544079984106456, -0.6465610127235468], [0.17082073112060805, -0.6362111119042566], [0.16753418907844586, 0.0632708829856477], [0.6401763097301199, 0.07265952173068997], [0.9847078344556562, -0.05728135294704047], [0.9999990000000001, -0.04898447489589764], [0.9842532151575379, -0.04076414407544598], [0.999999, -0.031557136544821444], [0.9999989999999999, -0.057095338250432635], [0.9924475159819195, -0.056747548980050216], [0.9961369138068032, -0.1897423428655878], [0.9999990000000002, -0.05271834976321945], [0.9472536952523891, -0.07760365091323515], [0.9822425876105954, -0.05861892080475218], [0.9817919117700143, -0.04220327600619628], [0.9468574734554072, -0.06263043960503316], [0.9541898145797719, -0.07752704678045799], [0.9924959903394235, -0.05849494448765618], [0.984291930177581, -0.04217073652579797], [0.9541801803028822, -0.07716561761119721], [0.9571859180331442, -0.1899256413588298], [0.9882661386541085, -0.05897858094862118], [0.9918786640075236, -0.18976238165423884], [0.992507986914188, -0.058927395002317244], [0.6932390030752621, -0.6593996671965608], [0.6946229585041382, -0.6643995361263114], [0.999999, -0.6712319857187857], [0.9270763681593673, -0.6701318903008895], [0.999999, -0.6717656390901969], [0.6960778033801447, -0.808369166129678], [0.8669172417660229, -0.6682544292596821], [0.8703825443316752, -0.8137045574385302], [0.9270364050540199, -0.6685632746098], [0.9309231076019271, -0.8211225552321578], [0.869711144819949, -0.6672840422877266], [0.8733456502085759, -0.8193420445961235], [0.6940918810879749, -0.6365866840272809], [0.9999989999999999, -0.6429443534533107], [0.9307450596168438, -0.8141338875412925], [0.9999990000000002, -0.8162481743847811], [0.6945280313254485, -0.6594281411832743], [0.7457785221891946, -0.2782087592540185], [0.745977761071627, -0.2878256512227413], [0.7782896245358223, -0.2782176793782661], [0.7801626210800767, -0.2782181932753869], [0.7956120542923039, -0.2782224321616091], [0.7518239677213374, -0.2783910751420075], [0.7994913039084981, -0.2784046448649898], [0.7937727231560777, -0.1950021722994796], [0.8053102490570152, -0.19064034917901537], [0.999999, -0.18972416837310246], [0.6690485245749794, -0.2875459758776264], [0.6774789394772242, -0.7412522715712058], [0.8074859657949701, -0.28765820115605134], [0.6793034686711408, -0.2893008380852047], [0.9999989999999997, -0.28959289101722874], [0.7520324423494512, -0.2883728950525075], [0.7997135992737598, -0.2884136139664398], [0.8075152186485542, -0.2889626214279565], [0.999999, -0.2891329346032554], [0.6911174555143229, -0.6265560251838501], [0.6944210805241156, -0.8002886526203475], [0.999999, -0.6327992784523654], [0.688940190872196, -0.8001234338624309], [0.695924683550551, -0.8003340168266222], [0.7092638023631199, -0.2339124462409596], [0.7946284570091545, -0.23371972142550454], [0.7060864367984706, -0.23493364932730473], [0.7092838093921917, -0.23492661613614452], [0.7782391441597021, -0.2758828677771871], [0.7955603994607922, -0.275885317100118], [0.7801125330843821, -0.2759070917951207], [0.6521422005298431, -0.52064964167123], [0.6733854725099045, -0.5209509274710357], [0.6478207656905969, -0.2805056331818265], [0.7101834706877155, -0.2805310583804118], [0.7101890966681726, -0.28081624315173204], [0.745832856093426, -0.2808313562132682], [0.7069837348017618, -0.28062427325146205], [0.7782935363996347, -0.2783986103798277], [0.7801665427763322, -0.2783991435788631], [0.2804590134180509, 0.9999989999999997], [0.2872292709437327, 0.16187290876219948], [0.1413114189997818, -0.7722495638512907], [0.1785289404760449, -0.730536460265957], [0.13444865112619994, 0.999999], [-0.999999, -0.7386052933543543]],