{"line": [[2, 0], [4, 2], [0, 1], [3, 2]], "linedir": [1, 2, 3, 3], "lineidx": [1304, 1307, 1302, 1305], "junction": [[0.2079344747898268, 0.06424463090248785], [0.2683970821940392, -0.9999989999999999], [-0.032615818707383046, 0.7033190664673694], [-0.051006373298993116, -0.9999989999999999], [-0.9999990000000002, 0.4670816047921857]], "juncdpth": [-1.2603710466993876, -0.9764428300532982, -1.0181609835963132, -0.6510636074314645, -1.0960201895121087], "junctype": [0, 0, 0, 0, 0], "junindex": [398, -1, 78, -1, -1], "K": [[3.125, 0.0, 0.0, 0.0], [0.0, 3.125, 0.0, 0.0], [0.0, 0.0, -1.0010005235671997, -0.010005001910030842], [0.0, 0.0, -1.0, 0.0]], "RT": [[0.2863346338272095, -0.9581296443939209, 1.341104507446289e-07, -2.5871858611026255e-07], [-0.6158739328384399, -0.1840522587299347, 0.7660444378852844, -0.7193921208381653], [-0.7339699268341064, -0.21934513747692108, -0.6427876353263855, -0.7017657160758972], [-0.0, 0.0, -0.0, 1.0]]}