{"line": [[31, 27], [0, 1], [37, 38], [12, 13], [17, 19], [14, 13], [39, 37], [17, 18], [16, 15], [25, 26], [34, 36], [32, 33], [29, 30], [34, 35], [3, 4], [4, 10], [5, 9], [3, 11], [24, 2], [23, 0], [27, 28], [7, 21], [6, 7], [20, 8], [6, 22], [42, 43], [37, 40], [39, 41], [2, 0], [5, 3], [27, 25], [15, 13], [16, 14], [8, 6], [42, 44], [30, 31], [18, 16], [17, 15], [47, 48], [45, 46]], "linedir": [null, 1, 1, 2, 1, null, null, null, null, 3, 2, 2, 3, 3, 1, 3, 3, 3, 3, 3, 3, 3, 1, 3, 3, 2, 2, 2, 2, 2, 1, 1, 1, 2, 3, 2, 2, 2, 3, 3], "lineidx": [61, 8, 497, 27, 37, 30, 502, 36, 33, 52, 488, 338, 56, 484, 13, 25, 24, 26, 51, 50, 54, 43, 18, 42, 44, 529, 508, 510, 9, 14, 53, 31, 32, 19, 536, 59, 35, 34, 1305, 1302], "junction": [[-0.05595551497725602, -0.8333544107925357], [-0.05433092681205353, -0.8338974398652932], [-0.1694507822696105, -0.8402947595809721], [0.14882516850581676, -0.7346217980333521], [0.2032058231629083, -0.7599545963075043], [0.027203666707969504, -0.7433270800019699], [0.15312757819962117, -0.8003429386113361], [0.22705527856267177, -0.8310614876414242], [-0.05419589382075835, -0.8135278285133898], [0.027421848889969916, -0.8083372876585206], [0.2047529981340969, -0.821794410599077], [0.15003679678490536, -0.8005394991467506], [0.31506032894131963, -0.9703139212949665], [0.3277333256279564, -0.9697788101347784], [0.3267015878839887, -0.9435493192903461], [0.18544217578788993, -0.9232825063286553], [0.18478256061001733, -0.8938115679758447], [-0.29195386245867333, -0.9464582354783099], [-0.2909748683477594, -0.9185978770897957], [-0.27748513667143543, -0.9496712830783873], [-0.05481085406621216, -0.9062940560598283], [0.22922591450088636, -0.9093874391318602], [0.15491024872699485, -0.8953678744278595], [-0.056454117590043956, -0.9063796678341867], [-0.1709392501193515, -0.9123441861183036], [0.3150185117747331, -0.9692079838214854], [0.3161827666117203, -0.999999], [0.17852538887176156, -0.9250492392805982], [0.18013999168788883, -0.9999990000000001], [-0.27916532620936685, -0.9999990000000001], [-0.2773994282367083, -0.9471040073375485], [0.17724934106395748, -0.9251109664280897], [0.947325173345638, -0.9999989999999999], [0.9999989999999999, -0.9981024073663284], [0.9547303975845599, -0.6034016880716], [0.9612146888142679, -0.6575010342833932], [0.9999990000000001, -0.5997946788245889], [0.8905708243676971, -0.6895686934095339], [0.8973715486187307, -0.6976554545877425], [0.887623517270264, -0.6629222030873428], [0.9999989999999999, -0.6818337958093755], [0.999999, -0.6546439483929065], [0.896526953744106, -0.6900697626460096], [0.999999, -0.6827664427494325], [0.931034635756, -0.999999], [0.2062216643210006, 0.9999989999999999], [0.2685597877974239, -0.9231726125919527], [-0.2507361440781952, -0.9165014947794209], [-0.19268991672652253, 0.9999989999999997]], "juncdpth": [-0.6058230788174246, -0.6064909399844415, -0.6144712246997921, -0.579328591108256, -0.6052337073775487, -0.5879767449269764, -0.5678121053686134, -0.6030191413295753, -0.5824070372031649, -0.5832983197875784, -0.600660356278185, -0.5746501659688581, -0.6195553785343291, -0.6186259491422597, -0.62057960305847, -0.5472874030486334, -0.5492410569648438, -0.5806636426132377, -0.582617296529448, -0.5856149062656573, -0.5758727444609111, -0.5973088744636383, -0.5612778126263596, -0.6004725526919978, -0.6091206985743653, -0.6176375628844877, -0.6153632730805336, -0.5496960419865413, -0.544769062398451, -0.5779727271744719, -0.5816520315164606, -0.5497805800177193, -0.5303112464235705, -0.5272483809086984, -0.647910866051391, -0.6435400969783501, -0.644694876932177, -0.6119052166874646, -0.6199029040296314, -0.6139370181576869, -0.6045631971635763, -0.6063722153553563, -0.6124004217487782, -0.6054523965153381, -0.589702508533015, -1.1820547126967151, -0.9076749645673554, -0.6142683946681625, -0.7993105858880799], "junctype": [0, 1, 0, 0, 0, 0, 0, 0, 0, 1, 1, 1, 1, 0, 0, 0, 0, 0, 0, 1, 1, 1, 1, 1, 1, 0, 0, 0, 0, 0, 0, 0, 0, 0, 0, 1, 0, 0, 1, 0, 0, 0, 0, 0, 0, 0, 1, 1, 0], "junindex": [82, -1, 84, 70, 94, 72, 54, 98, 56, -1, -1, -1, -1, 131, 132, 12, 13, 14, 15, -1, -1, -1, -1, -1, -1, 128, -1, 21, -1, -1, 24, 22, -1, -1, 188, -1, -1, 171, -1, 172, -1, -1, 176, -1, -1, -1, -1, -1, -1], "K": [[3.125, 0.0, 0.0, 0.0], [0.0, 3.125, 0.0, 0.0], [0.0, 0.0, -1.0010005235671997, -0.010005001910030842], [0.0, 0.0, -1.0, 0.0]], "RT": [[0.3857300579547882, -0.9226117134094238, 1.341104507446289e-07, -1.2937216808950325e-07], [-0.3604932129383087, -0.1507166177034378, 0.9205048680305481, -0.48278164863586426], [-0.8492685556411743, -0.3550664186477661, -0.39073115587234497, -0.8814317584037781], [-0.0, 0.0, -0.0, 1.0]]}