{"line": [[2, 0], [4, 2], [0, 1], [3, 2]], "linedir": [1, 2, 3, 3], "lineidx": [1304, 1307, 1302, 1305], "junction": [[0.18675442381593088, 0.08495727779512748], [0.24243030930678036, -0.9999989999999999], [-0.20906229489408365, 0.6876931708051626], [-0.3252583910934548, -0.999999], [-0.999999, 0.370827948155801]], "juncdpth": [-1.2507277778146193, -0.9634883513286038, -1.0229677067475906, -0.6575208942397072, -1.1312675786386033], "junctype": [0, 0, 0, 0, 0], "junindex": [398, -1, 78, -1, -1], "K": [[3.125, 0.0, 0.0, 0.0], [0.0, 3.125, 0.0, 0.0], [0.0, 0.0, -1.0010005235671997, -0.010005001910030842], [0.0, 0.0, -1.0, 0.0]], "RT": [[0.4338839054107666, -0.9009687900543213, 1.1920928955078125e-07, 1.8263922640926467e-07], [-0.5791316628456116, -0.2788951098918915, 0.7660444974899292, -0.7193920612335205], [-0.690182089805603, -0.3323744535446167, -0.6427875757217407, -0.7017655968666077], [-0.0, 0.0, -0.0, 1.0]]}