{"line": [[52, 49], [29, 25], [35, 36], [54, 49], [45, 46], [38, 43], [32, 33], [37, 44], [60, 61], [11, 12], [51, 53], [16, 18], [30, 34], [13, 12], [16, 17], [51, 52], [47, 45], [50, 48], [42, 62], [14, 15], [23, 24], [37, 38], [27, 28], [39, 40], [41, 42], [41, 63], [8, 4], [0, 1], [9, 3], [10, 2], [22, 0], [30, 31], [26, 25], [20, 6], [19, 7], [21, 5], [2, 3], [4, 2], [35, 37], [56, 54], [5, 6], [50, 51], [48, 49], [54, 55], [32, 30], [7, 5], [39, 41], [25, 23], [15, 13], [14, 12], [58, 56], [47, 50], [45, 48], [58, 59], [56, 57], [28, 29], [17, 15], [16, 14], [66, 67], [64, 65]], "linedir": [null, null, null, null, 1, null, 3, null, null, 2, 1, 1, 3, null, null, null, null, null, 3, null, 3, 1, 3, 3, 1, 3, 3, 2, 3, 3, 3, 1, 3, 3, 3, 3, 1, 2, 2, 0, 1, 0, 0, 3, 2, 2, 2, 1, 1, 1, 2, 2, 2, 3, 3, 2, 2, 2, 3, 3], "lineidx": [537, 61, 479, 531, 497, 493, 355, 494, 538, 27, 509, 37, 357, 30, 36, 505, 502, 506, 545, 33, 52, 482, 56, 484, 487, 546, 24, 9, 25, 26, 51, 337, 54, 43, 42, 44, 13, 14, 483, 530, 18, 504, 503, 522, 338, 19, 488, 53, 32, 31, 529, 510, 508, 536, 524, 59, 35, 34, 1305, 1302], "junction": [[-0.45722676786246613, -0.8473897121490653], [-0.39294869688137407, -0.8412621541842557], [-0.2046135691123539, -0.7353965371386841], [-0.11344054508231483, -0.758760154219142], [-0.3098667103514969, -0.7471832292822972], [-0.21353693976781812, -0.8010887818615334], [-0.0885467701455451, -0.8294488391555572], [-0.391876102375257, -0.8188704582408775], [-0.31230283508027373, -0.8109364404581371], [-0.11434624125307313, -0.8235949829604966], [-0.20631495938574704, -0.802727436949616], [0.026681367775392505, -0.9675948596521837], [0.040680334924140124, -0.966682983900373], [0.04055116445596798, -0.9402363905052089], [-0.2068059357321959, -0.9234849001992043], [-0.20607068905718504, -0.8940279706170585], [-0.6120089432416593, -0.9544349919462232], [-0.6099996618525811, -0.9271313036873372], [-0.5970232242726855, -0.9564892915718232], [-0.396222732299508, -0.9096115678467456], [-0.08948099255842477, -0.9158728540842059], [-0.21598938730179645, -0.8948408411802734], [-0.46098785958790317, -0.9149192870854264], [0.026677325927904057, -0.9663329465650807], [0.026785156692885014, -0.999999], [-0.20953182895571426, -0.9253415876651496], [-0.21141942121573803, -0.999999], [-0.6001459355511528, -0.999999], [-0.5969025951952096, -0.9548085290802241], [-0.21063761318626512, -0.9254257036645466], [0.6165049796621104, -0.9840888218451471], [0.6855326991490245, -0.9999990000000001], [0.47632235446461946, -0.9919580486062402], [0.47678082672167216, -0.999999], [0.6176802176595143, -0.999999], [0.7896909767848393, -0.5586069420229721], [0.7902061904688754, -0.5637745719176258], [0.9064238181027229, -0.5443168107786436], [0.9425389193845626, -0.5679436089535767], [0.6995303559216862, -0.5747992640576098], [0.7040813269801014, -0.6264344459418362], [0.9036386276770335, -0.5499830506688503], [0.9549083955646007, -0.5832037867614493], [0.9434719280714325, -0.5757934183498876], [0.907349052888626, -0.552387256145574], [0.5902556807601419, -0.6670506515796885], [0.5974384255885179, -0.6701370808956342], [0.5882334287047523, -0.6395424481513394], [0.8607234425376962, -0.6376829261865715], [0.9906592918714126, -0.6416950005734654], [0.8576436908971516, -0.6090591129794986], [0.9871351897582561, -0.613223046872257], [0.9905232819284062, -0.6405961479648191], [0.999999, -0.6209322623176864], [0.983067874287767, -0.6424875137648308], [0.9999990000000001, -0.780347565588104], [0.8570141594585435, -0.6392082565679114], [0.8956583711353285, -0.999999], [0.5972325861627953, -0.6673696968686076], [0.6208650641381291, -0.98509377639528], [0.9905232819284062, -0.6405961479648191], [0.999999, -0.6395921573878934], [0.9584052591015225, -0.6122992060560618], [0.9105801586666993, -0.6107613401855096], [0.18096453276242216, 0.999999], [0.23785295065911957, -0.9999989999999999], [-0.5298211007778446, -0.9205604018924388], [-0.40696651281926827, 0.999999]], "juncdpth": [-0.6235707539210202, -0.6156960592715427, -0.5800877254737733, -0.6039601472047762, -0.5918904498486359, -0.5686179512755096, -0.6010623997628901, -0.588536648528585, -0.5872734137631584, -0.5991764421564232, -0.5753040204254203, -0.6148611259305645, -0.6133028242686294, -0.6152564781848398, -0.5475619961028846, -0.549515650019095, -0.5931128228467011, -0.5950664767629115, -0.5964059262688253, -0.5820803220611042, -0.5947871174861086, -0.5621616248080289, -0.6184831996810802, -0.6127067476550598, -0.6102399531969641, -0.5500963882549703, -0.5451850521743584, -0.5905003564371243, -0.5937089030706977, -0.5502117630623689, -0.505668794390914, -0.5303108944747077, -0.5175639384778741, -0.517066247952425, -0.5047066746549995, -0.6233778614107823, -0.6229714190255121, -0.611988783665149, -0.6310508298264903, -0.6232569905547942, -0.6192284370079463, -0.6033382788600106, -0.6303043360605898, -0.63042677665406, -0.6113647304927187, -0.5910099686400674, -0.5938363859305668, -0.5930417701102897, -0.5658116283511703, -0.5691266155237944, -0.5678434298213926, -0.5711584169940167, -0.5692047630778063, -0.5773991812443643, -0.5697954283867235, -0.5601481292138007, -0.5670798228457228, -0.5426124459894637, -0.5913090178582445, -0.5688015118443601, -0.5692047630778063, -0.568372787763528, -0.6280045876297754, -0.5987389069085288, -1.1675263780150194, -0.8882821596503133, -0.6258766325137984, -0.8148150051008123], "junctype": [0, 1, 0, 0, 0, 0, 0, 0, 1, 1, 1, 1, 0, 0, 0, 0, 0, 0, 1, 1, 1, 1, 1, 0, 0, 0, 0, 0, 0, 0, 0, 0, 0, 0, 0, 0, 1, 0, 0, 0, 1, 0, 0, 1, 1, 0, 1, 0, 0, 0, 0, 0, 0, 0, 0, 0, 0, 0, 0, 1, 0, 0, 1, 1, 0, 0, 1, 0], "junindex": [84, -1, 70, 94, 72, 54, 98, 56, -1, -1, -1, -1, 131, 132, 12, 13, 14, 15, -1, -1, -1, -1, -1, 128, -1, 21, -1, -1, 24, 22, 86, -1, 88, -1, -1, 192, -1, 190, 204, 188, -1, 186, 208, -1, -1, 171, -1, 172, 169, 179, 170, 182, 181, -1, 184, -1, 173, -1, 176, -1, 181, -1, -1, -1, -1, -1, -1, -1], "K": [[3.125, 0.0, 0.0, 0.0], [0.0, 3.125, 0.0, 0.0], [0.0, 0.0, -1.0010005235671997, -0.010005001910030842], [0.0, 0.0, -1.0, 0.0]], "RT": [[0.5264320373535156, -0.8502172231674194, 1.4901161193847656e-07, -1.0938956762629459e-07], [-0.3322064280509949, -0.2056932896375656, 0.9205048084259033, -0.48278164863586426], [-0.7826290726661682, -0.48458331823349, -0.39073115587234497, -0.8814316987991333], [-0.0, 0.0, -0.0, 1.0]]}