{"line": [[4, 2], [2, 0], [0, 1], [3, 2]], "linedir": [2, 1, 3, 3], "lineidx": [1307, 1304, 1302, 1305], "junction": [[0.16037379718924333, 0.1033062076519743], [0.20923992805517427, -0.9999990000000001], [-0.3761148375884965, 0.6501630355322726], [-0.5780139988185823, -0.9999989999999999], [-0.999999, 0.2786699218064173]], "juncdpth": [-1.2423074426416294, -0.9521766449668946, -1.0346999737576161, -0.673281700826399, -1.1672070684233773], "junctype": [0, 0, 0, 0, 0], "junindex": [398, -1, 78, -1, -1], "K": [[3.125, 0.0, 0.0, 0.0], [0.0, 3.125, 0.0, 0.0], [0.0, 0.0, -1.0010005235671997, -0.010005001910030842], [0.0, 0.0, -1.0, 0.0]], "RT": [[0.5705691576004028, -0.8212496042251587, 1.341104507446289e-07, 1.2207826216581452e-07], [-0.5278891324996948, -0.3667547106742859, 0.7660444378852844, -0.7193921208381653], [-0.6291136145591736, -0.43708139657974243, -0.6427876353263855, -0.7017656564712524], [-0.0, 0.0, -0.0, 1.0]]}