{"line": [[30, 26], [69, 66], [50, 51], [45, 48], [34, 36], [62, 63], [72, 66], [60, 61], [53, 58], [0, 2], [52, 59], [0, 1], [46, 47], [12, 13], [17, 19], [44, 49], [13, 14], [17, 18], [64, 60], [68, 69], [15, 16], [67, 65], [24, 25], [28, 29], [31, 32], [34, 35], [54, 55], [57, 81], [80, 70], [23, 0], [9, 5], [56, 82], [10, 4], [27, 26], [11, 3], [52, 53], [31, 41], [5, 3], [20, 8], [21, 7], [22, 6], [56, 57], [42, 43], [50, 52], [37, 38], [46, 44], [3, 4], [33, 31], [75, 72], [8, 6], [67, 68], [65, 66], [70, 71], [44, 45], [39, 40], [6, 7], [68, 62], [54, 56], [78, 75], [64, 67], [60, 65], [29, 30], [18, 16], [17, 15], [26, 25], [16, 14], [15, 13], [78, 79], [71, 77], [75, 76], [72, 73], [70, 74], [85, 86], [83, 84]], "linedir": [null, null, null, 3, 2, null, null, 1, null, 1, null, 2, 3, 2, 1, 3, null, null, null, null, null, null, 3, 3, 1, 3, 3, 3, null, 3, 3, 3, 3, 3, 3, 1, 3, 2, 3, 3, 3, 1, 2, 2, 2, 2, 1, 2, 0, 2, 0, 0, 1, 1, 2, 1, 1, 2, 2, 2, 2, 2, 2, 2, 1, 1, 1, 3, 3, 3, 3, 3, 3, 3], "lineidx": [61, 537, 479, 356, 82, 500, 531, 497, 493, 10, 494, 9, 355, 27, 37, 357, 30, 36, 502, 505, 33, 506, 52, 56, 76, 78, 484, 545, 538, 51, 24, 546, 25, 54, 26, 482, 118, 14, 42, 43, 44, 487, 125, 483, 104, 338, 13, 77, 530, 19, 504, 503, 519, 337, 105, 18, 509, 488, 529, 510, 508, 59, 35, 34, 53, 32, 31, 536, 525, 524, 522, 523, 1305, 1302], "junction": [[-0.7160530541961535, -0.8603917708334184], [-0.7043657471050522, -0.8586954925289415], [-0.7046359837226983, -0.8618494502233417], [-0.5431190180373804, -0.7456798098113392], [-0.4223331375725465, -0.7658522209110574], [-0.6251323475348483, -0.759754731306761], [-0.5642418849294071, -0.8105944994846077], [-0.3980999573173063, -0.8350917872347843], [-0.7020556619752973, -0.8317342656116803], [-0.629819736290588, -0.8206537291973938], [-0.42571929528933544, -0.8310193722851403], [-0.5476315897420896, -0.8130436535703187], [-0.2634487685690764, -0.9698417949831695], [-0.24901647537028146, -0.9684369879024565], [-0.24822960047829928, -0.9421133754636052], [-0.5828745601889224, -0.9308888689825554], [-0.5808402433831747, -0.9019454047581107], [-0.8909014104165118, -0.9673225431151434], [-0.888077498219343, -0.9409207958719282], [-0.876415354351562, -0.9686826011983964], [-0.7094695971747554, -0.9182630201964396], [-0.4023933722109141, -0.9234956733578574], [-0.5706338986683986, -0.9031779815389762], [-0.7212226402790353, -0.9197539834326888], [-0.26440232800912444, -0.9999990000000001], [-0.2634008790120148, -0.9683272431578537], [-0.5813178052671811, -0.9327218889327575], [-0.5860327646310232, -0.9999990000000001], [-0.8797099321466291, -0.9999990000000001], [-0.8762838828171486, -0.967432906925304], [-0.5821733419181276, -0.9328225667745316], [0.9655981967211208, -0.8874163133305206], [0.999999, -0.8950875453048049], [0.8409100361651111, -0.8986050250678084], [0.9952279135863904, -0.855260712267609], [0.9999989999999999, -0.8946541847070327], [0.9999990000000001, -0.854803997016347], [0.8831863297461153, -0.9999989999999999], [0.999999, -0.9920711862600895], [0.8490130109449467, -0.9782043433175421], [0.999999, -0.9671950054721783], [0.975148374436916, -0.969007020839994], [0.8973265527222227, -0.9999989999999999], [0.9999989999999999, -0.993051273491125], [0.15107528837333214, -0.9778547109639782], [0.29566618395775474, -0.995964685112193], [0.033230761029834535, -0.9879280523007733], [0.033278798811050274, -0.999999], [0.29580889822080997, -0.999999], [0.15147642437225928, -0.9999990000000001], [0.49180267569217856, -0.5351694110661064], [0.49201786016511445, -0.5386247807794147], [0.5976358794374039, -0.516218685549303], [0.6628590904695836, -0.5388331696936396], [0.3992084424447911, -0.5551700655587883], [0.4014749747491656, -0.6001206568263886], [0.5829489588138669, -0.5224143469743173], [0.6759621337012941, -0.554217817390887], [0.663800953516144, -0.5500596136233337], [0.598509482912478, -0.5277348692383456], [0.24851982955476684, -0.653938807622051], [0.25614086427736543, -0.6558149490450342], [0.8018961374494992, -0.6397176753682463], [0.802466384857471, -0.6454079215117705], [0.24765151700002408, -0.6259313719521677], [0.48697235331475713, -0.6155353996006622], [0.6288996468791875, -0.6151525411452434], [0.48517410205247696, -0.5860764118021661], [0.6265760510071844, -0.585679161448795], [0.6288099576405908, -0.6140148885027601], [0.6794179038223762, -0.6061011871116418], [0.8155611383083097, -0.6495909231351752], [0.6220076745054078, -0.6162176333453058], [0.6519283190282652, -0.999999], [0.7130042663842763, -0.999999], [0.4852373099200759, -0.6172009943350842], [0.5085160976557316, -0.999999], [0.8512316424271796, -0.9999989999999999], [0.2560839951477355, -0.654034794925009], [0.2668922181823059, -0.9923607529681339], [0.6288099576405908, -0.6140148885027601], [0.6800561422243643, -0.6021632090687691], [0.5876346191928931, -0.5857885623280853], [0.15019024064401074, 0.9999989999999999], [0.19701743538376082, -0.9836089535897636], [-0.7755808287255009, -0.9266497345878322], [-0.5953021189260175, 0.9999990000000001]], "juncdpth": [-0.64096591350711, -0.6386416620314824, -0.6429767887065396, -0.5903584043840153, -0.6116004127502093, -0.6050201811247042, -0.5790953415992579, -0.6079648569744176, -0.6038390772669278, -0.6005173689692429, -0.6067357748012867, -0.5854937664350928, -0.6187350379670095, -0.6163074098678241, -0.6182610637840344, -0.5578103216007682, -0.5597639755169785, -0.614395227835979, -0.6163488817521894, -0.6167306361812659, -0.597528987251186, -0.6014780741536413, -0.5726085583383025, -0.6363715991398285, -0.6137849775671388, -0.6161185674093508, -0.5604070106526313, -0.5558982329769948, -0.6121905667456081, -0.6145840747794571, -0.560550333466403, -0.6804168871073548, -0.6925162714636031, -0.6982093021749789, -0.727643348533181, -0.7241716920437131, -0.7269387897554896, -0.67588685521261, -0.6598637974751457, -0.6823289358000638, -0.661420965098399, -0.6737531736556431, -0.6758868508533741, -0.6618033909996904, -0.4966267205397532, -0.5238381029714727, -0.5114033044336193, -0.510665072503656, -0.5235853741308244, -0.4953115570276937, -0.6049144270897058, -0.604649866620526, -0.5907664973503257, -0.6077281675402473, -0.607395767059713, -0.6039666970250619, -0.5826520134520239, -0.6066467811011753, -0.6068658644278042, -0.5899041942378827, -0.5794878057455524, -0.5811392209341436, -0.5931930936055636, -0.5927715590932487, -0.5815196072157747, -0.5481855040211663, -0.5478904389904677, -0.5502173054913886, -0.54992224046069, -0.5479685865444797, -0.541948920725952, -0.5767686050047214, -0.548721083719065, -0.5235371562518406, -0.5164201529728607, -0.5494848504639185, -0.5243304948914871, -0.5525993286305866, -0.5795832361907562, -0.5561120008674735, -0.5479685865444797, -0.6029946987872176, -0.5780060747203354, -1.1552412600545823, -0.8806614906920689, -0.6458176009188533, -0.8413938476420351], "junctype": [0, 1, 1, 0, 0, 0, 0, 0, 0, 1, 1, 1, 1, 0, 0, 0, 0, 0, 0, 1, 1, 1, 1, 1, 0, 0, 0, 0, 0, 0, 0, 0, 0, 1, 0, 0, 0, 0, 0, 1, 0, 1, 0, 0, 0, 0, 0, 0, 0, 0, 0, 1, 0, 0, 0, 1, 0, 0, 1, 1, 0, 1, 0, 1, 0, 0, 0, 0, 0, 0, 0, 0, 0, 0, 0, 0, 0, 0, 0, 1, 0, 1, 1, 0, 1, 1, 0], "junindex": [84, -1, -1, 70, 94, 72, 54, 98, 56, -1, -1, -1, -1, 131, 132, 12, 13, 14, 15, -1, -1, -1, -1, -1, -1, 128, 21, -1, -1, 24, 22, 348, -1, -1, 386, -1, -1, -1, -1, -1, -1, -1, -1, -1, 86, 120, 88, -1, -1, -1, 192, -1, 190, 204, 188, -1, 186, 208, -1, -1, 171, -1, 216, -1, 172, 169, 179, 170, 182, 181, 178, 198, 184, -1, -1, 173, -1, -1, 176, -1, 181, -1, -1, -1, -1, -1, -1], "K": [[3.125, 0.0, 0.0, 0.0], [0.0, 3.125, 0.0, 0.0], [0.0, 0.0, -1.0010005235671997, -0.010005001910030842], [0.0, 0.0, -1.0, 0.0]], "RT": [[0.6539532542228699, -0.756534993648529, 1.341104507446289e-07, -1.9913969140361587e-07], [-0.29560187458992004, -0.2555198073387146, 0.9205048084259033, -0.48278164863586426], [-0.6963940858840942, -0.6019671559333801, -0.39073115587234497, -0.8814316987991333], [-0.0, 0.0, -0.0, 1.0]]}