{"line": [[75, 72], [89, 79], [88, 79], [54, 51], [81, 72], [67, 68], [53, 52], [65, 66], [76, 66], [57, 63], [56, 64], [9, 10], [55, 50], [37, 38], [19, 20], [10, 11], [41, 39], [67, 70], [12, 13], [69, 66], [74, 75], [73, 71], [59, 60], [46, 47], [31, 32], [91, 77], [33, 34], [29, 30], [22, 21], [31, 36], [6, 2], [2, 0], [62, 92], [7, 1], [61, 93], [8, 0], [28, 44], [27, 28], [16, 5], [33, 43], [25, 26], [27, 45], [52, 50], [14, 12], [17, 4], [58, 56], [15, 13], [23, 24], [18, 3], [94, 95], [5, 3], [56, 57], [39, 40], [46, 49], [41, 42], [29, 31], [35, 33], [61, 62], [84, 81], [0, 1], [73, 74], [71, 72], [25, 27], [59, 61], [87, 84], [70, 73], [67, 71], [50, 51], [3, 4], [77, 78], [74, 69], [48, 46], [37, 41], [38, 39], [90, 68], [79, 80], [78, 86], [21, 20], [84, 85], [13, 11], [12, 10], [81, 82], [77, 83], [96, 97], [98, 99]], "linedir": [null, 2, 1, 3, null, 1, 3, 2, 1, null, null, 2, 3, null, 3, null, null, null, null, null, null, null, 3, 3, 1, null, 1, 3, 3, 3, 3, 2, 3, 3, 3, 3, 3, 1, 3, 3, 3, 3, 2, 2, 3, 2, 2, 2, 3, 1, 2, 1, 1, 1, 1, 2, 2, 1, 0, 1, 0, 0, 2, 2, 2, 2, 2, 1, 1, 1, 1, 2, 2, 2, 3, 3, 3, 1, 3, 1, 1, 3, 3, 3, 3], "lineidx": [537, 535, 533, 356, 531, 497, 355, 496, 507, 493, 494, 27, 357, 95, 52, 30, 103, 502, 33, 500, 505, 506, 484, 123, 81, 538, 86, 78, 54, 91, 24, 14, 545, 25, 546, 26, 117, 76, 42, 109, 73, 118, 338, 34, 43, 483, 35, 59, 44, 1239, 19, 482, 101, 126, 102, 82, 87, 487, 530, 13, 504, 503, 77, 488, 529, 510, 508, 337, 18, 519, 509, 125, 105, 104, 536, 521, 525, 53, 524, 32, 31, 522, 523, 1302, 1305], "junction": [[-0.8436802576505809, -0.7642737769145858], [-0.703251614118171, -0.7804604215975505], [-0.8987618914484775, -0.7796540330156642], [-0.8746446736826838, -0.8277222249900811], [-0.6812215779651002, -0.8473764344650327], [-0.966042512910022, -0.8507164006406759], [-0.9049086500565725, -0.8353361379065092], [-0.7087890929629193, -0.8445752296116985], [-0.8505220176157638, -0.8301733890233757], [-0.5366992458544501, -0.9769634812081979], [-0.5227302361479649, -0.9748593702817202], [-0.5211079857702235, -0.9489865477309195], [-0.9153826372847412, -0.9445587750074335], [-0.912297848595462, -0.9165660387138985], [-0.999999, -0.9612020398689272], [-0.999999, -0.935051007450393], [-0.9753514849091202, -0.9298559953143993], [-0.6885020569565959, -0.9351134863098004], [-0.8843800701653068, -0.9188797709276967], [-0.5381818214499651, -0.9999989999999999], [-0.5365718673832992, -0.9749843381717546], [-0.9099862373733493, -0.9462657940891191], [-0.9158714985029508, -0.999999], [-0.9999990000000001, -0.9638425018819713], [-0.9105486510356376, -0.946375616077827], [0.62154776052228, -0.8876925828380227], [0.627620395102935, -0.968294085930439], [0.7680773684656976, -0.8692097609362359], [0.8386808163717867, -0.8790957497347579], [0.8475993320695437, -0.8344758475225542], [0.8528297199390393, -0.8850551691047929], [0.9654324063415735, -0.8188270099098529], [0.9999989999999999, -0.824545956374581], [0.9606692103772217, -0.8722239380875269], [0.999999, -0.8780374914721503], [0.8394493118875308, -0.8866472306595776], [0.9719302627867513, -0.8738884964281067], [0.558052288945329, -0.9754448220117182], [0.5596674296232225, -0.9995755948679692], [0.8878891433103693, -0.9681724620832841], [0.9999990000000001, -0.9809414052316043], [0.8850814234427491, -0.9418302943087166], [0.9999990000000001, -0.9558687476348334], [0.9700002674257224, -0.9522040705705999], [0.8454794099561026, -0.9459008887573956], [0.775900941598611, -0.9530526899439464], [0.8853897973383191, -0.9696753424201845], [0.8886122108365402, -0.999999], [0.5729029250396683, -0.999467500915866], [0.9999989999999999, -0.9826638826795411], [-0.32799254914223264, -0.9793016013205128], [-0.1344113923767692, -0.9947098639286331], [-0.4127313268016111, -0.9909339151844249], [-0.4131792457443447, -0.999999], [-0.13449646444732932, -0.999999], [-0.3288064010336999, -0.999999], [0.2461522334128348, -0.5000086906164881], [0.3382675757084068, -0.5201083780895688], [0.15992675825315475, -0.5229724726893724], [0.07141014457770638, -0.5466039199367395], [0.07168361637744362, -0.5768912544771023], [0.21968384406757635, -0.5071182115238325], [0.35121943491765184, -0.535375094471664], [0.3388083339713194, -0.5327089033333738], [0.24655555907028523, -0.5128908765533643], [0.4591414769892546, -0.6492710910553842], [0.46944401298762783, -0.6472060192361075], [-0.11153093473757418, -0.6517722909566944], [-0.10394552064699082, -0.6529823892392572], [0.46778744010445794, -0.6189429551041374], [-0.11113999645554612, -0.623682550814258], [0.07432864378831554, -0.6060987003976711], [0.217273974716852, -0.6008709511731019], [0.07405054300777171, -0.5762854707730621], [0.2164551587598632, -0.5708618861245554], [0.21724236671739944, -0.599712538829607], [0.45891221718168584, -0.6452708525876547], [0.25808454655106267, -0.5900576012048893], [0.4579823418436217, -0.6290459279619045], [0.46167917378884793, -0.6473230896004086], [0.48200822991301695, -0.9999990000000001], [0.21172593435622597, -0.6021693698406071], [0.2223020561094039, -0.9999990000000001], [0.27138910296650515, -0.9999989999999999], [0.07484897777192995, -0.6078071622863076], [0.0785321580064637, -0.999999], [0.4792422318723201, -0.9999990000000001], [-0.10392795987515599, -0.6516283290979626], [0.45900065788814115, -0.6468140097586715], [0.45905998816705357, -0.6478492337978226], [-0.10844597032320784, -0.9999990000000001], [0.22223584033541152, -0.598532100456608], [0.3539675547899744, -0.5971686659926225], [0.22149026326140375, -0.5718251257273744], [0.1414537120163811, -0.4840308963850243], [0.23230924461910707, -0.5036953896727456], [0.1146989183611266, 0.999999], [0.1422417432116867, -0.527741263513491], [-0.9757881400575897, -0.929948030101159], [-0.7486746887962943, 0.999999]], "juncdpth": [-0.609883568616918, -0.6279632968041957, -0.6270373035608579, -0.5989820417423903, -0.6235537762923116, -0.6279312946653466, -0.6227780422812041, -0.6230572842206141, -0.6049775560333364, -0.6313424919961531, -0.6275645512321102, -0.629518205297332, -0.5777758788696543, -0.5797295329348762, -0.6041010048313705, -0.6071066314160981, -0.6219381850000856, -0.616960095053215, -0.5923883601492346, -0.6259096728740402, -0.6277876723910252, -0.5803698489118387, -0.576640478450935, -0.6084995832869312, -0.5805375312877432, -0.6808455596088403, -0.6742579257660433, -0.6533260460877943, -0.6677626464953188, -0.6969042882168377, -0.6926301825724882, -0.6754217600114945, -0.6831173239629853, -0.6576610471519115, -0.6661867965299156, -0.6792273462446548, -0.6709062112649599, -0.6769654609949454, -0.6750118069297235, -0.6158523310778468, -0.6386100749888882, -0.6178059851430686, -0.641207684150012, -0.6513345751483927, -0.6623930862787167, -0.6467384124183245, -0.6184463055361578, -0.6162036038220855, -0.6747886796923566, -0.6418093970255465, -0.4986967758111396, -0.5218572222945577, -0.5159848308658068, -0.5154254639994503, -0.5215271383732115, -0.49746242030885407, -0.5791797123605433, -0.5936163127680678, -0.5957322653728467, -0.600724345875491, -0.5984325582332393, -0.5717750719633776, -0.5921977584407991, -0.5926688628083998, -0.5782322624008754, -0.5755290055635427, -0.5737442109620785, -0.5776272498698649, -0.5774191303174538, -0.5757760125872728, -0.5796590514950593, -0.5410047179344808, -0.5371069778281861, -0.5430365195596751, -0.5391387794533804, -0.5371851253881585, -0.5721143398134637, -0.5301423396652281, -0.5597784406860562, -0.5738568166171918, -0.5496539240769898, -0.538078675672907, -0.5124792136432627, -0.5041525837553659, -0.5423027079216065, -0.5168679204176729, -0.5349457904452165, -0.5775166961790794, -0.5734268303319576, -0.574310659743791, -0.5534567827215897, -0.5363140314517685, -0.5876000620199106, -0.5671117948913669, -1.3741435259885597, -1.4069852745148927, -1.1455070333026178, -0.9236963553446613, -0.6739397987661252, -0.8783818303290069],