{"line": [[4, 2], [2, 0], [3, 2], [0, 1]], "linedir": [2, 1, 3, 3], "lineidx": [1307, 1304, 1305, 1302], "junction": [[0.057332094902952845, 0.1388694016606868], [0.07554306337632219, -0.999999], [-0.7586722695096398, 0.4345301659931813], [-0.999999, -0.6118923077213231], [-0.9999989999999999, -0.08906645713596273]], "juncdpth": [-1.2263061280961827, -0.9306808859868371, -1.10769178068034, -0.8403760711962796, -1.3366520516113372], "junctype": [0, 0, 0, 0, 0], "junindex": [398, -1, 78, -1, -1], "K": [[3.125, 0.0, 0.0, 0.0], [0.0, 3.125, 0.0, 0.0], [0.0, 0.0, -1.0010005235671997, -0.010005001910030842], [0.0, 0.0, -1.0, 0.0]], "RT": [[0.8830852508544922, -0.46921253204345703, 1.4901159772762185e-07, 1.9126458195017904e-09], [-0.3016040623188019, -0.5676361322402954, 0.7660443782806396, -0.7193920016288757], [-0.3594375252723694, -0.6764825582504272, -0.6427875757217407, -0.7017655968666077], [-0.0, 0.0, -0.0, 1.0]]}