{"line": [[48, 42], [89, 92], [14, 15], [100, 89], [85, 86], [83, 84], [46, 47], [81, 82], [71, 68], [79, 73], [30, 31], [80, 72], [51, 53], [7, 8], [51, 54], [33, 34], [64, 65], [117, 124], [57, 58], [64, 67], [42, 43], [59, 60], [62, 59], [32, 30], [75, 76], [8, 9], [115, 116], [59, 57], [35, 34], [74, 72], [106, 97], [123, 121], [37, 36], [83, 87], [118, 111], [86, 82], [92, 91], [108, 95], [88, 90], [93, 94], [0, 1], [125, 126], [66, 64], [61, 57], [55, 56], [44, 45], [70, 68], [51, 52], [21, 22], [13, 1], [24, 29], [23, 28], [2, 3], [120, 115], [6, 3], [50, 63], [20, 40], [115, 117], [78, 109], [110, 77], [121, 118], [4, 5], [49, 50], [17, 18], [26, 39], [19, 41], [25, 38], [12, 5], [23, 24], [19, 20], [21, 23], [76, 77], [72, 73], [27, 25], [17, 19], [105, 103], [103, 100], [83, 88], [87, 90], [90, 91], [88, 89], [25, 26], [77, 78], [111, 113], [16, 15], [68, 69], [10, 8], [11, 9], [95, 96], [46, 44], [32, 37], [30, 36], [91, 86], [44, 48], [107, 84], [126, 127], [37, 35], [36, 34], [97, 98], [94, 129], [113, 114], [96, 104], [102, 103], [99, 100], [101, 95], [118, 119], [111, 112], [121, 122], [130, 131], [128, 85]], "linedir": [null, null, 3, null, 2, 1, 3, 2, 3, null, 1, null, 1, 2, 2, 2, 3, 3, 1, 1, 3, 1, 2, null, 3, null, 3, null, null, 2, 1, 2, null, null, 2, null, null, null, null, 1, 1, 1, 2, 2, 2, 3, 2, 3, 3, 3, 3, 3, 1, 2, 3, 3, 3, 1, 3, 3, 1, 1, 1, 3, 3, 3, 3, 3, 1, 1, 2, 2, 1, 2, 2, 2, 0, 2, 2, 0, 0, 1, 1, 1, 1, 1, 1, 1, 1, 2, 2, 2, 1, 1, 3, 3, 1, 1, 3, 3, 3, 3, 3, 3, 3, 3, 3, 3, 3, 3], "lineidx": [128, 537, 52, 531, 499, 497, 124, 496, 357, 493, 94, 494, 146, 27, 149, 98, 190, 1277, 168, 193, 121, 169, 172, 95, 484, 30, 1234, 170, 100, 483, 533, 1258, 103, 502, 1254, 500, 505, 538, 506, 507, 8, 1286, 192, 171, 154, 123, 338, 145, 78, 49, 93, 91, 13, 1249, 25, 184, 117, 1236, 545, 546, 1261, 18, 143, 73, 111, 118, 109, 43, 81, 76, 82, 488, 482, 87, 77, 529, 530, 508, 510, 504, 503, 86, 487, 1239, 53, 337, 31, 32, 519, 125, 105, 104, 509, 126, 536, 1287, 102, 101, 521, 1302, 1230, 525, 524, 522, 523, 1243, 1224, 1257, 1305, 1302], "junction": [[-0.9254460645347753, -0.8964517253673621], [-0.8943323957540836, -0.8984871249879892], [-0.9999989999999999, -0.7963691063448264], [-0.9406078590215126, -0.8011048866613822], [-0.999999, -0.8595680599389953], [-0.9219273222167423, -0.8650512356481623], [-0.9477670509053991, -0.8632364447188519], [-0.777809755199047, -0.9888962414388726], [-0.764404333505412, -0.985312290817617], [-0.7621023777872735, -0.9601748082218179], [-0.9999989999999999, -0.9727777569842291], [-0.999999, -0.9465803569398518], [-0.9315021114126748, -0.9504945681052125], [-0.900156956807275, -0.9522857670438329], [-0.777195676950845, -0.9887320671093036], [-0.7769082748443168, -0.985644014953631], [-0.9999989999999999, -0.9738093514167259], [0.4079501935469635, -0.8769761282321291], [0.4119483780780054, -0.9577242081200646], [0.527047658584409, -0.8551114098850692], [0.6187039896147208, -0.8635479435278152], [0.6576410839120608, -0.8168121940618367], [0.6616237190270606, -0.8663429115875996], [0.7577396394849568, -0.7979040219317193], [0.8432917289118218, -0.8071509326594719], [0.7352840389785513, -0.8537995153171941], [0.8822685583558239, -0.8679414469617306], [0.6194543429530639, -0.8735238089135985], [0.7631793680500902, -0.8564834295049121], [0.8492389744905737, -0.8647635468723279], [0.34499548314833567, -0.992570017158966], [0.35836462877808656, -0.9934118088017825], [0.3439785915435836, -0.9679443033380537], [0.9479919782584009, -0.9828683693572108], [0.9621970569350682, -0.9812350898523068], [0.9592649446155656, -0.955810522451844], [0.6108887524494175, -0.9553515451472145], [0.6088880811196735, -0.9281118962398582], [0.7428826936871957, -0.9387046809657001], [0.8911106813415864, -0.9504226682301242], [0.6236480532991561, -0.9292787282852726], [0.5324669184389437, -0.9396027600352146], [0.9478450249356419, -0.9815747790319933], [0.9499380372577898, -0.999999], [0.6118831382150727, -0.9569217820674951], [0.6150515838917966, -0.999999], [0.3583148692903441, -0.9922516396070558], [0.35864715244892253, -0.999999], [0.947015409110641, -0.9815139015419448], [0.8844194905380793, -0.8880058040786339], [0.9629829785923499, -0.8952372031823371], [0.9862499451051597, -0.8503724838634785], [0.9920810146328514, -0.8989273093988429], [0.999999, -0.8517766525310372], [0.999999, -0.848209759481255], [0.9638770608002537, -0.9029036854454765], [0.9999990000000002, -0.8978109805486967], [0.9829646714395922, -0.9827651973720619], [0.9999989999999999, -0.9840202454286686], [0.9799825086826869, -0.9574483248380872], [0.999999, -0.9590307047519374], [0.9484263030897471, -0.9866916132912952], [0.9597390586852942, -0.959921601362821], [0.9703750696211888, -0.958622129377169], [0.9824274915938429, -0.9841124521409033], [0.9842974989269149, -0.999999], [0.9485689367793015, -0.9879471790545861], [0.999999, -0.9854018553753807], [-0.7777456474805265, -0.9882079516433031], [-0.5537632442313246, -0.999999], [-0.8217614754919954, -0.9999989999999999], [-0.7788438726960948, -0.999999], [-0.12380736139104728, -0.49763108688707813], [-0.010634542695586597, -0.5138827162312838], [-0.1473635682187912, -0.5078175787981343], [-0.2622568269264375, -0.5747158372358765], [-0.2614425872200416, -0.5500743788170493], [-0.16039601063689982, -0.5059766317720991], [0.0011983407413542638, -0.5288032540620636], [-0.010652430939050708, -0.5271292284127388], [-0.12401976672813596, -0.5111150959136416], [0.09176948280128108, -0.6404792436242464], [0.09937182239334004, -0.638072801763174], [-0.4632971879235088, -0.6608157245789], [-0.45628063013777653, -0.6615606470277484], [0.09463676288310832, -0.610931510995115], [0.09901646487119307, -0.6094637498623214], [-0.46169494101183384, -0.6330699066240447], [-0.3444485676427475, -0.6106557254867669], [-0.21244395819526882, -0.6007885417565354], [-0.3431679119298855, -0.5810134470223745], [-0.2116432456419319, -0.5707763945153466], [-0.21241304901215505, -0.5996300099577649], [0.0650847428724967, -0.6339730501602717], [0.09495264587873845, -0.6375443949623488], [-0.18516047825606027, -0.5887944388759584], [0.06497448386672815, -0.6204268897773879], [0.09174609966604597, -0.6384401521325564], [0.09589224978711236, -0.999999], [-0.22693318182000868, -0.999999], [-0.21613866006465574, -0.602244405993188], [-0.19473674897368032, -0.9999990000000001], [-0.35830541289880447, -0.9999989999999999], [-0.3416927200686441, -0.6122982951085298], [0.0680640119918713, -0.999999], [-0.45621714092040117, -0.6604442054555383], [0.06509425190591678, -0.6351413074912412], [-0.47552676598123744, -0.999999], [-0.21241304901215505, -0.5996300099577649], [0.0012087301303570438, -0.5972834687973859], [-0.16184344544786716, -0.5769781081625198], [0.21461086977117588, -0.46766559844722394], [0.22920195861419695, -0.9999989999999999], [0.42412089691121907, -0.5007805229032457], [0.44405531677562354, -0.8703477054522459], [0.19747774025408482, -0.4485148101862803], [0.19812071221237335, -0.473945507823846], [0.2634771522731011, -0.45914570150227657], [0.18851760575775342, -0.47760263711773043], [0.20107944301075148, -0.999999], [0.1418335252875169, -0.4703440378118257], [0.1183327779231245, -0.4666900618356647], [0.12639376721465181, -0.9999989999999999], [0.09304422576285994, -0.47676156142205145], [0.26402728908123957, -0.47547630333174973], [0.42485277072590594, -0.5143488406930287], [0.456597388525964, -0.5192846015693562], [0.4765898290317131, -0.8643747995905242], [0.07551574029150808, 0.999999], [0.09925481946354027, -0.999999], [-0.9999989999999999, -0.012276165629805241], [-0.8627285575296578, 0.999999]],