{"line": [[3, 2], [2, 0], [0, 1]], "linedir": [3, 1, 3], "lineidx": [1305, 1304, 1302], "junction": [[0.01820369163141989, 0.14293145671611265], [0.024012959731313233, -0.999999], [-0.8343474610837234, 0.34117243758166454], [-0.999999, -0.33050009017945176]], "juncdpth": [-1.224504805508142, -0.9282609690379704, -1.1425886846552418, -0.9533170585381632], "junctype": [0, 0, 0, 0], "junindex": [398, -1, 78, -1], "K": [[3.125, 0.0, 0.0, 0.0], [0.0, 3.125, 0.0, 0.0], [0.0, 0.0, -1.0010005235671997, -0.010005001910030842], [0.0, 0.0, -1.0, 0.0]], "RT": [[0.9460425972938538, -0.32404235005378723, 1.4901162614933128e-07, -5.8648325307331106e-08], [-0.20829053223133087, -0.6081044673919678, 0.766044557094574, -0.7193921804428101], [-0.24823078513145447, -0.7247107028961182, -0.6427876353263855, -0.7017657160758972], [-0.0, 0.0, -0.0, 1.0]]}