{"line": [[63, 58], [32, 26], [107, 109], [108, 107], [85, 86], [73, 74], [89, 80], [14, 15], [30, 31], [17, 18], [47, 48], [69, 65], [68, 64], [77, 76], [75, 76], [98, 110], [96, 97], [99, 92], [14, 16], [49, 48], [51, 50], [19, 18], [20, 21], [71, 72], [106, 107], [58, 59], [53, 51], [4, 5], [60, 61], [37, 38], [26, 27], [70, 71], [52, 50], [33, 34], [1, 2], [4, 6], [101, 96], [62, 60], [111, 112], [28, 29], [41, 42], [8, 9], [40, 46], [39, 45], [8, 10], [7, 13], [6, 12], [37, 39], [0, 1], [87, 82], [33, 35], [36, 56], [78, 71], [90, 67], [3, 24], [91, 66], [25, 2], [35, 57], [96, 98], [83, 79], [104, 99], [41, 43], [44, 55], [43, 54], [11, 23], [10, 22], [31, 29], [14, 20], [16, 21], [102, 104], [39, 40], [35, 36], [6, 7], [2, 3], [64, 65], [68, 69], [116, 117], [66, 67], [43, 44], [10, 11], [92, 94], [102, 103], [79, 80], [112, 113], [94, 95], [81, 82], [88, 87], [76, 72], [84, 80], [99, 100], [92, 93], [60, 63], [51, 49], [50, 48], [29, 32], [21, 19], [20, 18], [104, 105], [114, 115]], "linedir": [null, null, 3, 2, 0, 0, null, 1, 3, 2, 2, null, null, null, 0, 3, 3, 2, null, null, null, null, null, null, 1, 3, 2, 3, 3, 3, 3, 2, 2, 3, 2, 2, 2, 2, 1, 3, 3, 3, 3, 3, 2, 3, 3, 2, 3, 1, 2, 3, 1, 3, 3, 3, 3, 3, 1, 3, 1, 2, 3, 3, 3, 3, 2, 2, 2, 2, 1, 1, 1, 1, 1, 1, 3, 1, 1, 1, 1, 3, 1, 3, 3, 3, 3, 1, 3, 3, 3, 1, 1, 1, 1, 1, 1, 3, 3], "lineidx": [195, 128, 1270, 1263, 530, 503, 540, 94, 124, 98, 165, 493, 494, 505, 504, 1277, 1234, 1254, 95, 167, 170, 100, 103, 500, 1262, 188, 172, 78, 190, 145, 121, 496, 171, 140, 77, 82, 1249, 192, 1286, 123, 150, 83, 160, 158, 87, 93, 91, 149, 73, 533, 144, 184, 507, 545, 117, 546, 118, 185, 1236, 523, 1261, 154, 178, 176, 111, 109, 125, 104, 105, 1258, 148, 143, 81, 76, 482, 490, 1305, 487, 153, 86, 1239, 1252, 519, 1287, 1230, 521, 539, 509, 525, 1243, 1224, 193, 169, 168, 126, 102, 101, 1257, 1302], "junction": [[-0.07603993988987956, -0.9343828012717662], [-0.0754480595152597, -0.8698059540401504], [-0.0358333159732953, -0.843939614414513], [0.08335290853769735, -0.8477970110072087], [0.18045359486675494, -0.7960717891871538], [0.1812833186105544, -0.833582917233431], [0.22269549119463553, -0.7726180714927052], [0.3398227628624453, -0.7770458912411778], [0.11095901117471667, -0.8616148963809898], [0.1117677334165523, -0.9215533862015651], [0.1653904712063978, -0.8330497504033219], [0.3671266181580534, -0.839817513237346], [0.2244040673627418, -0.8350295147083511], [0.34240897182463864, -0.8389882956145869], [-0.12967974392987722, -0.9891313090797176], [-0.1185029497424674, -0.9893826177897219], [-0.1292935771355115, -0.9642629862644913], [0.42141808870002373, -0.9615320164879311], [0.43474652872376035, -0.9574658661741426], [0.433330811530869, -0.930374001362553], [-0.0456406021054474, -0.9451886838068162], [-0.04548704509000231, -0.9172398191976454], [0.16720730048462207, -0.9230741176507937], [0.37110363840491123, -0.9286670829255268], [0.08409402653859156, -0.920794284379677], [-0.03615452588452893, -0.9174958142605013], [0.42125539965666897, -0.9583186823201373], [0.42336564734830967, -0.999999], [-0.03761271590409617, -0.9999990000000001], [-0.03737267873482269, -0.946635596578668], [-0.11865359193526091, -0.9999989999999999], [-0.11848922521957281, -0.9884153935479557], [0.4200793607476083, -0.9582887239201675], [0.3784241780053267, -0.883671036069302], [0.38050102680440173, -0.9289248573786023], [0.4416543898122141, -0.8593932413492368], [0.5533575331722579, -0.8630084521368785], [0.6317293578952861, -0.8123622177219268], [0.6348830425776723, -0.8531700814674454], [0.6919337556561902, -0.7903569159525551], [0.8017067606886936, -0.794506718749214], [0.566962742202396, -0.8759739921781229], [0.5709665273550398, -0.9341494089398512], [0.6467164293523601, -0.8491970793764076], [0.8355500268522246, -0.8555319926890965], [0.697071178399744, -0.8508863601734735], [0.8076128065778636, -0.8545947660992377], [0.8990776813234294, -0.9726223968990787], [0.9129610507393724, -0.9696875235015469], [0.9100862154590872, -0.943451609552624], [0.46436139668460746, -0.958222728944617], [0.4628523321748121, -0.9311837895201189], [0.4218895567212096, -0.9708441635769995], [0.4338570471426223, -0.9404443064519097], [0.6535857507400521, -0.936415690189093], [0.8443060818934572, -0.9416472318646651], [0.5581199757157923, -0.9337970224382042], [0.4458034684351918, -0.9366288572665912], [0.8988470995303001, -0.97048484711015], [0.9020308505387105, -0.999999], [0.4704783257628126, -0.9595725865035903], [0.4727639058231174, -0.9999989999999999], [0.422041409651827, -0.9738434694944158], [0.8977474870446267, -0.9704568355959018], [-0.8096687868664593, -0.5338255506372075], [-0.681162070660589, -0.5403203718489609], [-0.8569514614199724, -0.5449592043227219], [-0.6739022473727834, -0.554053280599148], [-0.8112434994899305, -0.5491820769777889], [-0.6824759770348048, -0.5555633566915733], [-0.6439331348661117, -0.6984861164731172], [-0.6348843681848427, -0.6555003987390783], [-0.6326712422143019, -0.6275523280513606], [-0.999999, -0.6438860225541777], [-0.9918141426962724, -0.6422889718460658], [-0.9999989999999997, -0.6162170365222827], [-0.9834231303900529, -0.6128516066018935], [-0.9854695678359612, -0.6294467985252171], [-0.7062007617842343, -0.6526312911867377], [-0.9901971244454169, -0.6292390174480709], [-0.7052431208990398, -0.6417630451192725], [-0.668020210218808, -0.999999], [-0.6405617756111528, -0.656284718607936], [-0.9999990000000001, -0.7083438939294902], [-0.7368086002607409, -0.999999], [-0.999999, -0.6456035588669257], [-0.9920209358032546, -0.643957871139261], [-0.7064161160238768, -0.6534428604027321], [-0.7369586633840732, -0.9999990000000001], [-0.7062374580957627, -0.6515431849501483], [-0.6799904459476287, -0.6255690844631018], [-0.8648481853725754, -0.617821322507498], [0.4484715878258034, -0.44059741388090284], [0.4726001963743609, -0.8603947853555244], [0.7017157249636439, -0.45614950462042736], [0.7318476492481247, -0.7918658004656858], [0.44725997526268757, -0.4216304905691242], [0.4483547011042345, -0.4406820585705313], [0.5255503333274367, -0.42654094080617955], [0.43189668023661754, -0.45260029915030997], [0.4544019142008706, -0.8598058079637415], [0.40743082728559143, -0.45111987367284256], [0.2683743341364739, -0.5113612608365126], [0.2773499787399719, -0.7746842019151934], [0.3499274051119606, -0.44764034931708796], [0.37148111441670273, -0.928677437256789], [0.5266799117417322, -0.4432811622813625], [0.5553419892926642, -0.4450455756322857], [0.5524210406312453, -0.44698110094519294], [0.5554930887873482, -0.44716975988995616], [0.5268234996670204, -0.44540911872959826], [0.702868822475745, -0.46899679647793263], [0.7560632445241033, -0.47221558377939277], [0.787113429352782, -0.7939550398808765], [-0.011498224156691392, -0.8447272062745745], [-0.008913398993100355, 0.999999], [-0.9999989999999999, 0.8378722464649713], [-0.9751488102192041, 0.999999]],