{"line": [[5, 4], [2, 1], [0, 1], [4, 2], [3, 2]], "linedir": [3, 2, 3, 1, 3], "lineidx": [1305, 1301, 1300, 1304, 1302], "junction": [[-0.06776781605251804, -0.9999990000000001], [-0.059194117952946, -0.40231527891141905], [-0.0604954691739559, 0.13834910038593423], [-0.07970013684305798, -0.9999989999999997], [-0.9036621791046935, 0.14587967561983683], [-0.999999, -0.2355976437746639]], "juncdpth": [-1.3323000156906541, -1.5252687135251177, -1.2265373823396752, -0.9309914726255085, -1.2232006305193117, -1.1053613297162155], "junctype": [0, 0, 0, 0, 0, 0], "junindex": [-1, 400, 398, -1, 78, -1], "K": [[3.125, 0.0, 0.0, 0.0], [0.0, 3.125, 0.0, 0.0], [0.0, 0.0, -1.0010005235671997, -0.010005001910030842], [0.0, 0.0, -1.0, 0.0]], "RT": [[0.9999129176139832, -0.013199727050960064, 1.3457612624279136e-07, -1.5259999486261222e-07], [-0.008484724909067154, -0.6427316665649414, 0.7660444378852844, -0.7193920612335205], [-0.01011149026453495, -0.7659777402877808, -0.6427876353263855, -0.7017656564712524], [-0.0, 0.0, -0.0, 1.0]]}