{"line": [[5, 4], [2, 0], [0, 1], [4, 2], [3, 2]], "linedir": [3, 2, 3, 1, 3], "lineidx": [1305, 1301, 1300, 1304, 1302], "junction": [[0.03675294790612126, -0.40328330918351496], [0.04206623730039089, -0.9999989999999999], [-0.09774550060167668, 0.12986044318889234], [-0.12847117247819004, -0.999999], [-0.9003542394056647, 0.05040562638687974], [-0.999999, -0.35618663409406875]], "juncdpth": [-1.5259341457528006, -1.3331939365206857, -1.2303206198712255, -0.9360737854100349, -1.266897497847303, -1.1406577560448488], "junctype": [0, 0, 0, 0, 0, 0], "junindex": [400, -1, 398, -1, 78, -1], "K": [[3.125, 0.0, 0.0, 0.0], [0.0, 3.125, 0.0, 0.0], [0.0, 0.0, -1.0010005235671997, -0.010005001910030842], [0.0, 0.0, -1.0, 0.0]], "RT": [[0.9894770979881287, 0.14468979835510254, 1.341104507446289e-07, -2.0212199558500288e-07], [0.09300471842288971, -0.6360235810279846, 0.7660444378852844, -0.7193920612335205], [0.11083890497684479, -0.757983386516571, -0.6427876353263855, -0.7017656564712524], [-0.0, 0.0, -0.0, 1.0]]}