{"line": [[27, 22], [59, 55], [72, 73], [40, 41], [53, 54], [28, 29], [45, 47], [15, 17], [62, 68], [62, 63], [64, 74], [42, 41], [15, 16], [11, 13], [45, 46], [25, 26], [43, 44], [13, 14], [24, 22], [57, 58], [11, 12], [31, 32], [22, 23], [56, 55], [38, 32], [19, 6], [9, 3], [34, 35], [8, 4], [71, 72], [10, 2], [2, 3], [37, 33], [39, 31], [21, 0], [35, 49], [52, 30], [51, 28], [5, 6], [18, 7], [20, 5], [48, 36], [50, 34], [62, 64], [69, 66], [0, 1], [55, 53], [43, 41], [44, 42], [4, 2], [30, 28], [33, 31], [7, 5], [36, 34], [60, 65], [80, 81], [26, 27], [16, 13], [15, 11], [58, 59], [46, 44], [45, 43], [77, 75], [82, 80], [69, 70], [66, 67], [60, 61], [75, 76], [78, 79]], "linedir": [null, null, 3, 1, 3, 2, 2, 2, 2, 3, 3, null, null, null, null, 3, null, 2, 3, 3, 2, 2, 2, 3, 3, 3, 3, 2, 3, 1, 3, 2, 3, 3, 3, 3, 3, 3, 2, 3, 3, 3, 3, 1, 1, 1, 2, 2, 2, 1, 1, 1, 1, 1, 1, 1, 1, 1, 1, 1, 1, 1, 2, 3, 3, 3, 3, 3, 3], "lineidx": [128, 195, 1270, 161, 186, 142, 171, 104, 1249, 1234, 1277, 164, 103, 100, 170, 123, 167, 99, 121, 190, 98, 147, 120, 188, 159, 110, 92, 152, 91, 1262, 93, 80, 158, 160, 118, 177, 185, 184, 85, 109, 111, 176, 178, 1236, 1261, 76, 187, 165, 166, 81, 143, 148, 86, 153, 1239, 1304, 126, 102, 101, 193, 169, 168, 1301, 1305, 1257, 1243, 1224, 1300, 1302], "junction": [[-0.8209520552805529, -0.8733566967583267], [-0.720895429909731, -0.8697092921763507], [-0.5265740645616686, -0.7845470223671046], [-0.46902077158951727, -0.8068844974893068], [-0.6375042150305364, -0.7892714731732948], [-0.5300008959772398, -0.8456236876714416], [-0.45139288151836754, -0.8726281989627082], [-0.7194131440524945, -0.8527834187525698], [-0.6422432814832532, -0.849866419090838], [-0.4723814895627602, -0.8654179023177101], [-0.5305231853543381, -0.8456434300667964], [-0.5140878842022919, -0.9596209601268624], [-0.47191594334543274, -0.9708010075323125], [-0.5124235375233346, -0.9326798526074285], [-0.4839475367602389, -0.9407931617980915], [-0.953144989778534, -0.9722669029520512], [-0.9501652459992205, -0.9462120359211647], [-0.9391586542181156, -0.9749846732354777], [-0.7269909769987482, -0.9393129101112471], [-0.45458668240348327, -0.9308919057186188], [-0.5356688678354835, -0.9333984500471552], [-0.8278377375655745, -0.9424304491169273], [-0.519639300814083, -0.960982273263444], [-0.47206860200836603, -0.9734965664030313], [-0.5220752753991255, -0.999999], [-0.9419765004114335, -0.999999], [-0.9389372829841522, -0.9730195367437292], [-0.5207861874040722, -0.9610151982396012], [-0.26121965235805894, -0.8529525453737121], [-0.2491081510153261, -0.8580235915794265], [-0.3747837312261508, -0.8570923426142871], [-0.04991275892946019, -0.7642462936639013], [-0.010647091585784689, -0.7882515569234696], [-0.16927041923846883, -0.7693296672290546], [-0.0443761109055943, -0.8272672038496441], [0.008805554704184652, -0.8563105619220132], [-0.2484098028021425, -0.834979621501161], [-0.17057581478556744, -0.8320375180794803], [-0.010722076366339792, -0.8456462103079097], [-0.050301226028566765, -0.8274911715778999], [0.0782668660672292, -0.989133416271163], [0.08973598804708795, -0.988843150076989], [0.08946854575325752, -0.9639545226773439], [-0.011231885089863612, -0.9451374495918652], [-0.01119408784998834, -0.9171850330280044], [-0.4849961162464099, -0.9587830444444119], [-0.48342237860592835, -0.9317833216368078], [-0.47144364445353654, -0.9624614253348824], [-0.2511258175447625, -0.92460219270492], [0.008880763057931847, -0.9265121338413067], [-0.044869009515471917, -0.9182260469506657], [-0.26351014545938567, -0.9249850371821838], [-0.37804102222072994, -0.9285256018334567], [0.078257710230949, -0.9881564596924856], [0.0783686960849407, -0.999999], [-0.018940930681959928, -0.9466081563782711], [-0.019062650813732655, -0.999999], [-0.47356952492321663, -0.999999], [-0.47128125262598697, -0.9595940038412545], [-0.02017981397726987, -0.9466437224083527], [0.7619212844602119, -0.36157888450754794], [0.8249002205691766, -0.999999], [0.7888225653772264, -0.33921451815467535], [0.7909088501617789, -0.35958288616482237], [0.8826689488777499, -0.3326154263365719], [0.9999990000000001, -0.34518555467262396], [0.763500601716056, -0.3757120064012338], [0.8251002670238697, -0.9999989999999999], [0.7904944026603922, -0.3596114237983177], [0.6681768907732094, -0.38217884745132874], [0.7214827938814431, -0.9999990000000001], [0.8847750109750575, -0.35097501422016003], [0.9457214906583973, -0.3467691732572338], [0.9459835030215158, -0.3489049026013369], [0.8850190854780164, -0.35310273272045867], [0.10115684441297694, 0.5351647190475206], [0.12390381201205071, -0.999999], [-0.09075184910359482, 0.999999], [-0.1661064531834481, -0.7691949157488102], [-0.12996477353977098, 0.9999989999999999], [-0.92519041321296, 0.9436975087497836], [-0.6194996232776946, 0.9999989999999997], [-0.999999, 0.42472710394473007]], "juncdpth": [-0.6593056685162887, -0.6540410055405269, -0.6326986550496424, -0.6598982431316067, -0.6382628675136501, -0.6212809754269084, -0.6582473241073834, -0.6306713443513248, -0.6335531801115657, -0.6552034638068003, -0.627988967647558, -0.6014974878561862, -0.6204041320856633, -0.6034511417723966, -0.6161452120706504, -0.6229717340981714, -0.6249253880143818, -0.6277885126410981, -0.6240975144254362, -0.6536226705322347, -0.6147071455010197, -0.653821787709526, -0.6037377712845233, -0.6251417995289629, -0.6009207697625468, -0.6222839792811984, -0.6242982289955885, -0.6037921621349309, -0.6308965131579124, -0.6377259181750538, -0.6364607249836397, -0.6098537113042333, -0.6370532995989577, -0.6154179239810011, -0.5984360325325397, -0.635402379936454, -0.6078264008186758, -0.6107082365789167, -0.632598516581638, -0.6051440239021488, -0.6541182052699859, -0.6535558636269031, -0.6555095175431135, -0.5786525448022475, -0.5806061987184579, -0.6001267900868121, -0.6020804440030225, -0.6061909616770083, -0.601252570892787, -0.6300207095791303, -0.5918622026066511, -0.6254126323511497, -0.630976844176877, -0.652229368729486, -0.6513056636905764, -0.5808928274327341, -0.577183879815542, -0.5985470891131266, -0.6014532849310392, -0.5809472191341822, -1.1997567793577213, -1.1081584236814361, -1.229042090390145, -1.2258000792663768, -1.2208814765004337, -1.1797138982113822, -1.2175910342690415, -1.12668899400657, -1.2549696614512913, -1.225929423714187, -1.1353529431884448, -1.2438591039350555, -1.2385193010117885, -1.2381762635954607, -1.2176394653766656, -1.5135763103489246, -1.2357029440987652, -1.2111618169792224, -0.8991780278763718, -1.149226830645387, -1.241199222129719, -1.2111618539882012, -1.1483468691413705], "junctype": [0, 1, 0, 0, 0, 0, 0, 0, 1, 1, 1, 0, 1, 0, 1, 0, 0, 1, 1, 1, 1, 1, 0, 1, 0, 0, 0, 0, 0, 1, 0, 0, 0, 0, 0, 0, 0, 1, 1, 1, 1, 0, 0, 0, 0, 0, 0, 1, 1, 1, 1, 1, 1, 0, 0, 0, 0, 0, 0, 0, 0, 0, 0, 1, 0, 0, 0, 0, 1, 0, 0, 1, 0, 1, 1, 0, 0, 0, 1, 0, 0, 0, 0], "junindex": [348, -1, 406, 408, 384, 410, 412, 370, -1, -1, -1, 420, -1, 421, -1, 333, 334, -1, -1, -1, -1, -1, 415, -1, -1, -1, 338, 413, 449, -1, 445, 461, 463, 457, 465, 467, 453, -1, -1, -1, -1, 477, 478, 475, 476, 434, 435, -1, -1, -1, -1, -1, -1, 474, -1, 470, -1, -1, 439, 468, 600, -1, 606, -1, 617, -1, 602, -1, -1, 598, -1, -1, 685, -1, -1, 400, -1, -1, -1, -1, 78, -1, -1], "K": [[3.125, 0.0, 0.0, 0.0], [0.0, 3.125, 0.0, 0.0], [0.0, 0.0, -1.0010005235671997, -0.010005001910030842], [0.0, 0.0, -1.0, 0.0]], "RT": [[0.9687143564224243, 0.2481783777475357, 1.341104507446289e-07, -6.705522537231445e-08], [0.09697090834379196, -0.3785068988800049, 0.9205048680305481, -0.48278164863586426], [0.22844944894313812, -0.8917062878608704, -0.39073115587234497, -0.8814318180084229], [-0.0, 0.0, -0.0, 1.0]]}