{"line": [[2, 0], [0, 1], [4, 2], [5, 4], [3, 2]], "linedir": [2, 3, 1, 3, 3], "lineidx": [1301, 1300, 1304, 1305, 1302], "junction": [[0.2257576908035792, -0.38044200437659625], [0.25983333619134225, -0.9999990000000001], [-0.16272801138340431, 0.1018981228860769], [-0.2122293394605016, -0.9999989999999997], [-0.8301673119705805, -0.12452849808204734], [-0.999999, -0.9118886542034076]], "juncdpth": [-1.51038615915107, -1.3123072172455352, -1.2429496400745195, -0.9530393522104903, -1.355630026067892, -1.12540101027688], "junctype": [0, 0, 0, 0, 0, 0], "junindex": [400, -1, 398, -1, 78, -1], "K": [[3.125, 0.0, 0.0, 0.0], [0.0, 3.125, 0.0, 0.0], [0.0, 0.0, -1.0010005235671997, -0.010005001910030842], [0.0, 0.0, -1.0, 0.0]], "RT": [[0.8951632380485535, 0.4457385241985321, 1.341104507446289e-07, 1.8263922640926467e-07], [0.28651511669158936, -0.5753998756408691, 0.7660444378852844, -0.7193920612335205], [0.3414556086063385, -0.6857346892356873, -0.6427875757217407, -0.7017656564712524], [-0.0, 0.0, -0.0, 1.0]]}