{"line": [[54, 50], [68, 73], [48, 49], [36, 37], [41, 43], [55, 57], [65, 66], [67, 74], [67, 68], [60, 61], [13, 14], [37, 38], [11, 13], [41, 42], [39, 40], [22, 20], [52, 53], [11, 12], [20, 21], [0, 1], [51, 50], [18, 6], [8, 4], [9, 3], [34, 28], [10, 2], [33, 29], [35, 27], [47, 25], [58, 59], [27, 28], [45, 31], [25, 26], [17, 7], [55, 56], [19, 5], [2, 3], [44, 32], [46, 30], [70, 72], [4, 2], [65, 67], [30, 31], [29, 27], [5, 6], [63, 69], [7, 5], [32, 30], [60, 62], [50, 49], [40, 38], [39, 37], [23, 24], [15, 11], [16, 13], [53, 54], [42, 40], [41, 39], [80, 81], [77, 75], [70, 71], [63, 64], [82, 80], [75, 76], [78, 79]], "linedir": [null, 1, 3, 1, 2, 1, 3, 3, 2, 3, 2, null, null, null, null, 3, 3, 2, 2, 1, 3, 3, 3, 3, 3, 3, 3, 3, 3, 1, 2, 3, 1, 3, 3, 3, 2, 3, 3, 1, 1, 1, 2, 1, 2, 1, 1, 1, 1, 2, 2, 2, 1, 1, 1, 1, 1, 1, 1, 2, 3, 3, 3, 3, 3], "lineidx": [195, 1262, 186, 161, 171, 211, 1234, 1277, 1235, 407, 99, 164, 100, 170, 167, 121, 190, 98, 120, 76, 188, 110, 91, 92, 159, 93, 158, 160, 185, 239, 147, 177, 143, 109, 207, 111, 80, 176, 178, 1261, 81, 1236, 152, 148, 85, 1239, 86, 153, 411, 187, 166, 165, 126, 101, 102, 193, 169, 168, 1304, 1301, 1257, 1224, 1305, 1300, 1302], "junction": [[-0.9999989999999999, -0.8919262654540019], [-0.9499628977916271, -0.8887418415039469], [-0.7730558536658835, -0.8008124027337622], [-0.6877508674585658, -0.820783701302898], [-0.8682377221751963, -0.8079044081253417], [-0.7862654312882285, -0.8602395409618276], [-0.6692557178113447, -0.8843944530577604], [-0.9479135326309728, -0.8709423651213724], [-0.8744197840160132, -0.8660762970282874], [-0.6926906326651707, -0.8795566640276927], [-0.7788292379694213, -0.8617746322855032], [-0.7897440343344411, -0.9706705705647228], [-0.7508675764921569, -0.9767857686590611], [-0.7872640254520868, -0.9445036570978714], [-0.7628101750754814, -0.9486376161409366], [-0.9999990000000001, -0.9812996806135238], [-0.9999990000000001, -0.9560449729739896], [-0.957446127203812, -0.9537363909111635], [-0.6736337002654638, -0.9383389750615877], [-0.7943601160967306, -0.9448886348091737], [-0.7918881218013689, -0.9720544378161786], [-0.7510176324556427, -0.9784522255993827], [-0.7945433594715846, -0.9999990000000001], [-0.999999, -0.9825374318715707], [-0.792873441538653, -0.9721040704977473], [-0.6232525108725695, -0.8679491671164788], [-0.5421943500349856, -0.8627904209846625], [-0.3533585041083675, -0.7695407339536705], [-0.2800382014031604, -0.7919083043215122], [-0.46011611239962236, -0.7774952482477412], [-0.3593666984837181, -0.8319743028725082], [-0.2590358343772856, -0.8590616137723384], [-0.5409554812755036, -0.8439974123023267], [-0.4635858135149363, -0.8388747171240645], [-0.2821303787119004, -0.8528265523278559], [-0.3561097790500819, -0.8328536054685769], [-0.1635307275129687, -0.9898884901283368], [-0.1507107319566787, -0.9893254904174628], [-0.15026219630503346, -0.9644708721220343], [-0.3480081034621882, -0.9483393033488081], [-0.34684690306380356, -0.9206101100328623], [-0.764716379953935, -0.9694053367480961], [-0.7623064522443369, -0.9431496567201522], [-0.7504086553889305, -0.9716891884248263], [-0.5467207551425165, -0.9314536832023382], [-0.261574621070532, -0.9396355333985627], [-0.363293162589396, -0.9215023538990571], [-0.6283972488362027, -0.9358848032632302], [-0.1637286933828869, -0.999999], [-0.16351004170984648, -0.988832025108598], [-0.35211161374961525, -0.9499019460314511], [-0.35423383886766274, -0.9999990000000001], [-0.7529578097950431, -0.999999], [-0.7502526960889422, -0.9699571715703436], [-0.3532239593204368, -0.9499579772783874], [0.983076530775652, -0.887590202195785], [0.9929546052374526, -0.970483578684697], [0.9999990000000001, -0.8867472772963686], [0.9302676858045492, -0.9720681533311741], [0.999999, -0.969246412582099], [0.8103293765217723, -0.9778539620188423], [0.812481053141178, -0.999999], [0.9999990000000001, -0.9701992812186669], [0.8489000337744811, -0.32458358523986447], [0.9205549487960227, -0.9734054817809253], [0.8865486520098199, -0.2998196617457297], [0.8888799143242093, -0.31996725563488176], [0.9840957354676856, -0.2883277242915433], [0.9930977731856013, -0.3074708807578485], [0.999999, -0.30713674394173834], [0.759954318576861, -0.3501510571442836], [0.8217622169975632, -0.9773925557963982], [0.8505857699799997, -0.3398476123007262], [0.9999990000000001, -0.30667365949753783], [0.9867125504504456, -0.3086708813517896], [0.19633815225346235, 0.5481429410236682], [0.24094665503979124, -0.9999989999999997], [-0.1112139689856404, 0.9999989999999997], [-0.21376297617850623, -0.9503029714525028], [-0.1636080998392646, 0.999999], [-0.8774166673041335, 0.8500539939317358], [-0.39857477143219805, 0.999999], [-0.9999989999999999, -0.05972271052373514]], "juncdpth": [-0.6874791281611875, -0.6824779383232644, -0.6522756264738165, -0.6780355261696762, -0.6611960586788728, -0.6407568657225966, -0.6757665661940944, -0.6558113141126549, -0.6565214733315919, -0.6732002779985277, -0.6474403782658351, -0.6201766263150668, -0.63102169674677, -0.6221302802312771, -0.6289369101106979, -0.6392735278011273, -0.6415133021781699, -0.6492818852574143, -0.6713747291199362, -0.634227436867356, -0.6225981030615223, -0.6340431773392647, -0.6205174819282775, -0.6415740661579076, -0.6226853013661836, -0.6515302728876033, -0.6442817599861788, -0.6156510774963202, -0.6414109775332726, -0.6245715100424691, -0.6041323181094711, -0.6391420165344126, -0.6191867654762513, -0.6198969246951882, -0.636654522743956, -0.6108946220989515, -0.6555854498625466, -0.6544907247990199, -0.6564443787152303, -0.5835520784461217, -0.585505732362332, -0.6179791515413382, -0.6199328054575486, -0.6219571476051989, -0.6126573366210106, -0.6329386678059756, -0.5976028892542304, -0.64619615213158, -0.6526614610269004, -0.6535342152321171, -0.5859735539134796, -0.582462980126435, -0.6167120451270777, -0.6189356610229678, -0.5860607535825118, -0.6806866865397261, -0.6739150969801597, -0.6793818842389058, -0.6705156581714196, -0.6652193835143564, -0.4966257539537562, -0.49531054859613627, -0.4859558442541401, -1.1554554895672222, -1.065516087804523, -1.1818815348211231, -1.1787818144173479, -1.16879860468039, -1.1907556258130825, -1.135679034913355, -1.1857137044481405, -1.0965314977941754, -1.1733312783274368, -1.1898247694589505, -1.1656988842766147, -1.503097612688883, -1.22481513345597, -1.2111617862548778, -0.8878744144749624, -1.160054945682308, -1.2946006352779973, -1.2111618090368361, -1.1359054810160871], "junctype": [0, 1, 0, 0, 0, 0, 0, 0, 1, 1, 1, 0, 1, 0, 1, 0, 0, 1, 1, 1, 0, 1, 0, 0, 0, 0, 1, 0, 0, 0, 0, 0, 0, 1, 1, 1, 1, 0, 0, 0, 0, 0, 0, 1, 1, 1, 1, 1, 0, 0, 0, 0, 0, 0, 0, 0, 1, 0, 0, 0, 0, 0, 0, 0, 1, 0, 1, 0, 0, 0, 0, 1, 1, 0, 1, 0, 0, 0, 1, 0, 0, 0, 0], "junindex": [-1, -1, 406, 408, 384, 410, 412, 370, -1, -1, -1, 420, -1, 421, -1, -1, -1, -1, -1, -1, 415, -1, -1, -1, 413, 445, -1, 461, 463, 457, 465, 467, 453, -1, -1, -1, -1, 477, 478, 475, 476, 434, 435, -1, -1, -1, -1, -1, -1, 474, 470, -1, -1, 439, 468, 677, -1, -1, 645, -1, 661, -1, -1, 600, -1, 606, -1, 617, 619, -1, 598, -1, -1, -1, -1, 400, -1, -1, -1, -1, 78, -1, -1], "K": [[3.125, 0.0, 0.0, 0.0], [0.0, 3.125, 0.0, 0.0], [0.0, 0.0, -1.0010005235671997, -0.010005001910030842], [0.0, 0.0, -1.0, 0.0]], "RT": [[0.917439877986908, 0.39787453413009644, 1.341104507446289e-07, -1.0938956762629459e-07], [0.1554618626832962, -0.35847237706184387, 0.9205048680305481, -0.48278164863586426], [0.3662455081939697, -0.8445078134536743, -0.39073115587234497, -0.8814317584037781], [-0.0, 0.0, -0.0, 1.0]]}