{"line": [[45, 41], [5, 3], [10, 11], [39, 40], [53, 54], [27, 28], [32, 34], [43, 44], [14, 15], [59, 60], [8, 9], [70, 71], [28, 29], [2, 0], [55, 53], [32, 33], [30, 31], [48, 49], [70, 72], [13, 3], [50, 52], [50, 51], [62, 63], [65, 67], [16, 17], [42, 41], [64, 66], [12, 4], [6, 1], [24, 20], [7, 0], [25, 19], [38, 16], [26, 18], [64, 65], [68, 73], [36, 22], [35, 23], [74, 76], [46, 47], [37, 21], [48, 58], [20, 18], [18, 19], [0, 1], [21, 22], [3, 4], [23, 21], [46, 48], [62, 64], [59, 61], [41, 40], [53, 56], [55, 57], [31, 29], [30, 28], [44, 45], [33, 31], [32, 30], [68, 69], [74, 75], [82, 83], [79, 77], [84, 82], [77, 78], [80, 81]], "linedir": [null, 1, 2, 3, 2, 1, 2, 3, 2, 3, 2, 3, null, 1, null, null, null, 2, 1, 3, 1, 3, 3, 3, 1, 3, 3, 3, 3, 3, 3, 3, 3, 3, 2, 1, 3, 3, 1, 3, 3, 3, 1, 2, 2, 2, 2, 1, 1, 1, 1, 2, 1, 1, 2, 2, 1, 1, 1, 3, 3, 1, 2, 3, 3, 3], "lineidx": [195, 86, 99, 186, 228, 161, 171, 190, 120, 258, 98, 1234, 164, 81, 229, 170, 167, 210, 1236, 111, 216, 212, 407, 429, 143, 188, 427, 110, 92, 158, 93, 159, 185, 160, 410, 1239, 177, 176, 1261, 207, 178, 252, 148, 147, 80, 152, 85, 153, 211, 411, 259, 187, 238, 239, 166, 165, 193, 169, 168, 1224, 1257, 1304, 1301, 1305, 1300, 1302], "junction": [[-0.9751990589482528, -0.8219157305334331], [-0.869496089620412, -0.838902695084352], [-0.999999, -0.8247927470585035], [-0.9964349468561238, -0.8793201446789122], [-0.851193967582857, -0.899866604391949], [-0.9999989999999999, -0.8796883653624555], [-0.8755937677698793, -0.8964148959687664], [-0.9822780129847869, -0.8813228499271346], [-0.9999990000000002, -0.9872612077512015], [-0.9835574570177598, -0.9890236680858965], [-0.9999989999999999, -0.9619160986605262], [-0.9946937763605085, -0.962527285332284], [-0.8560372002332821, -0.9468761887037576], [-0.999999, -0.9087978401878483], [-0.9999989999999997, -0.9884782627390772], [-0.9836982811786997, -0.990219358209229], [-0.8357125665177958, -0.8833642457368011], [-0.8010513435409797, -0.8799426607511288], [-0.6335884110731306, -0.7822858186305789], [-0.5322553091367043, -0.8019938515905215], [-0.7216431223290026, -0.7925009582095335], [-0.6501954225370408, -0.8435483564457468], [-0.5110289256892897, -0.867425849776751], [-0.7990084053697836, -0.8589229920212416], [-0.7268615707318951, -0.8514691310114819], [-0.5362391682155595, -0.8631004021192409], [-0.6385103134941787, -0.8455532291670039], [-0.39586012229073897, -0.9944169466710506], [-0.38244597193330543, -0.9935131848504488], [-0.38132186098599175, -0.9689540558666545], [-0.6603542760336681, -0.9571816426811958], [-0.6582022267585104, -0.9300699214873809], [-0.9972422744079326, -0.9838555729013031], [-0.9942263591681302, -0.9586154878310756], [-0.9831289056914354, -0.9853849843202217], [-0.8071531166738934, -0.9427234397913841], [-0.5161577110702675, -0.9500181688845919], [-0.657063909300884, -0.9302297829093532], [-0.8420292148435443, -0.9456861971593501], [-0.3961245554264531, -0.999999], [-0.39580390792140585, -0.9932302890056898], [-0.6607396335955635, -0.9587461040243241], [-0.6640154628973811, -0.999999], [-0.9848500928585021, -0.9999989999999999], [-0.9829839955502475, -0.9841546015262997], [-0.6616552091672505, -0.9588182958215211], [0.7870324699388176, -0.8690007755393422], [0.7951370186075335, -0.9537608660365269], [0.973527320144052, -0.8550407772830703], [0.9999990000000001, -0.8655193066776873], [0.9697531689380775, -0.8247065753347597], [0.973347964887574, -0.8550542028498617], [0.9999989999999997, -0.8222954147197058], [0.7268991965660379, -0.983328228091258], [0.7399213703102702, -0.9864365733421154], [0.7246974988573448, -0.9580509951697324], [0.999999, -0.967841843722437], [0.999999, -0.941283717444728], [0.9838614800889091, -0.9422665754277723], [0.739672462802429, -0.9836281718506932], [0.741123402793874, -0.9999989999999999], [0.999999, -0.968910077358248], [0.3303803913496964, -0.9683773232334332], [0.3316344882842155, -0.999999], [0.5659734501064282, -0.9534581667872999], [0.629004627853656, -0.9681666527737469], [0.569141129609152, -0.999999], [0.6314082494898509, -0.999999], [0.9228270728819369, -0.2822450600024627], [0.9881366891630936, -0.8232410636137607], [0.9718881813151006, -0.25427045639505147], [0.9743587890878292, -0.2736316662801079], [0.999999, -0.2494835229092185], [0.999999, -0.2693459710234556], [0.8409056509838759, -0.31295086563213254], [0.9008950258872548, -0.8604776389447093], [0.9248676756329208, -0.29914851153229477], [0.2891582052207902, 0.5695179173916135], [0.35456112061311884, -0.9668460553566697], [-0.13663770265129824, 0.999999], [-0.25258406753512036, -0.999999], [-0.1921717793388674, 0.999999], [-0.8130814866973438, 0.7657646383375982], [-0.30800381502572743, 0.9999990000000001], [-0.999999, -0.7506360717927041]], "juncdpth": [-0.6795566398792705, -0.7032318778250888, -0.6834536562584079, -0.6680980235638314, -0.7002745070294965, -0.6686486287282051, -0.6983345423706563, -0.6746593043973675, -0.6505079591235833, -0.6539053786224669, -0.6518442518033725, -0.6529388832526433, -0.6963125435701859, -0.6657168868753829, -0.6528502410851569, -0.6562305383076007, -0.6741953478514149, -0.6690293734742275, -0.6300694986130901, -0.6537447370197933, -0.6421227994151819, -0.6186108841411908, -0.6507873648415461, -0.6389524742582975, -0.6375127334999149, -0.6488879084798327, -0.6252126696540005, -0.6645256737542216, -0.6627219887022826, -0.664675642618493, -0.5975241683742043, -0.5994778222904147, -0.6440420771869768, -0.6459957311031872, -0.646929816883563, -0.6325050277739859, -0.6443208494424639, -0.6121443689763558, -0.6691377448426176, -0.6616234232888528, -0.6621594132057043, -0.6000662078229668, -0.5971058681905089, -0.6433832548087083, -0.644604652568334, -0.600184032136446, -0.653027533830489, -0.6463714475895606, -0.6336905714907779, -0.6480954590731326, -0.6833359597490798, -0.680812241473822, -0.6800680643463535, -0.643051952884635, -0.6489300364812973, -0.6450056068008454, -0.6152845156552785, -0.6169292715818141, -0.6270344852498495, -0.6436145173199748, -0.6423544770333887, -0.6171226468621345, -0.48348339289207765, -0.48165506374240047, -0.4641464453006847, -0.4831990829183397, -0.4615631318211397, -0.4813596553464226, -1.1086076483888316, -1.0353355803564275, -1.1316734163429203, -1.1288039146278184, -1.126643474567218, -1.095080521441843, -1.1421938278476818, -1.0661366032426536, -1.1268483277451964, -1.4861520394609231, -1.2120132112440376, -1.2111617104429582, -0.8926850505136122, -1.173313380676928, -1.3467554570581308, -1.211161721248707, -1.0950232942718139], "junctype": [0, 0, 0, 0, 0, 0, 1, 1, 0, 1, 0, 1, 1, 0, 0, 1, 0, 1, 0, 0, 0, 0, 0, 0, 1, 1, 1, 1, 0, 0, 0, 0, 0, 0, 1, 1, 1, 1, 1, 0, 0, 0, 0, 0, 0, 0, 0, 1, 0, 0, 0, 1, 0, 0, 1, 0, 0, 0, 1, 0, 0, 0, 0, 0, 0, 0, 0, 0, 0, 1, 0, 1, 0, 0, 0, 1, 1, 0, 1, 0, 0, 0, 0, 0, 0], "junindex": [406, 408, -1, 410, 412, -1, -1, -1, -1, -1, -1, -1, -1, -1, -1, -1, 445, -1, 461, 463, 457, 465, 467, 453, -1, -1, -1, -1, 477, 478, 475, 476, 434, 435, -1, -1, -1, -1, -1, -1, 474, 470, -1, -1, 439, 468, 677, -1, 737, -1, 717, -1, -1, 644, -1, 645, -1, -1, -1, 652, -1, -1, 661, -1, 725, 727, -1, -1, 600, -1, 606, -1, -1, -1, 598, -1, -1, 400, -1, -1, -1, -1, 78, -1, -1], "K": [[3.125, 0.0, 0.0, 0.0], [0.0, 3.125, 0.0, 0.0], [0.0, 0.0, -1.0010005235671997, -0.010005001910030842], [0.0, 0.0, -1.0, 0.0]], "RT": [[0.8431944847106934, 0.5376086831092834, 1.341104507446289e-07, -1.6425593685198692e-07], [0.21006035804748535, -0.3294624090194702, 0.9205048084259033, -0.48278164863586426], [0.49487143754959106, -0.7761646509170532, -0.39073115587234497, -0.8814317584037781], [-0.0, 0.0, -0.0, 1.0]]}