{"line": [[0, 1], [4, 2], [2, 0], [5, 4], [3, 2]], "linedir": [3, 1, 2, 3, 3], "lineidx": [1300, 1304, 1301, 1305, 1302], "junction": [[0.31606261474049163, -0.35670690360175894], [0.3658845418095273, -0.9999989999999999], [-0.18870229836532218, 0.08333194227858484], [-0.24484990733261977, -0.9999989999999999], [-0.7688761476163457, -0.20099512993851784], [-0.9253857616147477, -0.999999]], "juncdpth": [-1.494562122075501, -1.2910495676303975, -1.2514792472583744, -0.9644978019297545, -1.398443910645784, -1.161926588331208], "junctype": [0, 0, 0, 0, 0, 0], "junindex": [400, -1, 398, -1, 78, -1], "K": [[3.125, 0.0, 0.0, 0.0], [0.0, 3.125, 0.0, 0.0], [0.0, 0.0, -1.0010005235671997, -0.010005001910030842], [0.0, 0.0, -1.0, 0.0]], "RT": [[0.8136467933654785, 0.5813596248626709, 1.341104507446289e-07, 1.0717710097196687e-07], [0.3736906945705414, -0.5230021476745605, 0.7660444974899292, -0.7193920612335205], [0.4453473687171936, -0.6232894659042358, -0.6427875757217407, -0.7017656564712524], [-0.0, 0.0, -0.0, 1.0]]}