{"line": [[6, 7], [10, 8], [8, 9], [8, 6], [4, 2], [5, 4], [0, 1], [2, 0], [3, 2]], "linedir": [3, 1, 3, 2, 1, 3, 3, 2, 3], "lineidx": [1327, 1331, 1329, 1328, 1304, 1305, 1300, 1301, 1302], "junction": [[0.4808772999108758, -0.2851247740236783], [0.5666183753544234, -0.9999989999999997], [-0.22447081968000496, 0.0398809763246944], [-0.2878261978782254, -0.9999990000000001], [-0.6072344297412149, -0.32764719312409574], [-0.7079965101551987, -0.9999989999999997], [0.2894685627556699, -0.17911136990501425], [0.2908366254746608, -0.19755905962483977], [0.16013026251014478, -0.11907788432502966], [0.16090574236362262, -0.13769034659357357], [0.14556859792285992, -0.1306233962484551]], "juncdpth": [-1.4487850101761266, -1.22955365920323, -1.271906207664303, -0.9919388622400339, -1.4756340453653152, -1.2656219443238426, -1.5128205217560113, -1.5057043702838828, -1.4765376943754327, -1.469421544620616, -1.4833797403517077], "junctype": [0, 0, 0, 0, 0, 0, 0, 1, 0, 1, 1], "junindex": [400, -1, 398, -1, 78, -1, 346, -1, 344, -1, -1], "K": [[3.125, 0.0, 0.0, 0.0], [0.0, 3.125, 0.0, 0.0], [0.0, 0.0, -1.0010005235671997, -0.010005001910030842], [0.0, 0.0, -1.0, 0.0]], "RT": [[0.5920485854148865, 0.805902361869812, 1.1920928955078125e-07, 9.924835353558592e-08], [0.5180239081382751, -0.38056159019470215, 0.7660444378852844, -0.7193920612335205], [0.6173570156097412, -0.4535354673862457, -0.6427876353263855, -0.7017656564712524], [-0.0, 0.0, -0.0, 1.0]]}