{"line": [[5, 6], [88, 83], [26, 27], [87, 85], [29, 30], [83, 84], [85, 86], [59, 56], [66, 67], [28, 26], [56, 54], [31, 30], [33, 32], [64, 62], [62, 63], [41, 42], [58, 54], [29, 38], [71, 69], [11, 12], [72, 74], [70, 68], [48, 49], [46, 47], [7, 8], [17, 18], [44, 45], [48, 53], [50, 51], [4, 1], [45, 61], [20, 25], [19, 24], [0, 1], [16, 36], [39, 40], [19, 20], [10, 3], [50, 60], [2, 3], [22, 35], [13, 14], [15, 16], [21, 34], [15, 37], [46, 48], [17, 19], [52, 50], [67, 68], [23, 21], [54, 55], [62, 65], [56, 57], [21, 22], [68, 69], [85, 83], [13, 15], [9, 6], [41, 39], [39, 43], [28, 33], [26, 32], [33, 31], [32, 30], [72, 73], [80, 81], [77, 75], [75, 76], [82, 80], [78, 79]], "linedir": [null, 1, 2, 1, 1, 3, 3, 1, 3, null, null, null, null, 1, 3, 3, 1, 3, 3, 2, 1, 3, 2, 3, 2, 3, 2, 3, 2, 3, 3, 3, 3, 2, 3, 3, 2, 3, 3, 2, 3, 3, 2, 3, 3, 1, 1, 1, 1, 1, 2, 2, 2, 2, 2, 2, 1, 2, 1, 2, 1, 1, 2, 2, 3, 1, 2, 3, 3, 3], "lineidx": [164, 1337, 228, 1331, 232, 1327, 1329, 306, 407, 229, 304, 234, 237, 326, 324, 258, 305, 255, 429, 187, 1261, 427, 282, 279, 165, 212, 277, 292, 287, 159, 318, 227, 225, 147, 251, 257, 215, 177, 310, 152, 245, 207, 210, 243, 252, 283, 216, 288, 411, 221, 302, 327, 303, 220, 410, 1328, 211, 166, 259, 260, 239, 238, 236, 235, 1257, 1304, 1301, 1300, 1305, 1302], "junction": [[-0.9999989999999997, -0.8309104947484648], [-0.9337872505568008, -0.8372897998100262], [-0.999999, -0.8903578623807386], [-0.9155690849794638, -0.89751663605904], [-0.9404064030735588, -0.8954106912766917], [-0.7707842407854819, -0.9999989999999999], [-0.7696759681685109, -0.987975654236255], [-0.9999990000000001, -0.9966457356904362], [-0.9477068684853864, -0.9999989999999999], [-0.999999, -0.9721072618628397], [-0.9244146888386937, -0.9773147371953954], [-0.999999, -0.9975882857936184], [-0.9622976377942982, -0.9999989999999999], [0.27240327570448725, -0.8453185532743572], [0.2752741171509494, -0.931815686856293], [0.41566938537194315, -0.8227453225204746], [0.5028961080974943, -0.8345317763982791], [0.5298290285661147, -0.7876087275530118], [0.5332562770528733, -0.8403255739420954], [0.6468499384662301, -0.768564663036776], [0.7258686250427144, -0.7811722631391937], [0.6310866009021604, -0.8259769620497858], [0.7667492418603773, -0.8453076954638549], [0.5035191791369003, -0.8446870649400935], [0.6516506254446347, -0.8289071547214247], [0.731133142305157, -0.8402327144603304], [0.20135728654690263, -0.9678094484125258], [0.21578171703003712, -0.9691218067505717], [0.20071990536495715, -0.9414418239879841], [0.8333192727236292, -0.9663438819361019], [0.8479527222579398, -0.9648859384372448], [0.8452467735550161, -0.9383134015096394], [0.5225648129952317, -0.9291847622221264], [0.5207331627512922, -0.900123011465325], [0.6378637891265254, -0.9139075313081939], [0.774662002538926, -0.9300066314804355], [0.5070289772594366, -0.901892440256302], [0.4202578893932187, -0.913095970826297], [0.836686724648572, -0.999999], [0.5217041516963414, -0.9310293982886598], [0.5260429155108504, -0.9999989999999999], [0.21574383857545557, -0.967659353772163], [0.21658145581095653, -0.999999], [0.8306798078288654, -0.9647644258643004], [0.7691030249979458, -0.8705028119933219], [0.8219892063827279, -0.877649022674952], [0.8333291088762831, -0.8328653773479102], [0.8384712642545074, -0.883433052823188], [0.9500009502353433, -0.8169330540164074], [0.999999, -0.8249103495732429], [0.9438213161481029, -0.870538909001755], [0.999999, -0.87854373496335], [0.8227580758542817, -0.8853562422994534], [0.9564361345394832, -0.8723364096966277], [0.8667480677988707, -0.9669481415003558], [0.999999, -0.9815682760410663], [0.8639978642458014, -0.9405201239502292], [0.9999990000000001, -0.9565254200241251], [0.8337055627683309, -0.970204556817619], [0.8456691040380445, -0.942460705685732], [0.9530457123314647, -0.9509997215319013], [0.8278366646794957, -0.936264492537768], [0.8645220998872187, -0.968459444009425], [0.8677952072243627, -0.9999989999999999], [0.8338324903402488, -0.9714731012582448], [0.999999, -0.9832512791280038], [-0.6764211490934979, -0.999999], [-0.6743394273900912, -0.9742644263504188], [-0.5479224745543685, -0.953132586473614], [-0.40738833596531726, -0.9643162223747085], [-0.5510107100795336, -0.999999], [-0.4091342118439939, -0.9999990000000001], [0.9586257894883178, -0.22359672494864094], [0.999999, -0.5509845211113762], [0.999999, -0.2113963425625057], [0.46252599180087134, 0.6375022163157911], [0.5602075051937995, -0.78266491307322], [-0.21690397902186634, 0.9999990000000001], [-0.3043035355431278, -0.9999989999999997], [-0.23152122764855249, 0.999999], [-0.6467456017111469, 0.6273462971934811], [-0.23960112786939552, 0.9999990000000001], [-0.8016567547037093, -0.985772298084178], [0.2718162511168932, 0.7536973298325836], [0.27242376183415296, 0.7389276021442744], [0.14562454038692488, 0.8214952991134354], [0.14596064321016652, 0.8063995650021358], [0.13385496342837042, 0.8128583174470686], [0.2599252525946103, 0.7455959411854491]], "juncdpth": [-0.6918907554372954, -0.7009133016342695, -0.6850066260520303, -0.6964382676472045, -0.6959798523024138, -0.7010160502734499, -0.7020254567799835, -0.6690161554601523, -0.6758874795449394, -0.6705899898409023, -0.6897741473679379, -0.6709334257280386, -0.6758874849811682, -0.6208864946082961, -0.6144112296094119, -0.593063668563655, -0.6072725886183044, -0.636292938575659, -0.6322034641453008, -0.614573635841646, -0.6287825558962954, -0.5968928761193588, -0.6208723694147302, -0.6200726486413188, -0.6100460871026626, -0.624255007157312, -0.6152289675973055, -0.6174882990171979, -0.6171826215135159, -0.6104162889864966, -0.6102546603682217, -0.6122083142844321, -0.5554174567073691, -0.5573711106235795, -0.5905509870097159, -0.6145304803050874, -0.6023226094527254, -0.5865884035647707, -0.6079595153947407, -0.5580082558232764, -0.5534058358586822, -0.614971615695973, -0.6125932516709794, -0.6100496625399935, -0.6551785073526925, -0.6656100427430358, -0.6946303948736303, -0.6903703782997552, -0.6729110921396173, -0.6836134183399304, -0.6552303324173301, -0.6669394793508576, -0.6772393342603352, -0.6683835434006339, -0.6137549151785802, -0.6397704447793918, -0.6157085690947905, -0.6423455601772285, -0.6193646826598909, -0.6188199297850135, -0.6488884433076871, -0.6609084734414342, -0.6163457142944875, -0.6140210092496922, -0.621577830828422, -0.642907487460803, -0.4900517679052133, -0.49156458165636785, -0.4637417768322205, -0.4780619667651589, -0.461142659745237, -0.47602196402973235, -1.0496550600920642, -1.0062273754939228, -1.038170580766751, -1.4347082000777078, -1.1845424927758312, -1.211161762832036, -0.9173564064700166, -1.2057405090989213, -1.4421658944565463, -1.2111617649586146, -1.1634838843489717, -1.4786007608112044, -1.4753034384836268, -1.4319308029058906, -1.4286334816645296, -1.4377118151539225, -1.4843817749636403], "junctype": [0, 0, 0, 0, 1, 0, 0, 0, 0, 0, 1, 0, 0, 0, 1, 0, 0, 0, 1, 0, 0, 0, 0, 1, 1, 1, 0, 1, 0, 1, 0, 0, 0, 0, 1, 1, 1, 1, 0, 0, 0, 0, 0, 1, 1, 0, 0, 1, 0, 0, 0, 0, 1, 1, 0, 0, 0, 0, 1, 1, 1, 1, 0, 0, 1, 0, 0, 0, 0, 0, 0, 0, 0, 0, 0, 0, 1, 0, 0, 0, 0, 0, 1, 0, 1, 0, 1, 1, 1], "junindex": [-1, 463, -1, 467, -1, -1, 478, -1, -1, -1, -1, -1, -1, 677, -1, 737, 739, 717, -1, 761, 763, 793, 795, -1, -1, -1, 644, -1, 645, -1, 860, 861, 858, 859, -1, -1, -1, -1, -1, 845, -1, 652, -1, -1, -1, 743, 721, -1, 765, -1, 797, -1, -1, -1, 862, -1, 863, -1, -1, -1, -1, -1, 850, -1, -1, -1, -1, 661, 725, 727, -1, -1, 598, -1, -1, 400, -1, -1, -1, -1, 78, -1, -1, 346, -1, 344, -1, -1, -1], "K": [[3.125, 0.0, 0.0, 0.0], [0.0, 3.125, 0.0, 0.0], [0.0, 0.0, -1.0010005235671997, -0.010005001910030842], [0.0, 0.0, -1.0, 0.0]],