{"line": [[60, 55], [31, 25], [64, 66], [64, 67], [13, 14], [44, 45], [16, 17], [55, 56], [34, 32], [50, 48], [63, 62], [46, 45], [13, 15], [74, 75], [48, 47], [18, 17], [76, 77], [78, 76], [20, 19], [29, 30], [49, 47], [59, 57], [57, 58], [25, 26], [4, 5], [35, 36], [38, 43], [37, 42], [7, 12], [6, 11], [33, 53], [32, 54], [3, 23], [27, 28], [40, 52], [0, 1], [39, 51], [37, 38], [2, 24], [64, 65], [9, 22], [8, 21], [4, 6], [32, 33], [35, 37], [6, 7], [1, 2], [61, 62], [2, 3], [41, 39], [10, 8], [39, 40], [76, 74], [8, 9], [30, 27], [15, 20], [13, 19], [57, 60], [48, 46], [47, 45], [27, 31], [20, 18], [19, 17], [72, 70], [70, 68], [68, 69], [73, 72], [71, 70]], "linedir": [null, null, 2, 1, 2, 1, 1, 3, 1, 1, 3, null, null, 3, null, null, 3, 1, null, 3, 1, 1, 3, 3, 3, 3, 3, 3, 3, 3, 3, 3, 3, 3, 3, 3, 3, 2, 3, 3, 3, 3, 1, 2, 1, 2, 1, 2, 2, 1, 1, 2, 2, 2, 1, 1, 1, 2, 2, 2, 2, 2, 2, 1, 2, 3, 3, 3], "lineidx": [329, 262, 1258, 1261, 228, 299, 232, 322, 278, 306, 429, 301, 229, 1327, 304, 234, 1329, 1331, 237, 258, 305, 326, 324, 255, 212, 279, 294, 292, 227, 225, 318, 319, 251, 257, 312, 207, 310, 282, 252, 1257, 245, 243, 216, 277, 283, 215, 211, 410, 210, 288, 221, 287, 1328, 220, 259, 239, 238, 327, 303, 302, 260, 236, 235, 1304, 1301, 1300, 1305, 1302], "junction": [[-0.01938658728397685, -0.9262327315980178], [-0.019190610223133703, -0.8424520692787716], [0.08474829812454546, -0.8167944377823986], [0.19319724558887522, -0.8264309166632958], [0.2554540635446719, -0.7775918417756587], [0.2569854399104246, -0.8263868748367913], [0.3457553644969096, -0.755419320158399], [0.4468518872966708, -0.7659640177053488], [0.3087454598096978, -0.8148154881117885], [0.48301633016829093, -0.8309925751677394], [0.19353090166391512, -0.8405726692575763], [0.34844223592643137, -0.8185004309927162], [0.4502597756322732, -0.8279518740265115], [-0.08921909719881661, -0.9668647943249915], [-0.07538172496041963, -0.9677067868300745], [-0.08893593469056266, -0.9404309388322294], [0.5460733855694884, -0.9549364744813763], [0.5610463746990902, -0.9527341740649962], [0.5591960211695393, -0.9253116674810873], [0.14173394507353387, -0.9229384543864032], [0.14122937127026783, -0.8934436580881958], [0.3122065543612763, -0.9064798715708446], [0.488257989784931, -0.9199029731486023], [0.19487482646386675, -0.8975338740669289], [0.0856600665803265, -0.9047878983042316], [0.5459563040030228, -0.9531532593189588], [0.5490320812938272, -0.999999], [0.1451802562724547, -0.924788019313659], [0.14649789808526534, -0.9999990000000001], [-0.07567395885751103, -0.999999], [-0.0753705861115862, -0.9664759300246981], [0.5449707530623931, -0.9530835061759586], [0.5053117127105805, -0.8541645603838137], [0.5985701299810582, -0.8624512500152504], [0.48461431328924925, -0.8580979817836272], [0.6400655279589157, -0.8155248588068521], [0.6439265161017173, -0.8648534442510658], [0.7383147034517173, -0.7963645414565416], [0.8255492715709215, -0.8054633918519973], [0.7143392771781307, -0.852465650066127], [0.8642557746443726, -0.8663819874645936], [0.5993161530176363, -0.87270179429377], [0.7436378296920667, -0.8551853543612626], [0.8313984617170299, -0.8633319331981719], [0.9298570446858112, -0.9816412353177544], [0.9440996250222197, -0.9799533702113968], [0.9412120110649415, -0.9544386065733697], [0.5857186178138197, -0.9544873470876635], [0.5837959255801392, -0.927187295560529], [0.5464180192517913, -0.960185430626342], [0.5595770951204811, -0.9309592384786138], [0.7217518109803639, -0.9377057889685523], [0.8729580189898144, -0.9492345577310117], [0.6033902762959413, -0.9286812734958722], [0.5094541318229443, -0.9215190802081565], [0.9297090944579276, -0.9803136649010677], [0.9319029139173295, -0.999999], [0.587020144199896, -0.9560595849073249], [0.5901210063423827, -0.9999990000000001], [0.5465307417330265, -0.9619022545786649], [0.9288617525250407, -0.9802536936092978], [-0.999999, -0.9695943073932946], [-0.892511446816505, -0.9752184662376038], [-0.8951642302667026, -0.999999], [0.9885204622363796, -0.17224184972993162], [0.999999, -0.2597287715665986], [0.9999989999999999, -0.1749836232035683], [0.9999989999999999, -0.16777868014633301], [0.5401165535900843, 0.684040915262014], [0.6610699194926253, -0.8114286330063055], [-0.2423372465491644, 0.9819458793146755], [-0.3176184749767817, -0.9999990000000002], [-0.5497885729551094, 0.5735063005393212], [-0.6772236249920676, -0.9999990000000001], [0.34731616774265345, 0.7839985911122974], [0.34874687627201695, 0.7569014174821611], [0.20433732186243753, 0.8391287704467087], [0.2052011326318368, 0.8115538322208079], [0.184480994304495, 0.8194426456721253]], "juncdpth": [-0.6109705129848729, -0.6172094763185854, -0.5861392980933111, -0.5974347208724389, -0.6246809991729609, -0.6209585092477923, -0.6004267194031154, -0.6117221421822432, -0.5838722857137899, -0.6029348544212443, -0.6148222049037785, -0.5957967572526967, -0.6070921800318244, -0.6136127753820162, -0.615052823193541, -0.6155664292982266, -0.5939129397850134, -0.5904133365684334, -0.5923669904846438, -0.5468203402680718, -0.5487739941842822, -0.577399506390857, -0.5964620750983114, -0.5922916729150873, -0.5799003347595986, -0.5910761129693842, -0.587764790919092, -0.5493381142631026, -0.5443971821556183, -0.6104926828871236, -0.6129499752838132, -0.5909656971040693, -0.6325148287925071, -0.6438102515716349, -0.6378265788421512, -0.6710565315997803, -0.6670328649815847, -0.6468022518299348, -0.6580976763366859, -0.6302478181406093, -0.6493103903033104, -0.658353364495553, -0.642172289679516, -0.6534677141862671, -0.6399056985976302, -0.6367888724504995, -0.6387425263667099, -0.5931958744225145, -0.5951495283387249, -0.6024235470495747, -0.6008252091117158, -0.6237750388176764, -0.6428376109803776, -0.6386672036142833, -0.6273717808351555, -0.637451647123827, -0.6359510021354027, -0.5957136484175454, -0.592583393371929, -0.6052603738652038, -0.6373412329861354, -0.48513202818875417, -0.4928995255314028, -0.49143883922043413, -1.002953454622875, -0.9914409916581929, -1.0053415298208186, -0.9990902179591384, -1.4014981896430667, -1.1450711561526206, -1.2206336358679613, -0.9313227283008657, -1.4830324445816068, -1.20396654899049, -1.4573716920949122, -1.4513929130290948, -1.4202712752378854, -1.4142924971479498, -1.4333004450496902], "junctype": [1, 0, 0, 0, 0, 1, 0, 0, 0, 0, 1, 1, 1, 0, 1, 0, 1, 0, 0, 0, 0, 1, 1, 1, 1, 0, 0, 0, 0, 0, 0, 0, 0, 0, 1, 0, 1, 0, 0, 0, 0, 1, 1, 1, 1, 0, 0, 0, 0, 1, 1, 1, 1, 1, 1, 0, 0, 0, 0, 1, 0, 0, 0, 0, 0, 0, 0, 0, 0, 1, 0, 0, 0, 0, 0, 1, 0, 1, 1], "junindex": [-1, 677, 737, 739, 717, -1, 761, 763, 793, 795, -1, -1, -1, 644, -1, 645, -1, 860, 861, 858, 859, -1, -1, -1, -1, 848, -1, 845, -1, -1, 652, 846, 741, 743, -1, 721, -1, 765, 767, 797, 799, -1, -1, -1, -1, 864, 865, 862, 863, -1, -1, -1, -1, -1, -1, 853, -1, 850, -1, -1, 851, -1, 727, -1, 598, -1, -1, -1, 400, -1, 398, -1, 78, -1, 346, -1, 344, -1, -1], "K": [[3.125, 0.0, 0.0, 0.0], [0.0, 3.125, 0.0, 0.0], [0.0, 0.0, -1.0010005235671997, -0.010005001910030842], [0.0, 0.0, -1.0, 0.0]], "RT": [[0.5038055181503296, 0.8638172149658203, 1.341104507446289e-07, 1.8221255970729544e-07], [0.33752018213272095, -0.19685260951519012, 0.9205048680305481, -0.48278167843818665], [0.7951478362083435, -0.46375536918640137, -0.39073115587234497, -0.8814316987991333], [-0.0, 0.0, -0.0, 1.0]]}