{"line": [[62, 57], [33, 27], [70, 71], [74, 76], [74, 77], [72, 70], [63, 64], [70, 73], [66, 67], [14, 15], [69, 65], [68, 63], [65, 63], [47, 48], [17, 18], [65, 66], [14, 16], [49, 48], [51, 50], [19, 18], [20, 21], [53, 51], [31, 32], [57, 58], [84, 85], [86, 87], [4, 5], [88, 86], [37, 38], [52, 50], [74, 75], [61, 59], [59, 60], [27, 28], [41, 42], [8, 9], [40, 46], [39, 45], [5, 6], [1, 2], [7, 13], [6, 12], [36, 34], [35, 56], [34, 22], [0, 1], [29, 30], [25, 3], [37, 39], [26, 2], [9, 10], [44, 55], [43, 54], [11, 24], [23, 10], [41, 43], [39, 40], [34, 35], [6, 7], [2, 3], [32, 30], [14, 20], [16, 21], [86, 84], [43, 44], [10, 11], [59, 62], [51, 49], [50, 48], [30, 33], [82, 80], [21, 22], [20, 18], [80, 78], [83, 82], [78, 79], [81, 80]], "linedir": [null, null, 3, 2, 1, 2, 0, 0, null, 2, 2, 2, null, 1, 1, 0, null, null, null, null, null, 1, 3, 3, 3, 3, 3, 1, 3, 1, 3, 1, 3, 3, 3, 3, 3, 3, 1, 1, 3, 3, 1, 3, 3, 3, 3, 3, 1, 3, 1, 3, 3, 3, 3, 1, 2, 2, 2, 2, 1, 1, 1, 2, 2, 2, 2, 2, 2, 2, 1, 2, 2, 2, 3, 3, 3], "lineidx": [329, 262, 593, 1258, 1261, 598, 572, 599, 574, 228, 579, 577, 575, 299, 232, 573, 229, 301, 304, 234, 237, 306, 258, 322, 1327, 1329, 212, 1331, 279, 305, 1257, 326, 324, 255, 284, 217, 294, 292, 216, 211, 227, 225, 278, 318, 319, 207, 257, 251, 283, 252, 221, 312, 310, 245, 243, 288, 282, 277, 215, 210, 259, 238, 239, 1328, 287, 220, 327, 303, 302, 260, 1304, 236, 235, 1301, 1305, 1300, 1302], "junction": [[-0.31231761870061187, -0.9200658222809616], [-0.30953100285742396, -0.8461700158711987], [-0.25221219355866514, -0.8187936987106803], [-0.12981318190850968, -0.8256864514037044], [-0.03550780914259386, -0.811531613298359], [-0.03534801829975888, -0.77475034890561], [0.02094224580380972, -0.7504837429159592], [0.1382883612575271, -0.7582153394399603], [-0.11037452025075248, -0.9012015046614594], [-0.1095741850028867, -0.8412846189061916], [-0.03562745626707281, -0.8115246108172209], [0.16690441441583595, -0.8233780139846781], [0.021108384422319174, -0.8148451390455358], [0.13937063380548, -0.8217665688269437], [-0.37400620986959526, -0.9707509967131102], [-0.3616316405163273, -0.9712327700733517], [-0.3728319917819641, -0.9445897107036069], [0.22168827781655542, -0.949183354493962], [0.23596873841280658, -0.9456775124575196], [0.23517586216958172, -0.9177627123841132], [-0.2502232845649928, -0.9239652033741241], [-0.2493347362515801, -0.8945415525402804], [0.2319965077057194, -0.9176103353289031], [-0.036033888298890274, -0.9047644312580521], [0.16876404884258123, -0.9145797906114824], [-0.13099478482678964, -0.9002132363732064], [-0.2546134355065994, -0.8966807836841406], [0.22161316575639495, -0.9463673464478274], [0.22304369575564167, -0.999999], [-0.24483198445575172, -0.9999989999999999], [-0.24265676194526234, -0.9257063730249406], [-0.3628799833153562, -0.999999], [-0.36158451721519025, -0.9701468826741005], [0.2204481195598728, -0.9463154994789275], [0.22998853878924613, -0.8459482512814905], [0.33972404852221205, -0.8521278741398367], [0.16775923925402153, -0.8653010623139639], [0.4115217815956724, -0.8027724633545391], [0.4137557363374842, -0.8470954257481917], [0.48344865566019846, -0.7809569540397172], [0.5887816969270722, -0.7878970438123747], [0.34505087185967015, -0.8661454556091909], [0.34744108089497827, -0.9231432522472665], [0.4413619824040244, -0.8394409486465376], [0.6227566742991762, -0.850057274897907], [0.4870796903277379, -0.8421166283905925], [0.5931471826707136, -0.8483243464423894], [0.6845265190344659, -0.9688854356388263], [0.6987391350164975, -0.9663438611651034], [0.6965183128562412, -0.9398734914363152], [0.2652276193290597, -0.946984152295], [0.26433947779772526, -0.919160438217835], [0.22190708495549197, -0.9573865999179411], [0.2354273326651859, -0.9266162360823378], [0.4461209182182397, -0.9278726849641439], [0.6293235735322522, -0.936653046336473], [0.3426516220052816, -0.9229137076494692], [0.684368387079679, -0.9669609122994723], [0.6870830215471714, -0.999999], [0.2702605107274292, -0.9485322540620601], [0.2719342074197654, -0.9999990000000001], [0.22197792048218046, -0.9600422774839795], [0.6833261822548943, -0.9669145320260553], [0.7817881009263934, -0.9968719740370834], [0.7920207202414077, -0.999999], [0.7804470000383167, -0.9825328495716452], [0.7984251836490995, -0.988258759759278], [0.799547741471707, -0.9999990000000001], [0.7690052303173732, -0.9963440713699184], [0.7676839484152518, -0.9819829281076354], [0.7780222332529623, -0.9970115316059682], [0.7783002928141782, -0.999999], [0.7690325130187415, -0.9966406097409524], [0.788715973783692, -0.999999], [0.99405354364099, -0.11747853563692398], [0.999999, -0.1622137383232812], [0.9999989999999999, -0.11840374772911783], [0.9999990000000001, -0.11436577876123512], [0.6093687894312787, 0.7387601435334341], [0.7693414981871572, -0.9999990000000001], [-0.24706741456564923, 0.9556829623480624], [-0.31952040930299036, -0.9229848053930719], [-0.44638260120076284, 0.5298195595513093], [-0.546333450419118, -0.9999990000000002], [0.4175544796735933, 0.8220453986908591], [0.41980645349157103, 0.7867735227684792], [0.25953574282980507, 0.8627262871846716], [0.26096212913946404, 0.8270064769924552], [0.23802171290378402, 0.8328169503603493]], "juncdpth": [-0.616437583566518, -0.6219871691279106, -0.5884475735906687, -0.5965466817725478, -0.6186672709028754, -0.6214638736487346, -0.5952818953018579, -0.603381003483737, -0.6112598091933213, -0.6157244372639123, -0.5801410989659583, -0.5938094502269191, -0.5905963478240464, -0.5986954560059254, -0.6203163389041557, -0.6211575769223161, -0.6222699925223432, -0.5848570347609482, -0.5794726257601917, -0.5814262793783791, -0.5482153280111164, -0.5501689816293038, -0.6163190765116922, -0.5735977888092914, -0.5872661400702522, -0.5911657383292884, -0.5828979880292761, -0.5805242535061468, -0.5768009411268702, -0.5457052500628444, -0.5505970366655384, -0.6170539361620444, -0.6192646855775217, -0.5804450824954048, -0.6217000199549514, -0.6297991281368305, -0.6477886917075515, -0.6547163212517676, -0.6511813601780666, -0.628534342904891, -0.6366334523255204, -0.6489768848669454, -0.6445122567963543, -0.6133935465689914, -0.6270619003074528, -0.6238487954270794, -0.6319479048477089, -0.6170799244939349, -0.6127250758407253, -0.6146787294589128, -0.5814677768528997, -0.5834214304710872, -0.5978555722182619, -0.5942997149467055, -0.6068502364123245, -0.6205185901507859, -0.6244181846935712, -0.6137767023479301, -0.6113516941024483, -0.5838494855073217, -0.5802560030384224, -0.6021883534730633, -0.6136975325759385, -1.1823949674609624, -1.1937197679444411, -1.1844267686212406, -1.2044782504875702, -1.2027871716114111, -1.1805042930799678, -1.182536094240246, -1.1829217554005886, -1.182499138114443, -1.1815915183790497, -1.1937422625279264, -0.957523369683015, -0.9518304444767203, -0.9582566912370792, -0.9550644196515742, -1.3643648566347428, -1.0806658144605477, -1.2346803444301422, -0.9547107850543263, -1.5179342600505044, -1.2402311093994354, -1.4315638590322903, -1.4238844807394326, -1.4049619117582028, -1.3972825343712518, -1.4244226008590852], "junctype": [1, 0, 0, 0, 1, 0, 0, 0, 1, 0, 0, 0, 1, 1, 0, 1, 0, 1, 0, 0, 0, 0, 1, 1, 1, 1, 1, 0, 0, 0, 0, 0, 0, 0, 0, 0, 1, 0, 1, 0, 0, 0, 1, 0, 0, 1, 1, 1, 0, 0, 0, 0, 1, 1, 1, 1, 1, 0, 0, 0, 0, 1, 0, 0, 0, 0, 0, 0, 1, 1, 0, 0, 1, 0, 0, 0, 0, 0, 0, 0, 0, 1, 0, 0, 0, 1, 0, 1, 1], "junindex": [-1, 677, 737, 739, -1, 717, 761, 763, -1, 709, 793, 795, -1, -1, 644, -1, 645, -1, 860, 861, 858, 859, -1, -1, -1, -1, -1, 848, -1, -1, 845, -1, 652, 846, 741, 743, -1, 721, -1, 765, 767, 713, -1, 797, 799, -1, -1, -1, 864, 865, 862, 863, -1, -1, -1, -1, -1, 853, -1, 850, -1, -1, 851, 303, -1, 304, 294, -1, -1, -1, 300, -1, -1, -1, 598, -1, -1, -1, 400, -1, 398, -1, 78, -1, 346, -1, 344, -1, -1], "K": [[3.125, 0.0, 0.0, 0.0], [0.0, 3.125, 0.0, 0.0], [0.0, 0.0, -1.0010005235671997, -0.010005001910030842], [0.0, 0.0, -1.0, 0.0]],