{"line": [[0, 3], [0, 2], [12, 13], [10, 11], [14, 12], [0, 1], [12, 10], [8, 6], [9, 8], [4, 5], [6, 4], [7, 6]], "linedir": [2, 1, 3, 3, 1, 3, 2, 1, 3, 3, 2, 3], "lineidx": [1254, 1239, 1329, 1327, 1331, 1224, 1328, 1304, 1305, 1300, 1301, 1302], "junction": [[0.9884977242549807, -0.9421455533439511], [0.9999990000000001, -0.9964393587997266], [0.999999, -0.9303644217901128], [0.9999990000000001, -0.9429326405617551], [0.6631711959148172, -0.1217355491484523], [0.814612623205238, -0.999999], [-0.2337293542616984, -0.0315781457334422], [-0.2939957417735505, -0.999999], [-0.3007472878091541, -0.44702525300852497], [-0.3406167498576196, -0.9999989999999999], [0.481668113018773, -0.0653155694201363], [0.48658312915732, -0.103984727644553], [0.3129747096406053, -0.04810131648291903], [0.31619007179952385, -0.08685663511712574], [0.2990955406846465, -0.0851382745501586]], "juncdpth": [-0.8279993422882846, -0.8184762781488104, -0.8222335058211658, -0.8283874348523288, -1.3541157070869303, -1.1023771941176097, -1.3069903506682858, -1.0390700689184986, -1.5566202906438118, -1.3744169743608607, -1.4454910636680436, -1.4308900212741071, -1.4358243265132389, -1.421223285528631, -1.4567851288234788], "junctype": [0, 0, 0, 0, 0, 0, 0, 0, 0, 0, 0, 1, 0, 1, 1], "junindex": [600, -1, -1, -1, 400, -1, 398, -1, 78, -1, 346, -1, 344, -1, -1], "K": [[3.125, 0.0, 0.0, 0.0], [0.0, 3.125, 0.0, 0.0], [0.0, 0.0, -1.0010005235671997, -0.010005001910030842], [0.0, 0.0, -1.0, 0.0]], "RT": [[0.15773816406726837, 0.9874809980392456, 1.2665987014770508e-07, -1.0779433523566695e-07], [0.6347405910491943, -0.1013922467827797, 0.7660444378852844, -0.7193921208381653], [0.756454348564148, -0.1208343580365181, -0.6427876353263855, -0.7017657160758972], [-0.0, 0.0, -0.0, 1.0]]}