{"line": [[2, 4], [2, 3], [11, 12], [13, 11], [9, 10], [0, 1], [11, 9], [0, 2], [7, 5], [8, 7], [5, 6]], "linedir": [2, 3, 3, 1, 3, 3, 2, 1, 2, 3, 3], "lineidx": [1248, 1230, 1329, 1331, 1327, 1224, 1328, 1239, 1301, 1302, 1300], "junction": [[0.8856746810250867, -0.8796856358703706], [0.9088198545281756, -0.9999990000000001], [0.9944596785923003, -0.6656591635849158], [0.9999990000000001, -0.6901116602150777], [0.999999, -0.6656591646280215], [0.6990734736736723, -0.054600156186799274], [0.8739695769413185, -0.9999989999999999], [-0.22512571038699744, -0.05460006744511982], [-0.2814484961696166, -0.9999989999999999], [0.5291549689858099, -0.014556759417671625], [0.5348223499551262, -0.05460014041539325], [0.3527699441972626, -0.014556746470081908], [0.3565481950826627, -0.054600123297494675], [0.34735272883840573, -0.05460012241454526]], "juncdpth": [-0.7983197368286925, -0.777988686577523, -0.710990745061296, -0.7070523322893981, -0.7109907450864582, -1.31870927925699, -1.0548130371484514, -1.3187093171302995, -1.0548130426715365, -1.4173538721621708, -1.4023345032136934, -1.4173538819798923, -1.4023345144235306, -1.4394585463068312], "junctype": [0, 0, 0, 0, 0, 0, 0, 0, 0, 0, 1, 0, 1, 1], "junindex": [600, -1, 753, -1, -1, 400, -1, 398, -1, 346, -1, 344, -1, -1], "K": [[3.125, 0.0, 0.0, 0.0], [0.0, 3.125, 0.0, 0.0], [0.0, 0.0, -1.0010005235671997, -0.010005001910030842], [0.0, 0.0, -1.0, 0.0]], "RT": [[1.3907092011322675e-07, 1.0, 1.3467764858887676e-07, -1.5253867502451612e-07], [0.6427876353263855, -1.9256214045526576e-07, 0.7660444378852844, -0.7193920612335205], [0.7660444378852844, -1.996537690729383e-08, -0.6427876353263855, -0.7017656564712524], [-0.0, 0.0, -0.0, 1.0]]}