{"line": [[2, 0], [6, 7], [7, 8], [4, 2], [0, 1], [5, 6], [2, 3], [9, 7]], "linedir": [1, 1, 2, 2, 3, 3, 3, 3], "lineidx": [336, 378, 375, 339, 335, 369, 338, 377], "junction": [[-0.016230644470010255, -0.5960045863288804], [-0.015517111805985938, 0.999999], [-0.024647795909887967, -0.7633035920306706], [-0.02345625516562505, 0.9999989999999997], [-0.999999, -0.7633034517178899], [0.01551822675235092, 0.9999989999999999], [0.01623136670823062, -0.5960045909027489], [0.024648750483811103, -0.7633035991224089], [0.999999, -0.7633037394350524], [0.02345763039122895, 0.9999989999999999]], "juncdpth": [-0.9626613541883293, -1.0069142174754888, -0.633917098281142, -0.6661124584163353, -0.6339171092190681, -1.006914217024068, -0.9626613536355008, -0.6339170977283134, -0.6339170867903983, -0.6661124579649146], "junctype": [0, 0, 0, 0, 0, 0, 0, 0, 0, 0], "junindex": [250, -1, 306, -1, -1, -1, 252, 308, -1, -1], "K": [[3.125, 0.0, 0.0, 0.0], [0.0, 3.125, 0.0, 0.0], [0.0, 0.0, -1.0010005235671997, -0.010005001910030842], [0.0, 0.0, -1.0, 0.0]], "RT": [[-4.371139183945161e-08, 1.0, 1.3467764858887676e-07, 3.0243626270021196e-08], [0.0871557667851448, -1.3035545975981222e-07, 0.9961947202682495, -0.18677523732185364], [0.9961947202682495, 5.52829888533779e-08, -0.0871557667851448, -0.9874791502952576], [-0.0, -0.0, -0.0, 1.0]]}