{"line": [[0, 1], [3, 0], [4, 5], [2, 0], [6, 4]], "linedir": [1, 2, 2, 3, 3], "lineidx": [337, 340, 376, 338, 377], "junction": [[-0.12866963073829624, 0.6665930464706896], [-0.10342063170539928, 0.5185908087162172], [-0.19880251011797034, -0.9999989999999997], [-0.9999990000000002, 0.5918868453980787], [-0.0985624594798337, 0.6691743807733176], [0.9999989999999999, 0.7633630494647683], [-0.15241383016621493, -0.9999990000000002]], "juncdpth": [-1.0295309216887036, -1.0780453080399355, -0.6663376646974637, -1.0534608397407568, -1.0287234839025436, -1.0001035229244768, -0.6652529732305147], "junctype": [0, 1, 0, 0, 0, 0, 0], "junindex": [307, -1, -1, -1, 309, -1, -1], "K": [[3.125, 0.0, 0.0, 0.0], [0.0, 3.125, 0.0, 0.0], [0.0, 0.0, -1.0010005235671997, -0.010005001910030842], [0.0, 0.0, -1.0, 0.0]], "RT": [[-0.10540366172790527, 0.9944295287132263, 1.341104507446289e-07, 4.114773588526077e-08], [0.6392070055007935, 0.06775206327438354, 0.7660444378852844, -0.7193920612335205], [0.7617772221565247, 0.08074397593736649, -0.6427876353263855, -0.7017657160758972], [-0.0, -0.0, -0.0, 1.0]]}