{"line": [[2, 3], [0, 1]], "linedir": [3, 3], "lineidx": [377, 338], "junction": [[-0.3962549694291447, -0.9999989999999999], [-0.30148005733076944, 0.9999989999999999], [-0.34851879822525744, -0.999999], [-0.2651612298390021, 0.999999]], "juncdpth": [-0.6254538252012317, -0.8220741951732916, -0.6234488075762041, -0.8194388715346961], "junctype": [0, 0, 0, 0], "junindex": [-1, -1, -1, -1], "K": [[3.125, 0.0, 0.0, 0.0], [0.0, 3.125, 0.0, 0.0], [0.0, 0.0, -1.0010005235671997, -0.010005001910030842], [0.0, 0.0, -1.0, 0.0]], "RT": [[-0.20963285863399506, 0.9777802228927612, 1.3411046495548362e-07, -7.078052277620372e-08], [0.38204923272132874, 0.08190996944904327, 0.9205048680305481, -0.48278167843818665], [0.900051474571228, 0.19296811521053314, -0.39073118567466736, -0.8814318180084229], [-0.0, -0.0, -0.0, 1.0]]}