{"line": [[2, 3], [0, 1]], "linedir": [3, 3], "lineidx": [377, 338], "junction": [[-0.6473603260390383, -0.999999], [-0.4925270695709052, 0.9999989999999999], [-0.6051996970092312, -0.999999], [-0.46045024859964406, 0.9999990000000001]], "juncdpth": [-0.6415625163013776, -0.8432468813990606, -0.6381074475455335, -0.838705662298261], "junctype": [0, 0, 0, 0], "junindex": [-1, -1, -1, -1], "K": [[3.125, 0.0, 0.0, 0.0], [0.0, 3.125, 0.0, 0.0], [0.0, 0.0, -1.0010005235671997, -0.010005001910030842], [0.0, 0.0, -1.0, 0.0]], "RT": [[-0.3612416684627533, 0.9324722290039062, 1.2665987014770508e-07, -4.73827910241198e-09], [0.3643459975719452, 0.14114825427532196, 0.9205048084259033, -0.48278164863586426], [0.8583452105522156, 0.33252477645874023, -0.39073115587234497, -0.8814316987991333], [-0.0, -0.0, -0.0, 1.0]]}