{"line": [[0, 1], [3, 0], [4, 5], [7, 4], [0, 2], [7, 8], [6, 4]], "linedir": [1, 2, 1, 2, 3, 3, 3], "lineidx": [336, 339, 372, 375, 338, 377, 374], "junction": [[-0.9488137250168632, -0.7135908129670798], [-0.9206246407308097, -0.7097767252767775], [-0.9041863633822989, 0.9999989999999997], [-0.999999, -0.70680678712757], [0.7197371745998362, -0.9347382508047489], [0.9999990000000001, -0.8177840693822367], [0.681746601865279, 0.999999], [-0.920814813989956, -0.7173017500666119], [-0.87741499941183, 0.9999989999999999]], "juncdpth": [-0.7055085297107933, -0.7116749598111286, -0.7403296832643829, -0.7165517474133524, -0.4695902603100943, -0.5704763733741263, -0.4957585348836846, -0.6996105870376013, -0.7342154191324426], "junctype": [0, 1, 0, 0, 0, 0, 0, 0, 0], "junindex": [306, -1, -1, -1, 310, -1, -1, 308, -1], "K": [[3.125, 0.0, 0.0, 0.0], [0.0, 3.125, 0.0, 0.0], [0.0, 0.0, -1.0010005235671997, -0.010005001910030842], [0.0, 0.0, -1.0, 0.0]], "RT": [[-0.5920486450195312, 0.8059022426605225, 1.3783574104309082e-07, -2.561137080192566e-08], [0.0702391117811203, 0.051600344479084015, 0.9961947202682495, -0.18677525222301483], [0.8028355836868286, 0.589795708656311, -0.0871557742357254, -0.9874791502952576], [-0.0, -0.0, -0.0, 1.0]]}