{"line": [[2, 3], [0, 1], [4, 5], [6, 7]], "linedir": [3, 3, 3, 3], "lineidx": [371, 338, 374, 377], "junction": [[-0.999999, -0.7857011673554954], [-0.780833839683315, 0.9999989999999999], [0.9860702879768236, 0.999999], [0.999999, 0.9101320665279067], [0.42155883461183025, 0.9999989999999999], [0.5540815169514703, -0.9999989999999999], [-0.999999, -0.9973807235498905], [-0.761061314464853, 0.999999]], "juncdpth": [-0.7151592072183545, -0.9158904449170968, -0.9181078851900946, -0.9053197968225384, -0.5972086112927936, -0.4543706806032463, -0.6909863395160775, -0.907923418071408], "junctype": [0, 0, 0, 0, 0, 0, 0, 0], "junindex": [-1, -1, -1, -1, -1, -1, -1, -1], "K": [[3.125, 0.0, 0.0, 0.0], [0.0, 3.125, 0.0, 0.0], [0.0, 0.0, -1.0010005235671997, -0.010005001910030842], [0.0, 0.0, -1.0, 0.0]], "RT": [[-0.6337553858757019, 0.7735335826873779, 1.4901161193847656e-07, 5.7578667167490494e-08], [0.30224373936653137, 0.2476278841495514, 0.9205048084259033, -0.48278161883354187], [0.7120413184165955, 0.5833749771118164, -0.39073115587234497, -0.8814317584037781], [-0.0, -0.0, -0.0, 1.0]]}