{"line": [[24, 25], [27, 25], [7, 4], [12, 13], [25, 26], [10, 8], [4, 2], [8, 11], [2, 0], [0, 6], [8, 9], [15, 12], [0, 1], [18, 16], [2, 3], [4, 5], [21, 22], [14, 12], [23, 21], [16, 17], [19, 20]], "linedir": [2, 1, 2, 1, 3, 0, 1, 1, 2, 1, 3, 2, 3, 1, 3, 3, 2, 3, 3, 3, 3], "lineidx": [436, 439, 227, 337, 437, 272, 233, 273, 228, 224, 255, 340, 214, 373, 215, 219, 376, 338, 377, 371, 374], "junction": [[0.8510948922850329, 0.14150357977464792], [0.999999, -0.4853161379271013], [0.8131652522966548, 0.1159630209263077], [0.9791064655194797, -0.6203701278879395], [0.7812232561310478, 0.13629256163165188], [0.9442919304702361, -0.6126363178484047], [0.9999990000000001, 0.04499903583342952], [0.7749330030316697, 0.13199169990312037], [0.9612328321619172, -0.6117199330627944], [0.999999, -0.7865873154378505], [0.9356678518473012, -0.6131028204339102], [0.999999, -0.6304813621307017], [-0.7741289964977827, 0.36625863004780224], [-0.7655605377118948, 0.3619108532036554], [-0.999999, -0.6135061445458241], [-0.9999990000000001, 0.09398037331562861], [0.674128985466414, 0.599273821168446], [0.9999990000000001, -0.9113131110383209], [0.12166823735452252, 0.999999], [-0.20211679913950414, -0.9999989999999999], [-0.11655055861528517, 0.9999990000000002], [-0.7609546250824746, 0.382139866276087], [-0.24840600525136103, 0.999999], [-0.999999, -0.6677349737741242], [0.7706586825401861, 0.15180552870151445], [0.7741798672973382, 0.15423297753196547], [0.7784774953617022, 0.1344151908451331], [0.7694876586828582, 0.15723386901295272]], "juncdpth": [-1.2841801266796207, -1.0929601148763335, -1.2961584504383161, -1.0764824168337948, -1.2866060656142575, -1.0644234083143242, -1.3306444515015898, -1.2886151973462574, -0.9333768254448065, -0.8971933229984217, -0.9340192870935317, -0.9421690184053232, -1.1329972904978582, -1.1346480468886833, -0.8770870994674281, -1.246573003368917, -1.051045058389652, -0.7085404241203508, -0.9347671632473759, -0.48350321830850373, -0.8384678081647958, -1.127008127311087, -0.9347671805673882, -0.8576030802371021, -1.4294109912804307, -1.4281612439901377, -1.4202769942595026, -1.4266192838545544], "junctype": [0, 0, 0, 1, 0, 1, 0, 1, 0, 0, 1, 0, 0, 1, 0, 0, 0, 0, 0, 0, 0, 0, 0, 0, 1, 0, 1, 1], "junindex": [120, -1, 117, -1, 124, -1, -1, -1, 188, -1, -1, -1, 307, -1, -1, -1, 255, -1, -1, -1, -1, 309, -1, -1, -1, 86, -1, -1], "K": [[3.125, 0.0, 0.0, 0.0], [0.0, 3.125, 0.0, 0.0], [0.0, 0.0, -1.0010005235671997, -0.010005001910030842], [0.0, 0.0, -1.0, 0.0]], "RT": [[-0.7818315625190735, 0.6234897971153259, 1.3411046495548362e-07, -6.016094733496402e-09], [0.4007716178894043, 0.5025516152381897, 0.7660444378852844, -0.7193921208381653], [0.47762081027030945, 0.5989177823066711, -0.6427876353263855, -0.7017657160758972], [-0.0, -0.0, -0.0, 1.0]]}