{"line": [[0, 1], [12, 13], [13, 15], [8, 11], [10, 8], [2, 3], [13, 14], [16, 17], [22, 23], [6, 7], [4, 5], [8, 9], [20, 21], [18, 19]], "linedir": [1, 2, 1, 1, 0, 3, 3, 3, 3, 3, 3, 3, 3, 3], "lineidx": [191, 292, 296, 273, 272, 214, 295, 338, 377, 219, 215, 255, 374, 371], "junction": [[0.7994270841885251, 0.3719043148664244], [0.8218751032136357, 0.36347907902619897], [0.9348469855323918, 0.999999], [0.9999989999999999, 0.5566106821806981], [0.8889904158313849, 0.999999], [0.9803797105009667, 0.3459728909613344], [0.853656682429517, 0.9999989999999999], [0.9392910668179734, 0.3617914784818943], [0.9107644952431853, 0.372773833426457], [0.999999, -0.3120183496118351], [0.8006445234884164, 0.36125909506843484], [0.999999, 0.33841972248913893], [0.8940205302552225, -0.4552153821231061], [0.936572938158128, -0.4430937376738702], [0.999999, -0.9716691681076274], [0.999999, -0.45586263798545484], [-0.999999, 0.46967379975049683], [-0.9230551196275957, 0.9999989999999999], [0.7275951100024307, 0.999999], [0.9563246441134984, -0.999999], [-0.5969199896022286, -0.999999], [-0.45415082151233693, 0.9999989999999997], [-0.999999, 0.41751057366702476], [-0.9161216615091022, 0.9999990000000001]], "juncdpth": [-0.995443007457352, -1.0004057425509676, -1.1437195585909763, -1.069203762041356, -1.164919443954045, -1.056327560996515, -1.1514026898814167, -1.0464301322606193, -0.9190149154358411, -0.8370068948501587, -0.9252849627391221, -0.9379781119665233, -0.740329306167952, -0.7301707143108209, -0.683858759924712, -0.7408796986552699, -0.9438198576310567, -1.0224945401201295, -0.8215233028115981, -0.6250347174351553, -0.45535095713894896, -0.5984970303445925, -0.9270196157240125, -1.0118946276479637], "junctype": [1, 1, 0, 0, 0, 1, 0, 1, 0, 0, 1, 0, 1, 0, 0, 0, 0, 0, 0, 0, 0, 0, 0, 0], "junindex": [-1, -1, -1, -1, -1, -1, -1, -1, 188, -1, -1, -1, -1, 231, -1, -1, -1, -1, -1, -1, -1, -1, -1, -1], "K": [[3.125, 0.0, 0.0, 0.0], [0.0, 3.125, 0.0, 0.0], [0.0, 0.0, -1.0010005235671997, -0.010005001910030842], [0.0, 0.0, -1.0, 0.0]], "RT": [[-0.8431943655014038, 0.5376088619232178, 1.4901161193847656e-07, -8.195638656616211e-08], [0.21006064116954803, 0.3294622600078583, 0.9205049276351929, -0.48278164863586426], [0.4948715567588806, 0.7761645317077637, -0.39073115587234497, -0.8814318180084229], [-0.0, -0.0, -0.0, 1.0]]}