{"line": [[19, 20], [3, 0], [13, 14], [0, 1], [33, 34], [10, 6], [6, 4], [0, 2], [31, 35], [31, 32], [35, 36], [35, 33], [15, 18], [17, 15], [4, 12], [8, 10], [22, 19], [15, 16], [8, 9], [4, 5], [21, 19], [25, 23], [30, 28], [6, 7], [28, 29], [10, 11], [23, 24], [26, 27]], "linedir": [1, 2, 2, 3, 3, 1, 2, 1, 2, 3, 3, 1, 1, 0, 1, 2, 2, 3, 3, 3, 3, 1, 3, 3, 2, 3, 3, 3], "lineidx": [337, 192, 226, 189, 437, 233, 228, 191, 442, 432, 440, 439, 273, 272, 224, 227, 340, 255, 218, 214, 338, 373, 377, 215, 376, 219, 371, 374], "junction": [[0.7385424861459954, -0.5243052498103641], [0.7443329953014053, -0.5576157608182005], [0.8130067914804434, -0.5484389218997779], [0.7331993311593764, -0.5279850637189588], [0.8473987302117459, 0.23436637966315782], [0.9999990000000001, -0.394091620068695], [0.8138951849300022, 0.204032130330695], [0.9931048513222536, -0.5710724058393046], [0.6338228552268715, 0.09069055146858802], [0.741253911924186, -0.5251840152850669], [0.7752323154020986, 0.22111192931525478], [0.9471892742611701, -0.5559274138351104], [0.999999, 0.1658715362930797], [0.6349202800674909, 0.041988214758999505], [0.6413092787321216, 0.047772814507097916], [0.8923442707536577, -0.5378371012928925], [0.9891065283570963, -0.9999990000000001], [0.7384441641365483, -0.5584026818568568], [0.9999990000000001, -0.5733464015785131], [-0.832580464298088, 0.27422893628870926], [-0.8284630457474754, 0.2727463938866296], [-0.9999989999999999, -0.41951006784705147], [-0.9999990000000001, -0.054517801653810885], [0.525690434452085, 0.6754710630503021], [0.8145875005902709, -0.999999], [-0.1322755166388085, 0.9999989999999999], [-0.7223002701357276, -0.9999989999999997], [-0.4165147772135063, 0.999999], [-0.8241190790820799, 0.29084389936060223], [-0.46297265591863945, 0.999999], [-0.9999990000000001, -0.44189372888363887], [0.6593323282876592, 0.2248173654804751], [0.6770856013377518, 0.13059160865542524], [0.8056882011715792, 0.24087609590626394], [0.8141555556841279, 0.204267871095086], [0.7172567527549489, 0.2804000527244844], [0.7369571093612604, 0.18581086032718658]], "juncdpth": [-0.9683770963295919, -0.9608436289778495, -0.9796467801575961, -0.9700786748867983, -1.2424330543951552, -1.0528371081537138, -1.2557681999418868, -1.0291597564043105, -1.3082330867702874, -1.118628690740378, -1.2482248430762293, -1.021616373169863, -1.2729561101187143, -1.332148186860472, -1.3292620210311157, -0.9002918757622955, -0.8122181084708391, -0.9092632856496815, -0.9158951777751551, -1.1689967093172307, -1.1695953713297618, -0.9732849380727153, -1.3186670780546115, -1.0267590728934315, -0.6626140947590499, -0.9347671318274643, -0.4954095581417395, -0.8591152433641184, -1.1623291372582623, -0.9347671483176779, -0.9578987241839081, -1.392753483067354, -1.356235265455313, -1.3849416067572502, -1.3705379686363817, -1.3660831352185951, -1.329564929435546], "junctype": [0, 1, 1, 1, 0, 0, 0, 1, 0, 1, 0, 1, 0, 1, 1, 0, 0, 1, 0, 0, 1, 0, 0, 0, 0, 0, 0, 0, 0, 0, 0, 0, 1, 0, 1, 0, 1], "junindex": [183, -1, -1, -1, 120, -1, 117, -1, 126, -1, 124, -1, -1, -1, -1, 188, -1, -1, -1, 307, -1, -1, -1, 255, -1, -1, -1, -1, 309, -1, -1, 104, -1, 86, -1, 106, -1], "K": [[3.125, 0.0, 0.0, 0.0], [0.0, 3.125, 0.0, 0.0], [0.0, 0.0, -1.0010005235671997, -0.010005001910030842], [0.0, 0.0, -1.0, 0.0]], "RT": [[-0.870391845703125, 0.4923597574234009, 1.4901161193847656e-07, -3.5818416677102505e-08], [0.3164828419685364, 0.5594770312309265, 0.7660443782806396, -0.7193920612335205], [0.37716934084892273, 0.6667588353157043, -0.6427876353263855, -0.7017656564712524], [-0.0, -0.0, -0.0, 1.0]]}