{"line": [[14, 15], [8, 9], [10, 11], [8, 15], [9, 13], [11, 12], [6, 7], [0, 1], [2, 3], [4, 5], [15, 16], [11, 9], [19, 18], [17, 18]], "linedir": [2, 2, 2, 3, 1, 1, 3, 3, 3, 3, 1, 3, 1, 3], "lineidx": [308, 285, 292, 312, 297, 296, 280, 255, 259, 278, 310, 295, 372, 371], "junction": [[0.8471600874534695, 0.999999], [0.8573538141245945, 0.5822302146414191], [0.5637441579526209, 0.999999], [0.5706729625092251, 0.5732767788754576], [0.49481314469574966, 0.999999], [0.5014325813464872, 0.5355379959150681], [0.6202229653522695, 0.9999990000000001], [0.6273019115670322, 0.6037293788562522], [0.5166895859585214, -0.4925903404926217], [0.6465603195032216, -0.5115748243174212], [0.4696239485229045, 0.5182010161030345], [0.6266559426947343, 0.6037897469327984], [0.9999990000000001, 0.5688995173444326], [0.999999, -0.502587592615458], [0.4858199593204067, -0.6957847937356839], [0.5197280176258133, -0.7055372384118713], [0.999999, -0.683675457757414], [0.463196191883437, 0.9999989999999999], [0.4870374420978612, -0.7870422542321118], [-0.9999989999999999, -0.8672225229653004]], "juncdpth": [-0.7642761549136833, -0.7551890478265683, -0.8209116198977595, -0.810944478334208, -0.8147367707099231, -0.8039812992925317, -0.7913465718440843, -0.7824163405003379, -0.7155811291768097, -0.6585429731420848, -0.7529240338763831, -0.6794603333259812, -0.7076052248118676, -0.6843670965441445, -0.7278231950783398, -0.7113976525105583, -0.7493052417520065, -0.6357406064975143, -0.6046197948151746, -0.5229811544752879], "junctype": [0, 1, 0, 1, 0, 1, 0, 1, 0, 0, 1, 0, 0, 0, 1, 0, 0, 0, 0, 0], "junindex": [-1, -1, -1, -1, -1, -1, -1, -1, 232, 230, -1, 231, -1, -1, -1, 234, -1, -1, 254, -1], "K": [[3.125, 0.0, 0.0, 0.0], [0.0, 3.125, 0.0, 0.0], [0.0, 0.0, -1.0010005235671997, -0.010005001910030842], [0.0, 0.0, -1.0, 0.0]], "RT": [[-0.9542666673660278, 0.29895681142807007, 1.341104507446289e-07, -2.514570951461792e-08], [0.026055939495563507, 0.08316980302333832, 0.9961947202682495, -0.18677525222301483], [0.29781919717788696, 0.9506354331970215, -0.0871557667851448, -0.9874792098999023], [-0.0, -0.0, -0.0, 1.0]]}