{"line": [[10, 11], [10, 15], [12, 14], [0, 1], [4, 5], [2, 3], [16, 17], [20, 21], [18, 19], [23, 18], [12, 13], [7, 8], [6, 9], [6, 7], [18, 22]], "linedir": [1, 3, 3, 3, 3, 3, 3, 3, 2, 1, 1, 1, 1, 3, 3], "lineidx": [303, 315, 312, 255, 280, 278, 335, 369, 368, 372, 310, 296, 297, 295, 371], "junction": [[0.29315109916709187, 0.9999990000000001], [0.2960193420147158, 0.6602974405444565], [0.07285610425871643, 0.9999989999999997], [0.07359259080818387, 0.6490085513553666], [0.13745564753654144, 0.999999], [0.13883208706982111, 0.6523196703644547], [-0.15746069231170928, -0.5210402929124466], [-0.1524265784874765, 0.6375373351327296], [0.9999989999999999, 0.6960267235882479], [0.9999990000000001, -0.5370147240752811], [-0.12963979678607415, -0.683089007877939], [-0.09831130772058125, -0.6838032035378515], [-0.09840955616766543, -0.7201803512784606], [0.9999990000000001, -0.747440555065982], [-0.09787393406025668, -0.5218626667490708], [-0.12906405869193163, -0.5214322029478702], [-0.07203444582583107, 0.6416175002763963], [-0.0712984272131953, 0.9999989999999999], [-0.47634056783676754, -0.7874828600546228], [-0.12938880947611073, -0.6126163276445639], [-0.07796918625198346, 0.6413162926803072], [-0.07717187021394974, 0.9999989999999999], [-0.4530170131495703, 0.999999], [-0.999999, -0.772208372872788]], "juncdpth": [-0.6961258855153402, -0.6893807501701832, -0.7779363088474861, -0.7701504748235322, -0.7438824240817767, -0.7365069545200095, -0.6333711032111671, -0.6542884633950635, -0.6148126128043968, -0.5949903524135581, -0.7503774899692719, -0.7490716627938644, -0.6880814698370898, -0.6485126483830818, -0.6918468071818398, -0.7537246911369266, -1.0315807010480058, -1.042229062065565, -0.6041013863353626, -0.9155185903119641, -1.0215002701193687, -1.032053439301927, -0.6352031810946644, -0.6226001397093489], "junctype": [0, 1, 0, 1, 0, 1, 0, 0, 0, 0, 0, 1, 0, 0, 1, 1, 1, 0, 0, 1, 1, 0, 0, 0], "junindex": [-1, -1, -1, -1, -1, -1, 230, 231, -1, -1, 241, -1, 234, -1, -1, -1, -1, -1, 254, -1, -1, -1, -1, -1], "K": [[3.125, 0.0, 0.0, 0.0], [0.0, 3.125, 0.0, 0.0], [0.0, 0.0, -1.0010005235671997, -0.010005001910030842], [0.0, 0.0, -1.0, 0.0]], "RT": [[-0.9853128790855408, -0.17075879871845245, 1.341104507446289e-07, 7.946398739022698e-08], [-0.014882480725646019, 0.08587571978569031, 0.9961947202682495, -0.18677523732185364], [-0.17010901868343353, 0.9815635085105896, -0.0871557667851448, -0.9874791502952576], [0.0, 0.0, -0.0, 1.0]]}