{"line": [[33, 34], [27, 28], [21, 18], [41, 43], [41, 42], [39, 40], [12, 13], [7, 4], [2, 8], [37, 33], [31, 27], [37, 38], [35, 36], [31, 32], [29, 30], [37, 35], [31, 29], [41, 39], [14, 10], [18, 19], [0, 6], [4, 5], [16, 12], [14, 17], [26, 24], [10, 11], [6, 9], [24, 23], [2, 3], [0, 1], [10, 15], [20, 18], [22, 23], [25, 24]], "linedir": [3, 3, 1, 2, 3, 3, 1, 1, 1, 2, 2, 3, 3, 3, 3, 1, 1, 1, 0, 2, 1, 3, 3, 3, 1, 3, 3, 2, 3, 3, 1, 3, 3, 3], "lineidx": [408, 396, 337, 442, 440, 437, 268, 232, 233, 418, 406, 416, 413, 404, 401, 415, 403, 439, 272, 334, 224, 221, 278, 280, 373, 255, 237, 370, 219, 214, 273, 335, 369, 371], "junction": [[0.4606090798421646, 0.6537174330751887], [0.5922880290323803, -0.22408205535261147], [0.41368163118202933, 0.5974642353059983], [0.523829619626869, -0.23507812204970316], [0.8766308673100454, 0.6985085285751017], [0.9999990000000001, 0.27269888939580345], [0.812395944481001, 0.731592940514984], [0.8244678796418685, 0.6871233104021114], [0.46729235764166765, 0.6091653017777995], [0.9999990000000001, 0.04051579540090315], [0.11826076435529935, -0.30022223248926383], [0.13882398101813276, -0.9999989999999999], [-0.028550060971968876, -0.470990725260148], [0.0114587865382364, -0.46497587384221883], [0.01129235229620807, -0.4041252065472181], [0.999999, -0.15859386962308714], [-0.03215025400056122, -0.9999989999999999], [0.012922142199366708, -0.9999990000000002], [-0.05415931052894177, -0.0345334419278179], [0.0855107379860713, -0.33203372781518714], [-0.06807068909664685, -0.999999], [-0.061298767252691254, -0.03582685784093701], [-0.07701746452344169, -0.9999989999999999], [-0.06103878897290354, -0.019880001010493174], [-0.4073392165772051, 0.7177475527174908], [-0.6400718911152623, -0.9999990000000001], [-0.999999, 0.5756508368923439], [0.8528416342817959, -0.17958311373637334], [0.8534004653770906, -0.18214111938258326], [0.9249656269868702, -0.09814340920879125], [0.9418538969146064, -0.16793337133205885], [0.8442597144336098, -0.11149012352579535], [0.8595914376526009, -0.18114670036740993], [0.7365199578638666, -0.19828747937371669], [0.7369988643806288, -0.20083801548812288], [0.8042257459633858, -0.11811072817846455], [0.818791241497176, -0.18770019294889775], [0.7247883654361098, -0.13124765941989025], [0.7378450425635285, -0.20070209892480234], [0.6431818403407097, 0.7042771845116552], [0.6452448843809845, 0.6945904968968789], [0.5125970146186798, 0.6752809946120036], [0.5142268151355869, 0.6655868596043307], [0.514490834538655, 0.6656453059167279]], "juncdpth": [-1.0833882894120839, -0.8425264425352128, -1.1023170716813977, -0.8705276602952337, -1.0687749406270068, -0.9369219604910525, -1.0582316776381946, -1.072451914682795, -1.098325389889928, -0.8597038534990424, -0.8081618831458189, -0.6884528398685389, -0.8723162592990079, -0.8698840166934914, -0.8460194696428337, -0.7617016853615772, -0.7746362827709955, -0.7393098148710061, -1.3084830297209271, -1.4784603700139383, -1.041075300071362, -1.3091373913969933, -1.031177312583578, -1.3011150356561487, -1.013762564461404, -0.645154856612045, -1.0588094019780905, -0.8150100371529403, -0.8144763448031214, -0.7887132639426992, -0.7745709306557281, -0.7929060220210244, -0.7787636930533914, -0.8212991867658328, -0.8207655008950341, -0.7950024135555918, -0.7808600867476406, -0.799195171633917, -0.7850528491453039, -1.1920090279402866, -1.1881978088737366, -1.2024909356315043, -1.198679732528761, -1.2060150904645464], "junctype": [0, 1, 0, 1, 0, 0, 0, 1, 1, 0, 0, 0, 0, 1, 0, 0, 0, 0, 0, 1, 0, 1, 0, 0, 0, 0, 0, 0, 1, 0, 1, 0, 1, 0, 1, 0, 1, 0, 1, 0, 1, 0, 1, 1], "junindex": [120, -1, 124, -1, 7, -1, 21, -1, -1, -1, 188, -1, 218, -1, 206, -1, -1, -1, 251, -1, -1, -1, -1, 253, 255, -1, -1, 80, -1, 65, -1, 82, -1, 100, -1, 90, -1, 102, -1, 86, -1, 106, -1, -1], "K": [[3.125, 0.0, 0.0, 0.0], [0.0, 3.125, 0.0, 0.0], [0.0, 0.0, -1.0010005235671997, -0.010005001910030842], [0.0, 0.0, -1.0, 0.0]], "RT": [[-0.9618256688117981, -0.2736629843711853, 1.341104507446289e-07, 1.2849433517203579e-08], [-0.17590707540512085, 0.6182496547698975, 0.7660444378852844, -0.7193920612335205], [-0.2096381038427353, 0.7368012070655823, -0.6427876353263855, -0.7017656564712524], [0.0, 0.0, -0.0, 1.0]]}