{"line": [[10, 12], [16, 13], [0, 1], [4, 5], [2, 3], [13, 14], [6, 7], [10, 11], [7, 8], [6, 9], [13, 15]], "linedir": [3, 1, 3, 3, 3, 2, 3, 1, 1, 1, 3], "lineidx": [312, 372, 255, 280, 278, 368, 295, 310, 296, 297, 371], "junction": [[0.05922889915369695, 0.9999989999999999], [0.059786158401429326, 0.6733176037454764], [-0.08519240627497204, 0.6584279688132813], [-0.08436238003018548, 0.9999990000000001], [-0.05020281462465786, 0.6620214810491254], [-0.049718763017381054, 0.9999990000000001], [-0.42909910847981086, -0.5173798137140796], [-0.4155772027748778, 0.6244966837435793], [0.999999, 0.7698796438043772], [0.999999, -0.5573227506040146], [-0.3093889488741747, -0.7155821092658523], [0.9999989999999999, -0.7810124188259296], [-0.307734656495614, -0.5207719199785285], [-0.7602197379300514, -0.7715910217617066], [-0.30882371642075274, -0.6490200899580756], [-0.7233113284269131, 0.9999989999999999], [-0.9999989999999997, -0.75736685394946]], "juncdpth": [-0.6897020269182407, -0.6832728913361739, -0.7705903794026876, -0.7781715954477931, -0.7350132463879175, -0.7421683664308358, -0.6428736205510093, -0.6637909789467684, -0.5712905510069501, -0.5524323212877145, -0.6952367285148536, -0.6056218356222615, -0.6989740462202353, -0.6233716315258081, -0.8267891501342906, -0.6551802092642781, -0.6416930501012534], "junctype": [0, 1, 1, 0, 1, 0, 0, 0, 0, 0, 0, 0, 1, 0, 1, 0, 0], "junindex": [-1, -1, -1, -1, -1, -1, 230, 231, -1, -1, 234, -1, -1, 254, -1, -1, -1], "K": [[3.125, 0.0, 0.0, 0.0], [0.0, 3.125, 0.0, 0.0], [0.0, 0.0, -1.0010005235671997, -0.010005001910030842], [0.0, 0.0, -1.0, 0.0]], "RT": [[-0.946042537689209, -0.32404232025146484, 1.3224779138454323e-07, 6.485235104491949e-08], [-0.02824202924966812, 0.08245310187339783, 0.99619460105896, -0.18677522242069244], [-0.32280924916267395, 0.9424425363540649, -0.08715575933456421, -0.9874790906906128], [0.0, 0.0, -0.0, 1.0]]}