{"line": [[0, 1], [26, 27], [28, 27], [14, 15], [36, 33], [6, 13], [12, 4], [4, 8], [50, 51], [47, 49], [45, 46], [42, 44], [47, 48], [42, 43], [50, 47], [45, 42], [21, 17], [29, 20], [35, 33], [33, 34], [37, 38], [25, 21], [8, 10], [17, 23], [27, 31], [41, 39], [2, 12], [23, 24], [32, 29], [19, 20], [6, 7], [2, 3], [21, 22], [39, 38], [20, 25], [17, 18], [15, 16], [4, 5], [12, 0], [10, 11], [8, 9], [25, 30], [40, 39]], "linedir": [1, 0, 2, 2, 1, 1, 2, 1, 3, 3, 3, 3, 2, 2, 1, 1, 1, 0, 3, 2, 3, 2, 2, 2, 3, 1, 1, 3, 3, 3, 3, 3, 3, 2, 1, 3, 3, 3, 3, 3, 3, 3, 3], "lineidx": [200, 269, 271, 236, 337, 233, 225, 232, 416, 413, 404, 401, 412, 400, 415, 403, 267, 272, 335, 334, 369, 261, 230, 265, 279, 373, 224, 260, 280, 255, 219, 214, 258, 370, 273, 253, 238, 216, 237, 222, 221, 275, 371], "junction": [[0.6433282642035056, -0.09428865042942138], [0.6433282642035059, -0.09428865042942129], [0.15775117981007256, 0.7344945724394925], [0.2028429752565475, -0.1200982419704437], [0.5031972066762672, 0.8622020834832129], [0.678839673692815, -0.13679815503771622], [0.13905083766167736, 0.6682959114015297], [0.17542413602274518, -0.13108696438000025], [0.5587513084325295, 0.8917843896881069], [0.7560255652651837, -0.10824743320850731], [0.6763437134569281, 0.7036441044593086], [0.898157417968068, -0.2869881204695153], [0.4747729470295053, 0.9061837439424381], [0.16063757949462298, 0.6797906866104189], [0.7138109609185436, 0.5363133130789458], [0.7189336255316048, 0.528386869702091], [0.9384959381494695, -0.44762427499560603], [0.7560255399314009, -0.108247401349514], [0.931939577817475, -0.9999990000000001], [-0.33269619995735483, -0.999999], [-0.2844847497106257, -0.3154058932711289], [0.6788396544087022, -0.13679816217083504], [0.830606111580498, -0.999999], [0.898157417968068, -0.2869881204695153], [0.999999, -0.741818236674068], [0.5489978419947239, 0.018631180849669752], [0.9350859705282141, -0.4519130707411123], [0.9384959381494695, -0.44762427499560603], [0.9325253143145548, -0.44047703901437274], [-0.3096312175832344, -0.43004831139132954], [0.6999114291831183, -0.9999990000000001], [0.999999, -0.7210212577629723], [-0.3521115016523024, -0.9999990000000001], [-0.042634427361730905, -0.04432037671658195], [0.08908488425485797, -0.16568937999052286], [-0.044613721505127026, -0.21927213207982352], [-0.05649878649297723, -0.050279426995884335], [-0.05911537767321882, -0.22508400007143206], [-0.05622217907747441, -0.03180033039813571], [-0.71315070485695, 0.5735077251750373], [-0.999999, -0.6937959679001218], [-0.9999990000000001, 0.4014311703570585], [0.4326511150098806, 0.04107838329235919], [0.47728711790713046, -0.01010852012991802], [0.44040045344992135, -0.024891688479182893], [0.3592385465342604, 0.010873187985841597], [0.3655986998406217, -0.05487018972613939], [0.3231529793938291, -0.003974019050446382], [0.36911774009730597, -0.05345985443809093], [0.3288414234554033, -0.06960150286760025], [0.2521895173447619, -0.033171543062026916], [0.25657842464076247, -0.0985625404842932]], "juncdpth": [-0.7423253858086181, -0.7423253858086182, -1.0573170272779588, -0.822275812395058, -1.0185648563859147, -0.7550219643013077, -1.0785883690518436, -0.8549478423994152, -1.009990082549571, -0.7464471829807824, -1.0671246237088248, -0.8035817146803588, -1.005868294837084, -1.0748335760302796, -1.1236586786568648, -1.1264856612477505, -0.8629427522192845, -0.7464471735211049, -0.6055468405074322, -0.6955989226691127, -0.813481391121291, -0.7550219473574487, -0.6170659852282463, -0.8035817146803588, -0.7217435522977238, -0.7105839866663803, -0.8646480606441265, -0.8629427522192845, -0.8601157696283989, -0.8560240935884156, -0.5573690758202169, -0.8098690469233835, -0.7527497751964636, -1.313450716889864, -1.3783448232776372, -1.255180044707075, -1.3164939535001563, -1.2431314490524268, -1.3071024503049649, -1.0595194480745422, -0.7555979729403587, -1.1198175855224703, -0.7474834351354591, -0.7621312972706107, -0.7343306109397487, -0.7560582089718029, -0.7429053893845442, -0.7603456214448165, -0.7749934758815339, -0.7471928041617977, -0.7689203952811603, -0.7557675826065932], "junctype": [0, 1, 0, 1, 0, 1, 0, 1, 0, 1, 0, 0, 0, 1, 1, 0, 0, 0, 0, 0, 0, 0, 0, 0, 0, 0, 1, 0, 1, 0, 0, 0, 0, 0, 1, 1, 1, 1, 0, 0, 0, 0, 0, 1, 1, 0, 1, 0, 1, 1, 0, 1], "junindex": [20, -1, 120, -1, 19, -1, 124, -1, 7, -1, 3, 2, 21, -1, -1, 27, 26, 6, -1, -1, 188, 18, -1, 2, -1, 23, -1, 26, -1, 206, -1, -1, -1, 251, -1, -1, -1, -1, 253, 255, -1, -1, 65, -1, -1, 82, -1, 90, -1, -1, 102, -1], "K": [[3.125, 0.0, 0.0, 0.0], [0.0, 3.125, 0.0, 0.0], [0.0, 0.0, -1.0010005235671997, -0.010005001910030842], [0.0, 0.0, -1.0, 0.0]], "RT": [[-0.8287094235420227, -0.5596790909767151, 1.1920928955078125e-07, -8.147822683213235e-08], [-0.3597547113895416, 0.5326842069625854, 0.7660444378852844, -0.7193920612335205], [-0.42873910069465637, 0.6348282098770142, -0.6427876353263855, -0.7017656564712524], [0.0, 0.0, -0.0, 1.0]]}