{"line": [[0, 1], [15, 16], [22, 19], [11, 12], [17, 18], [9, 10], [4, 1], [12, 15], [2, 3], [7, 8], [5, 6], [19, 20], [13, 14], [9, 11], [17, 15], [14, 9], [13, 11], [19, 21]], "linedir": [1, 2, 1, 2, 3, 2, 3, 3, 3, 3, 3, 2, 3, 3, 1, 1, 1, 3], "lineidx": [251, 309, 372, 290, 312, 289, 275, 316, 255, 280, 278, 368, 295, 293, 310, 296, 297, 371], "junction": [[0.9425544251570454, 0.7690135822459393], [0.9425561620625654, 0.7690138467005425], [-0.17999542954819622, 0.6791267798529907], [-0.17834710070671303, 0.999999], [0.9363268043881053, 0.9999990000000001], [-0.23969262966897542, 0.6691924274259337], [-0.23743030464340734, 0.999999], [-0.2364390550847014, 0.6697338624765308], [-0.23421105822565894, 0.9999989999999999], [0.8821989042352874, 0.855889054071532], [0.9999989999999997, 0.6863281134257503], [0.918605566366319, -0.5828487774905159], [0.9891683259967475, -0.5536630587102473], [-0.673220702268857, -0.5106485086366163], [-0.6525733946125486, 0.6004839616854325], [0.9966182290010184, -0.8268505595126366], [0.9999989999999999, -0.8240584867252385], [-0.5031578172262487, -0.7065624621234312], [-0.5005597354372034, -0.5184798709350334], [-0.9944995661659646, -0.7498912164720853], [-0.5025395943426563, -0.6618075347118653], [-0.9467800446775715, 0.999999], [-0.9999989999999999, -0.7493574596784464]], "juncdpth": [-0.5717661039241053, -0.5717659588704065, -0.68553127825419, -0.6918669602338646, -0.5755699223357702, -0.7773736621202573, -0.7847805910656283, -0.7406836738669732, -0.7477294593009494, -0.5277798565201408, -0.6210255843670008, -0.5068624963362444, -0.5596460162629965, -0.6611134754942992, -0.6820308356781957, -0.5554625400500138, -0.5582789835629132, -0.709713521050833, -0.7133971404171447, -0.6517605753092055, -0.7995687780520754, -0.6846103855610959, -0.6524914864550362], "junctype": [1, 0, 1, 0, 0, 1, 0, 1, 0, 0, 0, 0, 0, 0, 0, 0, 0, 0, 1, 0, 1, 0, 0], "junindex": [-1, 22, -1, -1, -1, -1, -1, -1, -1, 37, -1, 36, 35, 230, 231, 34, -1, 234, -1, 254, -1, -1, -1], "K": [[3.125, 0.0, 0.0, 0.0], [0.0, 3.125, 0.0, 0.0], [0.0, 0.0, -1.0010005235671997, -0.010005001910030842], [0.0, 0.0, -1.0, 0.0]], "RT": [[-0.883085310459137, -0.4692125618457794, 1.341104507446289e-07, 3.6118841251209233e-09], [-0.040894459933042526, 0.07696603238582611, 0.9961947202682495, -0.18677522242069244], [-0.4674270749092102, 0.8797248601913452, -0.0871557667851448, -0.9874790906906128], [0.0, 0.0, -0.0, 1.0]]}