{"line": [[0, 1], [14, 15], [37, 34], [51, 52], [48, 49], [48, 50], [46, 47], [43, 44], [43, 45], [51, 48], [46, 43], [20, 16], [27, 28], [40, 39], [25, 19], [12, 13], [2, 3], [8, 9], [24, 20], [6, 7], [16, 22], [36, 34], [4, 5], [34, 35], [22, 23], [38, 39], [29, 27], [10, 11], [31, 32], [27, 33], [26, 25], [29, 30], [18, 19], [19, 24], [16, 17], [20, 21], [24, 15], [41, 42], [32, 29]], "linedir": [1, 1, 1, 3, 2, 3, 3, 2, 3, 1, 1, 1, 1, 2, 0, 3, 3, 3, 2, 3, 2, 3, 3, 2, 3, 3, 2, 3, 3, 3, 3, 3, 3, 1, 3, 3, 3, 3, 1], "lineidx": [200, 251, 337, 416, 412, 413, 404, 400, 401, 415, 403, 267, 281, 370, 272, 237, 214, 221, 261, 219, 265, 335, 216, 334, 260, 369, 289, 222, 295, 317, 280, 293, 255, 273, 253, 258, 275, 371, 296], "junction": [[0.7532587192520602, 0.8293004404841287], [0.7532587192520603, 0.8293004404841287], [0.2729589130829669, 0.9999990000000001], [0.28110898459557476, 0.81003908462952], [0.7549900654150469, 0.999999], [0.780700813373196, 0.7833432143834589], [0.2369936460070449, 0.999999], [0.24456044096714838, 0.7968693492385759], [0.8391801665452475, 0.9999990000000001], [0.8641457643753501, 0.8107282383667049], [0.9139540391913283, 0.999999], [0.9683373728182544, 0.6214359400295073], [0.7335763090856794, 0.9999990000000001], [0.7532587192520604, 0.8293004404841279], [0.8027636273463423, -0.21331678541088667], [0.8027656239520786, -0.2133164408774585], [0.8641457454481246, 0.8107282727531403], [0.999999, -0.21921094800326354], [-0.2535291610495486, -0.3133887397364356], [-0.22241388587629835, 0.6286019517352387], [0.7807007979409041, 0.7833432093188707], [0.9104701849645693, -0.31017953589462544], [0.9683373728182544, 0.6214359400295073], [0.9999989999999999, 0.4010389604734012], [0.6791219398608948, 0.9534572562618122], [-0.25950749185695776, 0.5122876750391553], [-0.2910559447917628, -0.32043616881300735], [0.9104698939196222, -0.3101813014283702], [0.9999990000000001, -0.2963080294863617], [0.712345405422911, -0.13200009340749486], [0.794852888967255, -0.9999989999999999], [-0.7721097737293068, -0.9999989999999999], [-0.7167437307247259, -0.40037919032888214], [0.992331162940554, -0.999999], [-0.046731863840888975, 0.9087380361684254], [0.10476885170542083, 0.7464974860208958], [-0.048306200105955606, 0.6913391205383668], [-0.06005760811945911, 0.9034204518964818], [-0.06207588726371816, 0.6863774143175265], [-0.059877255785180716, 0.9228153005117405], [-0.13195162739172137, 0.9999990000000001], [-0.999999, -0.31105176962892334], [-0.8291355293899891, 0.9999990000000001], [0.5497696120890095, 0.9823990082684552], [0.5893435262356248, 0.9211069124756389], [0.5560842598365935, 0.9091224202281424], [0.46891552552124643, 0.9522787869684765], [0.4742304225014732, 0.8796275820918702], [0.42927419960833485, 0.9375113761942446], [0.4712368916370651, 0.8785489068436938], [0.4341078962033983, 0.865170014098631], [0.3515136462104034, 0.9085435753547464], [0.3554205364378073, 0.8368161700368701]], "juncdpth": [-0.7243965357211675, -0.7243965357211675, -0.8215472173699004, -0.7977283725491605, -0.7653819707799613, -0.7401756909056829, -0.8560489249751256, -0.82956233573688, -0.7524295595744567, -0.7306914778474274, -0.8494013585890261, -0.8016976096215043, -0.7438326708488783, -0.7243965357211672, -0.5794514802357802, -0.5794513008911863, -0.7306914660910504, -0.6314244810120979, -0.7007290769072912, -0.7987593078007016, -0.7401756748091426, -0.6346782935772879, -0.8016976096215043, -0.7763145092094369, -0.6849486938794183, -0.8492860410581764, -0.75722966498075, -0.6346784006261617, -0.6261313332809283, -0.5400034954483663, -0.4839498739853316, -0.6465494306862836, -0.6964931336199418, -0.5823212529784195, -1.2606117345266958, -1.3592726872803795, -1.2195282380842059, -1.2636178777388458, -1.2083533907386779, -1.252722182617274, -1.211161712560296, -0.7028664298784668, -0.8477089257459621, -0.7175329893123479, -0.737100205889336, -0.709384986985256, -0.7270171980304401, -0.718869198460042, -0.7317593306546577, -0.7513265373014325, -0.7236113324626149, -0.7412435393727499, -0.733095543937401], "junctype": [1, 0, 0, 1, 0, 1, 0, 1, 0, 1, 0, 0, 0, 1, 1, 0, 0, 0, 1, 0, 0, 0, 0, 0, 0, 0, 1, 0, 0, 0, 0, 0, 0, 0, 0, 1, 1, 1, 1, 0, 0, 0, 0, 0, 1, 1, 0, 1, 0, 1, 1, 0, 1], "junindex": [-1, 20, -1, -1, -1, -1, -1, -1, -1, -1, -1, 2, -1, -1, -1, 22, 6, -1, -1, 188, 18, 16, 2, -1, 23, 206, -1, 33, -1, 37, -1, -1, 231, -1, 251, -1, -1, -1, -1, 253, -1, -1, -1, 65, -1, -1, 82, -1, 90, -1, -1, 102, -1], "K": [[3.125, 0.0, 0.0, 0.0], [0.0, 3.125, 0.0, 0.0], [0.0, 0.0, -1.0010005235671997, -0.010005001910030842], [0.0, 0.0, -1.0, 0.0]], "RT": [[-0.8570917248725891, -0.5151638388633728, 1.1920928955078125e-07, 4.504664730120567e-08], [-0.20129045844078064, 0.33489251136779785, 0.9205048084259033, -0.48278164863586426], [-0.4742108881473541, 0.7889571189880371, -0.39073115587234497, -0.8814317584037781], [0.0, 0.0, -0.0, 1.0]]}