{"line": [[11, 12], [2, 3], [0, 1], [7, 4], [6, 0], [0, 2], [4, 5], [22, 23], [34, 32], [38, 39], [19, 12], [4, 8], [41, 42], [35, 36], [37, 34], [13, 9], [28, 29], [16, 17], [26, 27], [29, 40], [32, 33], [23, 24], [9, 10], [27, 37], [14, 15], [18, 10], [20, 21], [25, 22], [31, 26], [30, 25], [38, 37], [24, 33], [26, 25], [22, 34], [23, 32]], "linedir": [1, 3, 3, 1, 1, 2, 2, 1, 1, 3, 3, 3, 2, 2, 2, 3, 2, 3, 2, 3, 2, 2, 2, 3, 3, 3, 3, 2, 1, 1, 1, 3, 3, 3, 3], "lineidx": [251, 15, 8, 63, 45, 24, 41, 281, 305, 312, 275, 64, 368, 307, 309, 253, 294, 258, 290, 313, 304, 283, 242, 316, 255, 260, 279, 289, 297, 296, 310, 320, 293, 317, 319], "junction": [[0.9240786391320699, 0.7408539884085643], [0.9242172197325492, 0.7356084343543585], [0.9810960359134091, 0.7161360636913158], [0.9812395817823337, 0.7110147226231596], [0.9187177036471014, 0.7379803724573175], [0.9999990000000001, 0.7029237964092037], [0.8770535638420228, 0.7287460543993168], [0.8770903605075838, 0.727278038913896], [0.923499430761194, 0.5559112693149755], [0.4914645190891488, 0.7646860588391803], [0.7621593673933522, 0.6633213702194518], [0.150225478239294, 0.8299438056874774], [0.15022834922286757, 0.8299448064297046], [0.4881559881270874, 0.9999989999999999], [-0.6133467187868167, 0.6852946535391925], [-0.6078370270073677, 0.9999989999999999], [0.40285152732781593, 0.9999989999999999], [0.4058758903453264, 0.739348374582943], [0.7548395521660903, 0.9999990000000002], [0.1494961364150105, 0.999999], [0.8702544503307537, 0.999999], [0.8810082932037399, 0.5709707816904186], [0.40587593551561624, 0.7393464164393702], [0.491464923333024, 0.7646843164614214], [0.7621594186093378, 0.6633198362969546], [-0.06229169018311776, 0.9052556233724363], [-0.06497979551617439, -0.5969596981362055], [0.19704798157867837, -0.5714897369163098], [0.7632600308515325, 0.6126967671595043], [0.9920877949946272, 0.5316049850207684], [-0.999999, 0.5309572346803364], [-0.999999, -0.4944107416414477], [0.5139329730400475, -0.8333154611441155], [0.7934607625606345, -0.7763971123188144], [0.4239580425900472, -0.8190401518896459], [0.7928468547617347, -0.7481601949411204], [0.9999989999999999, -0.7083570745282919], [0.19862716842808753, -0.8623362163549524], [-0.8049217905116548, -0.6784305859132465], [-0.8013340483831024, -0.5161994743035123], [0.9999990000000001, 0.2510095355318524], [-0.9999989999999999, -0.6703377717443272], [-0.8043399880897572, -0.6521225486408546]], "juncdpth": [-1.105443627423869, -1.1052778721928902, -1.1330567712236825, -1.1328910151546892, -1.0576553033958516, -1.0956321266819666, -1.1187995801156585, -1.0689669938123425, -1.0521789108753985, -0.5741496709052589, -0.6362795051302579, -0.5401914297478813, -0.5401909397908702, -0.5780410604805908, -0.7150514039238797, -0.7215328808664785, -0.592932386885895, -0.5885141453310629, -0.6424496615121672, -0.5428368104946885, -0.7145930991768209, -0.7058705208434131, -0.5885143601080445, -0.5741498240654188, -0.6362796488349467, -0.5056745185894567, -0.4847571584055602, -0.5261770753202052, -0.6726303928930494, -0.7403873575060367, -0.7409838321922037, -0.7096861870807792, -0.5490489876482472, -0.61117881237719, -0.5634135262883171, -0.6475295583864453, -0.7067856350450604, -0.5219935991072225, -0.7590077242254314, -0.7624059379623142, -0.7345299663350262, -0.7823857762753681, -0.8200160360026437], "junctype": [0, 1, 0, 1, 0, 0, 1, 1, 1, 0, 0, 1, 0, 0, 1, 0, 0, 0, 0, 0, 0, 0, 0, 0, 0, 0, 0, 0, 1, 0, 0, 0, 0, 0, 0, 1, 0, 0, 0, 1, 0, 0, 1], "junindex": [174, -1, 172, -1, 166, -1, -1, -1, -1, 4, 0, -1, 22, -1, -1, -1, -1, 16, -1, -1, -1, 24, 33, 9, 11, 37, 36, 35, -1, 38, -1, -1, 8, 10, 32, -1, -1, 34, 234, -1, -1, -1, -1], "K": [[3.125, 0.0, 0.0, 0.0], [0.0, 3.125, 0.0, 0.0], [0.0, 0.0, -1.0010005235671997, -0.010005001910030842], [0.0, 0.0, -1.0, 0.0]], "RT": [[-0.692968487739563, -0.7209678888320923, 1.341104507446289e-07, -8.545486451794204e-08], [-0.0628364160656929, 0.06039629504084587, 0.9961947202682495, -0.18677523732185364], [-0.7182244062423706, 0.6903315782546997, -0.0871557667851448, -0.9874792098999023], [0.0, 0.0, -0.0, 1.0]]}