{"line": [[0, 1], [46, 42], [41, 42], [45, 43], [44, 43], [36, 37], [31, 32], [40, 39], [38, 36], [35, 34], [33, 31], [4, 6], [10, 4], [39, 36], [34, 31], [18, 14], [11, 12], [30, 27], [43, 42], [23, 24], [6, 8], [22, 18], [14, 20], [3, 10], [29, 27], [16, 17], [24, 26], [17, 22], [2, 3], [27, 28], [20, 21], [18, 19], [14, 15], [12, 13], [4, 5], [10, 1], [6, 7], [8, 9], [25, 22]], "linedir": [1, 1, 3, 1, 3, 2, 2, 3, 3, 3, 3, 1, 2, 1, 1, 1, 2, 1, 2, 2, 2, 2, 2, 1, 3, 3, 3, 1, 3, 2, 3, 3, 3, 3, 3, 3, 3, 3, 3], "lineidx": [200, 466, 456, 460, 458, 412, 400, 416, 413, 404, 401, 232, 225, 415, 403, 267, 236, 373, 457, 271, 230, 261, 265, 224, 371, 255, 279, 273, 214, 370, 260, 258, 253, 238, 216, 237, 221, 222, 275], "junction": [[0.06634718566353753, -0.022225621781034835], [0.06634718566353758, -0.022225621781034825], [-0.21422995221716185, -0.0004580417443078847], [-0.17206701273158895, 0.7326012504396885], [0.09778038907209914, 0.9458470252242511], [0.13302539571866256, -0.05562895632224495], [0.13798375720380812, 0.9897977847823416], [0.1885573824518199, -0.012426952604633985], [0.34908983955556294, 0.8408195751513963], [0.46993393977779135, -0.15732989285429008], [0.04860105992447172, 0.9798635298586731], [0.3581804779608401, 0.7657326170676095], [0.48108848274833743, 0.6807192453288441], [0.6374251939623198, -0.30831533909432307], [0.18855733312599002, -0.012426927202881086], [0.23839157022813717, -0.9999990000000001], [-0.727492091059141, -0.9999990000000001], [-0.6347151921157299, -0.3975197879854592], [0.13302534882629072, -0.05562899280297493], [0.1662606266360542, -0.999999], [0.46993393977779135, -0.15732989285429008], [0.5719543217968817, -0.999999], [-0.10819687348165807, 0.06521469886893923], [0.47857933903792216, -0.2287392596030774], [0.6374251939623198, -0.30831533909432307], [-0.1396953943173738, -0.999999], [0.7467596403502678, -0.9999990000000001], [-0.9060201329371991, 0.3763978553037636], [-0.21197913515689915, 0.038675433795187335], [-0.9999990000000001, 0.029137137202270697], [-0.999999, 0.2517065799839865], [-0.15543957843074557, 0.07048602245886774], [-0.12144498114854962, 0.05357150225816476], [-0.15750751076992295, 0.021877683546767994], [-0.2039320084813101, 0.027114393375296707], [-0.20660079643539428, -0.021268310707226058], [-0.2275972327221612, 0.005948216986869277], [-0.2056789516981916, -0.004556102057657747], [-0.23055161230941, -0.04231766094058306], [-0.2738108336292751, -0.03538522732741892], [-0.2773084827973294, -0.08341027957591284], [-0.2342614789899804, 0.04951808882603183], [-0.23318764693095514, 0.06636256133769626], [-0.38744448638684637, 0.1419124230906813], [-0.389279044983565, 0.12495009922765847], [-0.3994973797680381, 0.12992237143958044], [-0.2455634146227488, 0.055017644445714206]], "juncdpth": [-0.7217504249422751, -0.7217504249422753, -0.8497047727417997, -1.057913769399434, -0.9946868070668042, -0.731143916845716, -0.9825834195711902, -0.7190405175414085, -1.0248540590015, -0.7613111499730341, -0.9852933339707413, -1.0475680514046852, -1.0745313604161781, -0.8109884513877121, -0.7190405105427242, -0.5687293553074785, -0.7359353418967193, -0.8435075597394808, -0.7311438980383382, -0.5849887561811362, -0.7613111499730341, -0.6255147239786651, -0.69826674570146, -0.7840251423762192, -0.8109884513877121, -0.5408223597445896, -0.692250031972324, -1.1291662557191424, -1.2724824609449392, -1.0230484610393282, -1.1781580573333443, -0.7393199482874131, -0.7439934793175033, -0.7296133851478944, -0.7514233357830271, -0.7417167782588849, -0.7574750656017741, -0.7605147449491896, -0.7477685108853369, -0.7695784530973881, -0.7598719039963274, -1.3683933034895184, -1.3746947523568074, -1.3371208564732133, -1.3308194076059243, -1.3429462620658645, -1.3805201579494586], "junctype": [1, 0, 1, 0, 0, 1, 0, 1, 0, 0, 0, 1, 0, 0, 0, 0, 0, 0, 0, 0, 0, 0, 0, 1, 0, 0, 0, 0, 1, 0, 0, 0, 1, 1, 0, 1, 0, 1, 1, 0, 1, 1, 0, 0, 1, 1, 1], "junindex": [-1, 20, -1, 120, 19, -1, 7, -1, 3, 2, 21, -1, 27, 26, 6, -1, -1, 188, 18, -1, 2, -1, 23, -1, 26, -1, -1, 255, -1, -1, -1, 65, -1, -1, 82, -1, 90, -1, -1, 102, -1, -1, 261, 263, -1, -1, -1], "K": [[3.125, 0.0, 0.0, 0.0], [0.0, 3.125, 0.0, 0.0], [0.0, 0.0, -1.0010005235671997, -0.010005001910030842], [0.0, 0.0, -1.0, 0.0]], "RT": [[-0.6131156086921692, -0.789993166923523, 1.4901161193847656e-07, 1.9126460415463953e-09], [-0.5077978372573853, 0.3941032290458679, 0.7660444378852844, -0.7193920612335205], [-0.605169951915741, 0.469673752784729, -0.6427876353263855, -0.7017656564712524], [0.0, 0.0, -0.0, 1.0]]}