{"line": [[0, 1], [54, 55], [46, 47], [39, 40], [27, 24], [50, 49], [48, 46], [45, 44], [43, 39], [51, 52], [49, 46], [44, 39], [7, 9], [53, 51], [23, 17], [12, 7], [41, 42], [38, 35], [28, 20], [13, 2], [37, 35], [14, 13], [29, 28], [34, 32], [9, 10], [26, 23], [5, 12], [17, 24], [18, 19], [35, 36], [19, 26], [20, 21], [4, 5], [32, 33], [28, 31], [24, 25], [22, 23], [2, 3], [16, 17], [13, 15], [10, 11], [6, 7], [8, 9], [0, 12], [30, 26]], "linedir": [1, 1, 2, 2, 1, 3, 3, 3, 3, 3, 1, 1, 1, 2, 1, 2, 2, 1, 0, 0, 3, 2, 2, 2, 2, 2, 1, 2, 3, 2, 1, 3, 3, 3, 3, 3, 3, 3, 3, 3, 3, 3, 3, 3, 3], "lineidx": [200, 460, 412, 400, 266, 416, 413, 404, 401, 444, 415, 403, 232, 445, 267, 225, 400, 373, 269, 234, 371, 236, 271, 334, 230, 261, 224, 265, 255, 370, 273, 256, 214, 333, 279, 260, 258, 213, 253, 238, 222, 216, 221, 237, 275], "junction": [[-0.23680031373188376, -0.03085903191159771], [-0.23680031373188365, -0.030859031911597546], [0.3703779277978813, 0.576093975493352], [0.4857374663294755, -0.4044403221789198], [-0.40279037855423555, 0.02505756901874882], [-0.3292994591012232, 0.6999868225904146], [-0.15950198238551258, -0.05695465103869309], [-0.11725770889255721, 0.9444920912818644], [-0.12063622696359168, -0.008965903291509664], [-0.08824830394191825, 0.9933019036610818], [0.15764672800446858, 0.8751934802669817], [0.21295070451088266, -0.1242805987989225], [-0.17361575793711354, 0.971094046213868], [0.3300888142201214, 0.7333368593292326], [0.16108194456962013, 0.8131109659572096], [0.43963183084186497, -0.25922084188135186], [-0.15266115639559985, -0.999999], [-0.12063628474480768, -0.008965883317635686], [-0.8718920359976932, -0.9999990000000001], [-0.7717979678533176, -0.4576533895251376], [0.485737471967412, -0.40444032397714424], [0.5558047543535131, -0.9999989999999999], [-0.19928270488754013, -0.9999990000000001], [-0.1595020433863879, -0.05695472635849987], [0.21295070451088266, -0.1242805987989225], [0.26140689852395954, -0.9999989999999997], [-0.4371060081162998, 0.036763648043166966], [0.20642701430394614, -0.130931815873723], [0.43963183084186497, -0.25922084188135186], [0.21624441911860212, -0.18380583698635214], [-0.5600023345411004, -0.9999989999999999], [0.5213873539604139, -0.999999], [0.7146828279380073, -0.30600036511796497], [0.8377498412140388, -0.9999990000000001], [0.4639971533311825, -0.21965176625800337], [-0.9564639339992209, 0.26962559200528646], [-0.39713822923227765, 0.07696603541620306], [-0.999999, 0.11238361030491852], [-0.999999, 0.1713158295964157], [-0.44453516761119943, 0.039149855661766673], [-0.43711988401930657, 0.03664658988232708], [-0.42806165425803694, 0.033588695156833624], [-0.32977253526244676, 0.00040806423100823145], [-0.44649638612577264, 0.022891898985501695], [-0.476158718622128, -0.00780114527616827], [-0.4782222286672726, -0.023974470604170923], [-0.491555819248759, -0.03066098431551607], [-0.48434395009470904, -0.03301766176821843], [-0.49366734605047513, -0.04679046291990485], [-0.5215559468175183, -0.07520171337950429], [-0.5237576685084747, -0.0912407930110395], [0.5191226455337018, -0.21299169391185743], [0.522665221607351, -0.23985996324178824], [0.46082573002473204, -0.19269526691694336], [-0.39825326165661673, 0.07735010797111116], [-0.3968762923496597, 0.07937162328997016]], "juncdpth": [-0.724154998600774, -0.724154998600774, -1.1096824046485136, -0.8461394949339692, -0.8733837957411329, -1.068299460146772, -0.7315217317490886, -0.9950646169936848, -0.7180881410981802, -0.9816310446380188, -1.014781245010961, -0.751238335982495, -0.98769790762924, -1.0576816775863214, -1.0331203182674382, -0.7941387685578554, -0.5674499751393284, -0.7180881356095528, -0.7674156533311106, -0.8669412786742559, -0.8461394956200476, -0.7394711329397142, -0.5854963142903676, -0.7315217079652188, -0.751238335982495, -0.6119831681417035, -0.7057382279339759, -0.7532440122570149, -0.7941387685578554, -0.7695774092389723, -0.5508593875070306, -0.669614594370722, -1.4618426704353666, -1.2470950529386622, -1.4093031634556565, -1.170857592909213, -1.2544307815059421, -1.119884219970908, -1.2120627691186192, -0.7480250967111317, -0.7487293547617957, -0.7495914511858335, -0.7590751525248578, -0.7447394305863311, -0.7614586690667977, -0.7581730104334241, -0.7681754952798343, -0.7688746929652803, -0.7648898403921967, -0.7816090676355003, -0.7783234202392895, -1.5340950832184639, -1.523697114121193, -1.521278971798442, -1.3690994810036003, -1.3680750143649925], "junctype": [0, 1, 0, 0, 1, 0, 1, 0, 1, 0, 0, 0, 0, 0, 1, 0, 0, 0, 0, 0, 0, 0, 0, 0, 0, 0, 0, 1, 0, 1, 0, 0, 0, 0, 1, 0, 1, 0, 0, 0, 1, 1, 0, 1, 0, 1, 0, 1, 1, 0, 1, 0, 1, 1, 1, 1], "junindex": [20, -1, 76, 78, -1, 120, -1, 19, -1, 7, 3, 2, 21, 27, -1, 26, -1, 6, -1, 188, 75, -1, -1, 18, 2, -1, 23, -1, 26, -1, -1, -1, 249, -1, -1, 255, -1, -1, -1, 65, -1, -1, 63, -1, 82, -1, 90, -1, -1, 102, -1, 257, -1, -1, -1, -1], "K": [[3.125, 0.0, 0.0, 0.0], [0.0, 3.125, 0.0, 0.0], [0.0, 0.0, -1.0010005235671997, -0.010005001910030842], [0.0, 0.0, -1.0, 0.0]], "RT": [[-0.48082801699638367, -0.8768149614334106, 1.6391277313232422e-07, -2.091725548325485e-08], [-0.5636057257652283, 0.3090704083442688, 0.7660443782806396, -0.7193920612335205], [-0.6716792583465576, 0.3683355450630188, -0.6427876353263855, -0.7017656564712524], [0.0, 0.0, -0.0, 1.0]]}