{"line": [[18, 19], [32, 33], [34, 35], [4, 5], [6, 16], [2, 3], [4, 11], [6, 7], [2, 9], [71, 72], [66, 67], [14, 2], [75, 74], [73, 71], [70, 68], [0, 10], [68, 69], [24, 25], [12, 13], [74, 71], [51, 52], [43, 37], [28, 29], [4, 6], [10, 12], [22, 23], [47, 40], [65, 63], [26, 27], [48, 47], [8, 0], [46, 43], [30, 31], [37, 44], [52, 53], [12, 17], [56, 57], [58, 54], [20, 21], [57, 59], [54, 51], [39, 49], [53, 62], [38, 39], [60, 51], [10, 15], [61, 52], [0, 1], [63, 64], [55, 54], [40, 41], [47, 32], [44, 45], [42, 43], [36, 37], [35, 50]], "linedir": [1, 0, 1, 3, 3, 3, 2, 2, 2, 2, 3, 1, 3, 3, 3, 2, 1, 3, 2, 1, 1, 1, 3, 1, 1, 3, 0, 2, 3, 2, 1, 2, 3, 2, 2, 3, 2, 1, 3, 3, 2, 1, 3, 3, 3, 3, 3, 3, 3, 3, 3, 3, 3, 3, 3, 3], "lineidx": [200, 247, 251, 11, 54, 8, 26, 12, 24, 412, 401, 45, 416, 413, 404, 25, 403, 221, 41, 415, 281, 267, 237, 13, 63, 216, 269, 334, 222, 271, 16, 261, 238, 265, 283, 64, 294, 296, 213, 313, 289, 273, 320, 255, 317, 46, 319, 7, 333, 293, 256, 279, 260, 258, 253, 275], "junction": [[0.8281722184658241, -0.21306713800864996], [0.9142058879167032, -0.999999], [0.9836419632149223, -0.18996444298763326], [0.985356638081661, -0.2031290358805256], [0.6727101345677937, -0.26261401472596974], [0.6735233136323687, -0.2718307914364689], [0.7424326910753609, -0.23588140364262541], [0.7584399815226452, -0.23956406670587177], [0.6028184034663615, -0.29869731752738937], [0.999999, -0.19409623929260625], [0.8711602737442532, -0.22334990660442136], [0.6885560331230245, -0.2661186428817937], [0.9496780138330911, -0.19421758428499444], [0.999999, -0.20678625928046532], [0.9630361351330593, -0.19755404284748154], [0.9603560855007847, -0.999999], [0.7433527307214103, -0.24529693612526488], [0.9999990000000001, -0.5946046093147027], [-0.14233072524959198, 0.9285860628648823], [-0.1423307252495918, 0.9285860628648825], [0.5006250290451314, 0.999999], [0.5387720340421013, 0.5152182873771892], [-0.0646912555088433, 0.8974617377663241], [-0.06366514652568109, 0.9999990000000001], [-0.01824198305786539, 0.9481656755392527], [-0.0180945539614874, 0.999999], [0.3014510840949613, 0.9999990000000001], [0.310344759824582, 0.812299746483162], [-0.1423307252495918, 0.9285860628648821], [-0.14075080533486142, 0.999999], [0.49182109079159575, 0.9999989999999997], [0.5177994526724584, 0.6639504283654883], [0.5982415838447238, -0.37662570201745876], [0.5982419091433825, -0.37662724520274454], [-0.411197201781104, -0.180335034031351], [-0.4111951488504183, -0.18033364242111488], [-0.021554304646088866, -0.2163690567398657], [-0.018242040917453354, 0.9481656994633666], [-0.8102299019822251, -0.24122848298720526], [-0.7314932459524325, 0.4976420102358795], [0.5387720393050272, 0.5152182854167393], [0.6091170540795083, -0.37874198639602064], [-0.07612902112674261, -0.24548958653056546], [-0.06469131341778435, 0.8974616745529251], [0.310344759824582, 0.812299746483162], [0.36275819652272173, -0.29387538757610804], [-0.3204694369499067, 0.999999], [0.5177994526724584, 0.6639504283654883], [0.31349315349346646, 0.7458535256637362], [-0.354055945137306, 0.999999], [-0.34684557433940766, 0.9999989999999999], [-0.07612855739488286, -0.2454914524913763], [-0.02155358628267441, -0.21637069211620474], [0.3627585731616595, -0.29387690708835035], [-0.6763700888971389, -0.1287703296441806], [-0.7550363630242526, -0.9999989999999999], [0.3645260780148607, -0.33117971337570784], [0.7665210069422936, -0.40935018748745206], [-0.999999, -0.4006570809569728], [0.8247788025767737, -0.9999990000000002], [-0.08367903274584672, -0.9999989999999999], [-0.023782409371220857, -0.999999], [0.39621649095367567, -0.9999990000000001], [0.6926559279241682, 0.6090641101204725], [0.7789024648610768, -0.23178871077647115], [0.5260914480334974, 0.676366024197265], [-0.37018303471971575, 0.9785343589621923], [-0.36893828405014784, 0.9999990000000001], [-0.4056575292568311, 0.9629178091257375], [-0.378181766118291, 0.9999989999999999], [-0.40784525997789045, 0.9284071403018881], [-0.4238077778702299, 0.9384222990336191], [-0.40557369477238187, 0.9314305210229452], [-0.42606880683255616, 0.9041521816081809], [-0.45896728733151665, 0.8909711518241484], [-0.46136432278018463, 0.8571749774332632]], "juncdpth": [-1.0397284666453404, -0.9418820482283525, -1.0676415292207864, -1.0657836635097961, -1.1405486800105284, -1.139171634953497, -1.112591796175773, -1.116361437519456, -1.1263535949683934, -1.0715370807307276, -1.0494201996204078, -1.144318320913818, -1.0224194401766251, -1.03389615384268, -1.0748190989551492, -0.9519521831716942, -1.1112147511187416, -0.9709701729058049, -0.6925030294892629, -0.6925030294892629, -0.9125461405417432, -0.8479344328399256, -0.7021947068271465, -0.7135120075048507, -0.686542133334992, -0.6921355844256446, -0.7516963607907552, -0.730154610394905, -0.6925030294892628, -0.7002762714312097, -0.8260157286420272, -0.7845738445373769, -0.6790764676423962, -0.6790775709042103, -0.5627771875901563, -0.5627765042883262, -0.5810447564400114, -0.6865421261141407, -0.7729102644381559, -0.8561048404933342, -0.8479344337425321, -0.7500089509996019, -0.5966973205816863, -0.7021946902558156, -0.730154610394905, -0.6246572334999243, -0.6712461959732985, -0.7845738445373769, -0.7535658608305037, -0.6712461984267725, -0.6671869590896244, -0.5966974146266164, -0.5810447921571544, -0.6246572708786733, -0.538547411126034, -0.48243693290527373, -0.6480685824707458, -0.7033057586448401, -0.6967021762400261, -0.65362807001274, -0.5428573449179369, -0.5265935742528741, -0.5719088493506415, -1.455787567380427, -1.2945904548067766, -1.4068686480816714, -0.704104479364908, -0.7064800303145294, -0.7236387207561101, -0.7121048355198452, -0.7197570475098062, -0.7314650494752684, -0.733730077562985, -0.7275833782305879, -0.7471176136169433, -0.7432359463754862], "junctype": [0, 0, 0, 1, 0, 1, 0, 1, 1, 0, 0, 1, 0, 0, 1, 0, 1, 0, 1, 0, 0, 0, 1, 0, 1, 0, 0, 0, 1, 0, 0, 0, 0, 1, 1, 0, 0, 0, 1, 0, 0, 1, 0, 0, 0, 0, 0, 0, 1, 0, 0, 0, 0, 0, 0, 0, 1, 0, 0, 0, 0, 0, 0, 0, 1, 1, 1, 0, 0, 0, 1, 0, 1, 1, 0, 1], "junindex": [178, -1, 174, -1, 225, -1, 200, -1, -1, -1, 176, -1, 166, -1, -1, -1, -1, -1, -1, 20, -1, 78, -1, -1, -1, -1, -1, 2, -1, -1, -1, 26, 24, -1, -1, 22, 4, 6, -1, 188, 75, -1, 16, 18, 2, 0, -1, 26, -1, -1, -1, 33, 9, 11, 37, -1, -1, 38, -1, -1, -1, -1, -1, 249, -1, -1, -1, -1, 82, -1, -1, 90, -1, -1, 102, -1], "K": [[3.125, 0.0, 0.0, 0.0], [0.0, 3.125, 0.0, 0.0], [0.0, 0.0, -1.0010005235671997, -0.010005001910030842], [0.0, 0.0, -1.0, 0.0]], "RT": [[-0.5264319777488708, -0.8502171635627747, 1.4901159772762185e-07, 1.5477935733088088e-07], [-0.33220627903938293, 0.20569346845149994, 0.9205048084259033, -0.4827815890312195], [-0.7826289534568787, 0.48458313941955566, -0.3907310962677002, -0.8814315795898438], [0.0, 0.0, -0.0, 1.0]]}