{"line": [[0, 1], [40, 39], [38, 39], [42, 41], [43, 41], [44, 45], [46, 47], [48, 46], [7, 9], [24, 18], [12, 7], [37, 35], [41, 39], [46, 44], [13, 2], [28, 21], [14, 13], [9, 11], [29, 28], [5, 12], [27, 24], [18, 26], [35, 36], [19, 20], [34, 32], [20, 27], [21, 22], [4, 5], [28, 31], [32, 33], [25, 26], [23, 24], [17, 18], [2, 3], [30, 27], [13, 16], [10, 11], [6, 7], [8, 9], [15, 12]], "linedir": [1, 3, 1, 3, 1, 3, 3, 1, 1, 1, 2, 3, 2, 2, 0, 0, 2, 2, 2, 1, 2, 2, 2, 3, 2, 1, 3, 3, 3, 3, 3, 3, 3, 3, 3, 3, 3, 3, 3, 3], "lineidx": [200, 398, 397, 401, 403, 444, 446, 448, 232, 267, 225, 371, 400, 445, 234, 269, 236, 230, 271, 224, 261, 265, 370, 255, 334, 273, 256, 214, 279, 333, 260, 258, 253, 213, 275, 238, 222, 216, 221, 237], "junction": [[-0.5259138133421376, -0.06913500744327014], [-0.5259138133421376, -0.06913500744326995], [0.24362403409656028, 0.614576508058793], [0.3207060838540675, -0.36931291792391274], [-0.5809601501194063, -0.05736668740430216], [-0.4725201721435595, 0.648492018767022], [-0.4427345260877085, -0.08691761148227238], [-0.32648617606920044, 0.9137703794012767], [-0.4225567844243537, -0.03651776802666011], [-0.30998839166689546, 0.9653377201096945], [-0.05583628914035851, -0.11661356117147538], [-0.04130228021415356, 0.8831341076763908], [-0.38711217099947415, 0.9320263987864167], [0.1647410543338178, 0.7658493650831807], [-0.04210183967982312, 0.8281349869267715], [-0.5259138133421376, -0.06913500744327014], [0.22011959044237467, -0.22862907233459773], [-0.5308135063610643, -0.9999989999999999], [-0.42255684708266195, -0.03651775434139582], [-0.9759379781206677, -0.9999989999999999], [-0.8780397785638974, -0.5261029169659042], [0.32070609024983526, -0.3693129192225598], [0.3701166987659406, -0.9999989999999999], [-0.5488058110726851, -0.999999], [-0.4427346149395878, -0.08691783341671896], [-0.0686786615241915, -0.9999990000000001], [-0.05583628914035851, -0.11661356117147538], [-0.7390579346065039, -0.0235670663173587], [0.22011959044237467, -0.22862907233459773], [-0.056604675377170795, -0.16946837589797598], [-0.9316084996482022, -0.999999], [0.26307410386872043, -0.9999989999999999], [0.8004013526693011, -0.23676494203971354], [0.9546285390486156, -0.9999990000000001], [0.3015394130079065, -0.1246660145767138], [-0.9777160126534629, 0.16279460281413832], [-0.5615054280307004, 0.0692682051766912], [-0.999999, 0.08162649106212036], [-0.5900399681988391, -0.05542551908484187], [-0.5868753927171191, -0.046064262370761354], [-0.5883875358900557, -0.05577879149843008], [-0.7082046019232646, -0.020023905093350124], [-0.7100478549074148, -0.02976911212535207], [-0.7109557153715094, -0.02957502123542742], [0.6035384890024332, -0.159833981083925], [0.6088025651752598, -0.19371090870160887], [0.4529161429567423, -0.12553229363422028], [0.4569220029916262, -0.1595819307827502], [0.43126980616403443, -0.15381764306540174]], "juncdpth": [-0.7350117604708579, -0.7350117604708579, -1.09648922663041, -0.8329463171218007, -0.8825749195006987, -1.0851192306575825, -0.7401673090674192, -1.0037101685973715, -0.7257398572682181, -0.9892827624555371, -0.7489396051300057, -1.0124825141584717, -0.9985546694993239, -1.0475319401116008, -1.0286217781010125, -0.7350117604708578, -0.7839890310831348, -0.5777290888360253, -0.7257398534270711, -0.8054477017674592, -0.8952520855927744, -0.832946317601944, -0.7217477130422122, -0.5971105210106521, -0.7401672595689055, -0.6088950879521958, -0.7489396051300057, -0.7221230146463125, -0.7839890310831348, -0.7650788690725466, -0.5728703003998756, -0.6559796590918496, -1.4194136242827602, -1.1900968689787137, -1.3557045932145593, -1.2157713695778378, -1.2580186446291959, -1.188680342105475, -0.7755870212223757, -0.77276864947439, -0.7707826530495472, -0.765035406589039, -0.7630494101641961, -0.7678537783370248, -1.500976816833473, -1.487998447143075, -1.4803548204412826, -1.4673764507508846, -1.4973183949179638], "junctype": [1, 0, 0, 0, 1, 0, 1, 0, 1, 0, 0, 0, 0, 0, 1, 1, 0, 0, 0, 0, 0, 0, 0, 0, 0, 0, 0, 0, 0, 1, 0, 0, 0, 0, 1, 0, 1, 0, 1, 0, 1, 0, 1, 1, 0, 1, 0, 1, 1], "junindex": [-1, 20, 76, 78, -1, 120, -1, 19, -1, 7, 2, 3, 21, 27, -1, -1, 26, -1, 6, -1, 188, 75, -1, -1, 18, -1, 2, 23, 26, -1, -1, -1, 249, -1, -1, 255, -1, -1, -1, 63, -1, 65, -1, -1, 257, -1, 259, -1, -1], "K": [[3.125, 0.0, 0.0, 0.0], [0.0, 3.125, 0.0, 0.0], [0.0, 0.0, -1.0010005235671997, -0.010005001910030842], [0.0, 0.0, -1.0, 0.0]], "RT": [[-0.33650147914886475, -0.9416829347610474, 1.341104507446289e-07, -5.864832175461743e-08], [-0.605302095413208, 0.21629910171031952, 0.7660444378852844, -0.7193921208381653], [-0.7213709950447083, 0.2577750086784363, -0.6427876353263855, -0.7017657160758972], [0.0, 0.0, -0.0, 1.0]]}