{"line": [[38, 39], [5, 7], [8, 9], [22, 24], [31, 32], [56, 54], [28, 29], [48, 49], [33, 34], [23, 26], [16, 17], [12, 13], [14, 15], [2, 4], [14, 35], [18, 19], [31, 30], [4, 8], [33, 28], [27, 25], [12, 14], [62, 63], [22, 23], [8, 11], [0, 2], [60, 61], [36, 41], [44, 45], [37, 46], [20, 18], [59, 56], [21, 16], [27, 22], [25, 23], [31, 33], [30, 28], [51, 48], [40, 38], [47, 38], [42, 43], [49, 50], [36, 37], [20, 21], [54, 55], [52, 53], [18, 16], [57, 58], [5, 6], [0, 1], [4, 10], [2, 3], [53, 58], [55, 50], [56, 48], [54, 49]], "linedir": [0, 2, 2, 2, 2, 1, 2, 1, 2, 2, 2, 3, 2, 2, 3, 2, 3, 1, 3, 3, 1, 3, 3, 3, 1, 2, 3, 3, 3, 1, 2, 1, 1, 1, 1, 1, 2, 2, 3, 3, 2, 2, 3, 2, 2, 3, 2, 3, 3, 3, 3, 3, 3, 3, 3], "lineidx": [247, 35, 41, 122, 158, 305, 149, 281, 163, 129, 98, 92, 95, 25, 174, 100, 164, 63, 162, 133, 96, 333, 121, 64, 16, 332, 253, 258, 260, 101, 309, 105, 134, 128, 165, 154, 289, 249, 279, 256, 283, 242, 106, 304, 294, 99, 307, 34, 1, 46, 7, 313, 320, 317, 319], "junction": [[0.683689147309345, 0.7468544300794976], [0.6981944276233449, 0.004875525363789616], [0.87141934003287, 0.8650003029353158], [0.8906991531490595, 0.09386705726654188], [0.9295059088339195, 0.8581303191568406], [0.6832340087985403, 0.708870183632144], [0.6969766770836812, 0.0046683473765991666], [0.6844340667254648, 0.7087500652889418], [0.9968860282924732, 0.8989679621768564], [0.999999, 0.8985837931711171], [0.9496106080803669, 0.10410718240921896], [0.9999989999999999, 0.7902353788348014], [0.8490176785478944, 0.0854934608644161], [0.8503218414636544, 0.03075722310840715], [0.9429773141819453, 0.10436947411535684], [0.9999989999999999, 0.1021147398175693], [0.9549568936385687, -0.5361132790211172], [0.9999989999999999, -0.5348731540078373], [0.9396251219283195, 0.04595054332757222], [0.9999990000000001, 0.043933141422426936], [0.6369969848910584, -0.005536100493488277], [0.6456920912138938, -0.49318042159159625], [0.957175546467823, -0.6203397689107731], [0.9599972116637033, -0.7274650396680535], [0.9664757405359726, -0.6200015380445589], [0.6485406022486983, -0.6529334783191999], [0.999999, -0.7255604888986682], [0.6469465141076359, -0.5635322261855814], [0.9665539787724216, -0.6229432630908849], [0.9999989999999999, -0.6217166003502116], [0.6342441444037773, -0.5619376321716195], [0.6330210969514418, -0.4919747864706004], [0.6456655978868137, -0.4916946064654813], [0.9642969553856415, -0.5380801254693768], [0.9999990000000001, -0.537088830438381], [0.9445284210488147, 0.045786698875250643], [-0.6509283672028606, 0.751402827349573], [-0.17965935437208977, 0.7080791153849518], [0.17335252697060263, 0.644716601854692], [0.17335551535616853, 0.6447147968507974], [-0.17982268240787247, 0.6761264920933541], [-0.6463006701301799, 0.9999990000000001], [0.3020565952811621, 0.9999989999999999], [0.30524958854920303, 0.632984754011167], [-0.6600345742748671, 0.7188345288469843], [-0.6547323257784049, 0.999999], [-0.17816131642218533, 0.999999], [0.1715966089938635, 0.9999989999999999], [-0.6600336421986662, 0.7188326891705076], [-0.6509273622670569, 0.7514012242232668], [-0.17965872049473358, 0.7080775609982766], [-0.9999990000000001, 0.7490677807977363], [-0.17982269100410678, 0.6761248169550866], [0.39528204509628717, 0.6249776878353518], [-0.6802880231798847, -0.8258275357890568], [-0.18740518406128465, -0.8014668596910379], [-0.6888176440606746, -0.8075057632475657], [-0.18731328875768055, -0.7835593278668274], [0.41082527577496714, -0.7549987168431999], [-0.999999, -0.8223644106784809], [0.4087176129637023, -0.5678738514473981], [0.6342328413886329, -0.5612910578273558], [0.9881169920247326, 0.9999990000000001], [0.9910923079387286, 0.8954565127246249]], "juncdpth": [-1.0484559214244509, -1.0266736625333874, -0.939644883432575, -0.9193054955622564, -0.9453498343103912, -1.0889994680720743, -1.0675269250202855, -1.0891326537678727, -0.9124200773459656, -0.9127191620739065, -0.9253352407691385, -0.9095797229613929, -0.7640955247318091, -0.7629236029556806, -0.7259161572535902, -0.7302747947074494, -0.6806158214108606, -0.6838439022246339, -0.6917212877679648, -0.6961187618301684, -0.8246773790314461, -0.813571913673589, -0.6790382774320295, -0.6770424088523006, -0.6797009208382457, -0.8099985279078115, -0.679894209882105, -0.8119943940524363, -0.67398058326224, -0.6763541574211547, -0.816481581542935, -0.818059101326428, -0.8191091309218282, -0.6755581030457329, -0.6780977873796898, -0.7247240499082374, -0.5815916927078286, -0.6072637825112477, -0.6491730997420679, -0.6491743760061447, -0.6276988387596348, -0.5857560362853437, -0.7200760996689637, -0.71254378437739, -0.6006813458758666, -0.6055458492298391, -0.6123697149201827, -0.655816160267565, -0.6006815173869142, -0.5815917814788394, -0.6072638869766189, -0.5829190513295409, -0.6276989651321082, -0.66343556444139, -0.5564909450616677, -0.5821630505188622, -0.5755806835671868, -0.6025981311760873, -0.6383347274117371, -0.5600015200395893, -1.0546240131358662, -1.0787388909794973, -1.1742743917121181, -1.1707491355795294], "junctype": [0, 1, 0, 1, 0, 0, 1, 1, 0, 0, 1, 0, 0, 1, 0, 0, 0, 0, 0, 0, 0, 0, 0, 0, 1, 0, 0, 0, 0, 0, 0, 0, 1, 0, 0, 1, 0, 0, 0, 1, 1, 0, 0, 1, 0, 0, 0, 0, 0, 0, 0, 0, 1, 0, 0, 0, 0, 1, 0, 0, 1, 1, 0, 1], "junindex": [229, -1, 178, -1, 176, 247, -1, -1, 166, -1, -1, -1, 94, -1, 61, -1, 48, -1, 49, -1, 142, 138, 47, 46, -1, 136, -1, 137, 14, -1, 149, 150, -1, 15, -1, -1, 4, 0, 24, -1, -1, -1, -1, -1, 16, -1, -1, -1, 33, 9, 11, -1, -1, 38, 8, 10, 32, -1, 39, -1, -1, -1, -1, -1], "K": [[3.125, 0.0, 0.0, 0.0], [0.0, 3.125, 0.0, 0.0], [0.0, 0.0, -1.0010005235671997, -0.010005001910030842], [0.0, 0.0, -1.0, 0.0]], "RT": [[-0.2863350808620453, -0.9581295847892761, 1.341104507446289e-07, -2.343651033243077e-07], [-0.08350647985935211, 0.024955879896879196, 0.9961946606636047, -0.18677522242069244], [-0.9544835686683655, 0.28524547815322876, -0.0871557667851448, -0.9874790906906128], [0.0, 0.0, -0.0, 1.0]]}