{"line": [[30, 31], [58, 57], [56, 57], [60, 59], [59, 61], [62, 63], [64, 65], [13, 14], [66, 64], [5, 6], [40, 20], [9, 10], [2, 4], [11, 17], [4, 5], [11, 12], [13, 15], [9, 11], [20, 21], [59, 57], [24, 25], [64, 62], [22, 23], [41, 35], [0, 2], [16, 13], [46, 47], [28, 29], [26, 27], [42, 41], [39, 40], [43, 39], [32, 30], [5, 8], [34, 38], [18, 19], [44, 45], [48, 49], [49, 50], [55, 53], [52, 45], [51, 44], [0, 1], [4, 7], [2, 3], [53, 54], [35, 36], [41, 30], [37, 38], [33, 34]], "linedir": [0, 3, 1, 3, 1, 3, 3, 3, 1, 2, 1, 3, 2, 3, 1, 2, 2, 1, 3, 2, 3, 2, 3, 0, 1, 1, 2, 2, 3, 2, 2, 3, 2, 3, 2, 3, 2, 2, 3, 2, 3, 3, 3, 3, 3, 3, 3, 3, 3, 3], "lineidx": [247, 398, 397, 401, 403, 444, 446, 99, 448, 41, 267, 92, 25, 174, 63, 95, 100, 96, 221, 400, 237, 445, 222, 269, 16, 101, 289, 239, 238, 271, 261, 275, 249, 64, 265, 213, 283, 294, 313, 334, 320, 319, 1, 46, 7, 333, 256, 279, 260, 253], "junction": [[0.6766519217679012, -0.23785191337661088], [0.7445091490029905, -0.9999989999999999], [0.8356493371276545, -0.12236657058438796], [0.9220432396876017, -0.8961454051718534], [0.8947990803515767, -0.12776935938048448], [0.9514846518055844, -0.08819345524104798], [0.9999990000000001, -0.09279095800076133], [0.986677137356776, -0.8968244578049642], [0.999999, -0.4680666791988408], [0.840692204101816, -0.9162168628165406], [0.8466012262505754, -0.9744027897818034], [0.9272344360007811, -0.8948645993876988], [0.9999990000000001, -0.8972636869119764], [0.9175900038207546, -0.9594252217863236], [0.9220640005338577, -0.999999], [0.999999, -0.9617341721034586], [0.7252835547589509, -0.999999], [0.9345377865813255, -0.9599000678613158], [0.1917280458655334, 0.9999989999999999], [0.20434631140228482, 0.5812894482166217], [-0.6345343948663924, 0.878354725397116], [-0.6226295000671649, 0.999999], [-0.2419393907572311, 0.8192856193786155], [-0.23525690074875313, 0.9999990000000001], [-0.7271456514156465, 0.8369421956091441], [-0.708974850516559, 0.999999], [0.06551665895711918, 0.999999], [0.06839777547198995, 0.7202216622594768], [-0.999999, -0.269497758210321], [-0.7486012509212042, -0.2871910765898984], [0.07937208712853788, -0.3454637006740191], [0.07937562106184601, -0.3454654412610051], [-0.28406341191914586, -0.31988519115660263], [-0.7455888011031219, -0.25639921712184693], [-0.6345339433865014, 0.8783600311397293], [0.2043463182126758, 0.5812894472760763], [0.23260006132248412, -0.35624929185451504], [-0.2829564251956763, -0.2899306977473774], [-0.2419393907572311, 0.8192856193786155], [-0.951809864561111, 0.8699044561254472], [-0.6391568055560077, 0.8240326573291138], [0.06839777547198995, 0.7202216622594768], [-0.24390823411632845, 0.7660425409924069], [-0.9999989999999999, 0.5412149000675046], [-0.7455879095304082, -0.2564007108710317], [-0.28295580018653993, -0.28993217348094463], [-0.9999989999999999, -0.2694993971269382], [-0.7486014131648157, -0.287192734397455], [-0.28406347143955085, -0.319886800760122], [0.3053070228435729, -0.3613663672298128], [0.33055214741085087, -0.999999], [-0.8183611764417669, -0.999999], [-0.3092128657184021, -0.9999989999999999], [0.8732589718361808, 0.7564803392271028], [0.9853495114936435, -0.09140268697697138], [0.1958317907646298, 0.8638251984319955], [-0.7689864563467524, 0.84308099044897], [-0.7686260940995219, 0.8577870988240814], [-0.7703404834559474, 0.8432796504566968], [-0.8964399545282923, 0.8766672512987517], [-0.8984567488035448, 0.8620765992703873], [-0.8959354864518146, 0.8617066849644809], [0.6764610770879799, 0.8263688942958974], [0.680533850135357, 0.7870194903451557], [0.5126105636683618, 0.8528079064243267], [0.5157349727240499, 0.81313345917773], [0.49073708373938657, 0.8170946153705384]], "juncdpth": [-1.0634000233148855, -0.9664778013670139, -0.9614106880751556, -0.8713280169460211, -0.965743905307507, -0.9348786173331529, -0.9383625476786551, -0.8758150251482107, -0.8895234965696726, -0.7233814526915765, -0.7183324611369627, -0.6875956693866068, -0.6914389057968852, -0.6513050230731174, -0.648144794636217, -0.655427912939439, -0.7322457137491256, -0.682222148843194, -0.8724414070545102, -0.8185683669679208, -0.708279954143461, -0.7218201752640825, -0.7277775868434377, -0.7484500698348168, -0.7218379281646979, -0.7403383776814862, -0.7965570837872339, -0.7630032182863263, -0.6102507514376181, -0.6206398741931293, -0.6575058252980944, -0.6575069918874914, -0.6407980881301738, -0.6027808599767641, -0.708278249736521, -0.8185683673714802, -0.7191370421205958, -0.6222801938552058, -0.7277775868434377, -0.711004967409933, -0.7261711131122988, -0.7630032182863263, -0.7462954506310354, -0.6767422552248958, -0.6027808504696159, -0.6222802013251021, -0.6102507788354503, -0.6206398908211882, -0.6407981099103722, -0.6683388730790544, -0.6172959270551585, -0.5491782658292964, -0.5694389480664432, -1.3527582293263523, -1.1988721582018023, -1.2864609595000662, -0.7636093104606503, -0.7584681344005766, -0.7567801692549925, -0.7519683618218878, -0.7502803966763035, -0.7571095378819618, -1.4286892106242646, -1.4201389583776132, -1.4113564708338608, -1.4028062185872094, -1.4348705088372788], "junctype": [0, 0, 0, 1, 0, 0, 0, 1, 0, 0, 1, 0, 0, 0, 0, 0, 0, 1, 0, 0, 1, 0, 0, 0, 1, 0, 0, 0, 0, 1, 0, 1, 1, 0, 0, 0, 1, 0, 0, 0, 0, 0, 1, 0, 0, 0, 0, 1, 1, 0, 0, 0, 0, 0, 1, 1, 1, 0, 1, 0, 1, 1, 0, 1, 0, 1, 1], "junindex": [229, -1, 178, -1, 176, 166, -1, -1, -1, 94, -1, 61, -1, 49, -1, -1, -1, -1, -1, 78, -1, -1, 2, -1, -1, -1, -1, 26, -1, -1, 24, -1, -1, 4, 6, 75, -1, 0, 2, 23, 18, 26, -1, -1, 9, 11, -1, -1, -1, 38, -1, -1, -1, 249, -1, -1, -1, 63, -1, 65, -1, -1, 257, -1, 259, -1, -1], "K": [[3.125, 0.0, 0.0, 0.0], [0.0, 3.125, 0.0, 0.0], [0.0, 0.0, -1.0010005235671997, -0.010005001910030842], [0.0, 0.0, -1.0, 0.0]], "RT": [[-0.23537011444568634, -0.9719058275222778, 1.341104507446289e-07, 6.502924776441432e-08], [-0.37975385785102844, 0.09196655452251434, 0.9205048680305481, -0.48278161883354187], [-0.894644021987915, 0.2166592925786972, -0.39073115587234497, -0.8814316987991333], [0.0, 0.0, -0.0, 1.0]]}