{"line": [[22, 18], [37, 36], [32, 30], [30, 31], [34, 33], [40, 41], [38, 39], [42, 40], [35, 36], [6, 7], [29, 27], [33, 30], [40, 38], [8, 0], [20, 14], [27, 28], [9, 8], [3, 5], [18, 19], [21, 20], [13, 17], [24, 25], [14, 15], [26, 24], [23, 20], [16, 17], [12, 13], [0, 1], [11, 8], [4, 5], [2, 3], [10, 6]], "linedir": [3, 2, 3, 1, 3, 3, 3, 1, 3, 2, 3, 2, 2, 0, 0, 2, 2, 2, 2, 2, 2, 3, 3, 2, 3, 3, 3, 3, 3, 3, 3, 3], "lineidx": [275, 436, 398, 397, 401, 446, 444, 448, 434, 225, 371, 400, 445, 234, 269, 370, 236, 230, 261, 271, 265, 333, 256, 334, 279, 260, 253, 213, 238, 222, 221, 237], "junction": [[0.10704267266627833, 0.6367641129272656], [0.14121685845650117, -0.34893937285951454], [-0.699681957915663, -0.09251129111391791], [-0.5162663010171007, 0.9080141828564284], [-0.3215037376853652, -0.13498739161878667], [-0.23827295143981347, 0.8640834753036778], [-0.5817135419655186, 0.8655348647172778], [-0.5256533903163633, 0.8568079656274334], [-0.007953965864160974, 0.7762174795415714], [-0.24255051773842032, 0.8127371879135854], [-0.7850248821792283, -0.13359001119775119], [-0.01063891834022628, -0.21883191958113526], [-0.8660420521937111, -0.9999989999999999], [-0.6996820215993755, -0.09251128396111102], [0.1412168653429461, -0.3489393735815367], [0.16378900014803002, -0.999999], [-0.3935662896631571, -0.999999], [-0.3215037376853652, -0.13498739161878667], [-0.9980265150823247, -0.11014349834078521], [-0.7087516768397784, -0.1419859125120243], [-0.01063891834022628, -0.21883191958113526], [-0.32560038596201396, -0.18416200752536985], [-0.9999989999999999, -0.11772169265444603], [-0.012746749859586548, -0.9999989999999999], [0.872646392291168, -0.15789208741669766], [0.999999, -0.7244431868678982], [0.13157110717626247, -0.07072204477663895], [-0.9722280499436502, 0.05911391322226327], [-0.7511044289123318, 0.03310393034847803], [-0.999999, -0.045577250877255615], [-0.8126454238146843, -0.11541501353500844], [-0.8123424391923572, -0.13058298518109798], [-0.8157756813549564, -0.13020506527781217], [-0.933650964092279, -0.10201421813441777], [-0.937266626739117, -0.1168317452044839], [-0.23309644030494447, 0.8112654691349478], [-0.22941716599567982, 0.857244567937832], [-0.23872040232582778, 0.8587124441653121], [0.6780760015336889, -0.09770769040134782], [0.6848342850039978, -0.13580041909449278], [0.5141778826437787, -0.07813983546381585], [0.5193427381051157, -0.11633423868138121], [0.4963660736317136, -0.11363157558884238]], "juncdpth": [-1.0890241789592847, -0.8254812696686322, -0.7418039420571382, -1.0053468489881126, -0.7544723650097631, -1.0180152740382291, -1.0175916516355166, -1.0201442311146682, -1.044336124513204, -1.0332328769174293, -0.7540487426070506, -0.7807932154847379, -0.5993091669303849, -0.7418039399596466, -0.8254812699308187, -0.7117193168652515, -0.6163276346973088, -0.7544723650097631, -0.7470107314869745, -0.7566013220571042, -0.7807932154847379, -0.769689967888963, -0.7455372636263746, -0.651686445979851, -1.3739835678097485, -1.199002882094494, -1.3270418884376358, -1.2627829535187027, -1.2751525667399664, -1.2277142602507487, -0.7941476487251435, -0.7989821294394619, -0.7911003838640499, -0.7899248445700877, -0.7868775797089941, -1.1216166060057446, -1.1396044612991356, -1.1391238968002693, -1.464038518171627, -1.4495906473841904, -1.452777698701512, -1.4383298279140755, -1.4733320061062825], "junctype": [0, 0, 1, 0, 0, 0, 0, 1, 0, 1, 1, 0, 0, 0, 0, 0, 0, 0, 0, 1, 0, 1, 0, 0, 0, 0, 1, 0, 1, 0, 0, 1, 1, 0, 1, 1, 0, 1, 0, 1, 0, 1, 1], "junindex": [76, 78, -1, 7, 2, 3, 21, -1, 27, -1, -1, 26, -1, 6, 75, -1, -1, 2, 23, -1, 26, -1, -1, -1, 249, -1, -1, 255, -1, -1, 63, -1, -1, 65, -1, -1, 84, -1, 257, -1, 259, -1, -1], "K": [[3.125, 0.0, 0.0, 0.0], [0.0, 3.125, 0.0, 0.0], [0.0, 0.0, -1.0010005235671997, -0.010005001910030842], [0.0, 0.0, -1.0, 0.0]], "RT": [[-0.18374960124492645, -0.9829730987548828, 1.4156103134155273e-07, -9.637938802598e-08], [-0.6318429708480835, 0.11811207234859467, 0.7660444974899292, -0.7193921208381653], [-0.7530010938644409, 0.14076027274131775, -0.6427876353263855, -0.7017657160758972], [0.0, 0.0, -0.0, 1.0]]}