{"line": [[34, 35], [59, 57], [62, 60], [60, 61], [48, 49], [63, 60], [9, 11], [64, 65], [66, 67], [12, 13], [68, 66], [41, 44], [16, 17], [12, 14], [4, 5], [57, 58], [2, 4], [15, 20], [14, 21], [5, 6], [14, 15], [9, 10], [42, 43], [19, 16], [0, 2], [66, 64], [26, 27], [28, 29], [45, 38], [30, 31], [24, 25], [32, 33], [16, 18], [44, 45], [37, 41], [54, 55], [22, 23], [47, 48], [49, 50], [50, 51], [53, 49], [0, 1], [52, 48], [5, 8], [36, 37], [4, 7], [2, 3], [56, 54], [38, 39], [34, 45], [46, 44], [40, 41]], "linedir": [0, 3, 3, 1, 1, 2, 3, 3, 3, 3, 1, 1, 3, 1, 1, 2, 2, 3, 3, 2, 2, 1, 2, 1, 1, 2, 3, 3, 0, 3, 3, 3, 2, 2, 2, 3, 3, 2, 2, 3, 3, 3, 3, 3, 3, 3, 3, 2, 3, 3, 3, 3], "lineidx": [247, 371, 398, 397, 286, 400, 75, 444, 446, 92, 448, 266, 99, 96, 63, 370, 25, 173, 174, 41, 95, 73, 261, 101, 16, 445, 221, 222, 269, 237, 217, 238, 100, 271, 265, 333, 213, 283, 294, 313, 321, 1, 320, 64, 253, 46, 7, 334, 256, 279, 276, 260], "junction": [[0.694972011648014, -0.20238295622260083], [0.7570378833806236, -0.8779398033181577], [0.8040092928750834, -0.07529071786209267], [0.898272820540609, -0.9472579623596293], [0.8699786726252466, -0.07725733033444546], [0.9102804475436594, -0.03307148547053529], [0.999999, -0.03584335168216404], [0.9648957516345349, -0.8889060125589554], [0.9999989999999999, -0.7619449791649832], [0.9087716886824053, -0.9088023044984761], [0.9999989999999999, -0.8764617161062818], [0.9130117256334628, -0.9473914352141863], [0.6828975250063783, -0.9013108420950745], [0.6865687818326552, -0.9457346717168292], [0.7357545771766586, -0.8777126001843493], [0.8281429552943801, -0.8786988627901052], [0.6875357255931552, -0.9453495654029701], [0.6920586299494232, -0.9999990000000001], [0.9999989999999999, -0.9481791762130386], [0.5503192534223755, -0.999999], [0.8349751065839904, -0.946684749728467], [0.7418380067623073, -0.9458413170243383], [0.016548023736465, 0.999999], [0.017611167283025263, 0.5912360027307095], [-0.498400800135126, 0.7310866681295359], [-0.47818855428857127, 0.9999989999999999], [-0.8905135666790738, 0.8009000163038236], [-0.8634907377030204, 0.999999], [-0.504074457761442, 0.7820726849654381], [-0.4873796387610967, 0.9999990000000001], [-0.9600282651567218, 0.7530363007546781], [-0.924154246745615, 0.9999990000000001], [-0.16874600287960242, 0.7154121737131605], [-0.1615208029314229, 0.999999], [-0.19574782050135364, -0.3481378506548712], [-0.1957427747865018, -0.3481394475035937], [-0.999999, -0.005767108524548078], [-0.8905136312325049, 0.8009000194488697], [0.017611174405670185, 0.5912360024112501], [0.020067155035307146, -0.3530529139416819], [-0.587803975680731, -0.3108930608383081], [-0.504074457761442, 0.7820726849654381], [-0.999999, 0.7549368375822642], [-0.8974140439129681, 0.750059106718317], [-0.498400800135126, 0.7310866681295359], [-0.16874600287960242, 0.7154121737131605], [-0.5788628468605759, -0.3394146891305246], [-0.999999, -0.3012404631654828], [-0.5878032906234082, -0.3108944754945032], [-0.5788622003936333, -0.3394167513743908], [0.04028067941911052, -0.3535131266563485], [0.04365570140070386, -0.9999989999999999], [-0.6405938853625087, -0.999999], [-0.6285134463286906, -0.999999], [0.9443168784993731, 0.8468328831702293], [0.999999, 0.46266009541807057], [0.016821058808639808, 0.8950210458724432], [-0.9981445382273604, 0.9477537119274011], [-0.9322408216033086, 0.9443296759889757], [-0.9999989999999999, 0.9358365685038591], [-0.9678312578158977, 0.7706812732146388], [-0.9619861623714715, 0.7531293952593412], [-0.9703500685014603, 0.7535270840104947], [-0.999999, 0.7722234946717321], [0.7503817226530679, 0.8993350049412038], [0.7553377002953177, 0.8566513202923117], [0.5724460924584965, 0.908759308701866], [0.5762429874652673, 0.8659562087648424], [0.5567069991172694, 0.8669712035120702]], "juncdpth": [-1.0298462828334816, -0.9454140496295653, -0.9252377558205794, -0.8281444469877238, -0.9266943171756292, -0.89503637663472, -0.8969586076246797, -0.8355350217734403, -0.8147348408986939, -0.7105400379079512, -0.6594774749572836, -0.7072402778722314, -0.698020524362394, -0.6942880262619735, -0.6613157273001239, -0.6627722788882394, -0.6272516021984011, -0.6231522416860589, -0.6319431879089917, -0.7322455911202883, -0.6573491634662368, -0.6558926113073871, -0.8666431660057673, -0.8143226771167771, -0.7589741439478251, -0.7910546631569386, -0.7340672681536373, -0.7570397854631461, -0.7406217459592975, -0.7659911242103354, -0.75096308720686, -0.7801140996162895, -0.764800346502035, -0.7990114086034203, -0.6593029535138031, -0.6593040296242177, -0.6536976133011236, -0.7340672670684224, -0.814322677252429, -0.714653611603821, -0.6351243529710656, -0.7406217459592975, -0.7502773878876332, -0.7520397594406659, -0.7589741439478251, -0.764800346502035, -0.6534767905804371, -0.6291438478568365, -0.6351243410625201, -0.6534767821007307, -0.6629443808316517, -0.6116908179148798, -0.5827845739414791, -0.6018535742429271, -1.2965191445908206, -1.2243260573515335, -1.268395550944949, -1.2389853883314899, -1.240853581758992, -1.2366877374929897, -0.7899710829478206, -0.7966384169586785, -0.7879204978655748, -0.7893905795462555, -1.381854264364866, -1.372787526803188, -1.3760280623532635, -1.3669613247915855, -1.4022431451057957], "junctype": [0, 1, 0, 1, 0, 0, 0, 1, 0, 0, 0, 1, 0, 1, 0, 0, 0, 0, 0, 0, 1, 1, 0, 0, 0, 0, 1, 0, 0, 0, 1, 0, 0, 0, 0, 1, 0, 0, 0, 1, 0, 0, 0, 1, 0, 0, 1, 0, 0, 0, 0, 0, 0, 0, 0, 0, 1, 0, 1, 0, 0, 1, 1, 0, 0, 1, 0, 1, 1], "junindex": [229, -1, 178, -1, 176, 166, -1, -1, -1, 98, -1, -1, 94, -1, 61, 59, 49, -1, -1, -1, -1, -1, -1, 78, 30, -1, -1, -1, 2, -1, -1, -1, 26, -1, 24, -1, -1, 6, 75, -1, 0, 2, -1, -1, 30, 26, -1, -1, 11, 41, 38, -1, -1, -1, 249, -1, -1, 255, -1, -1, 63, -1, -1, -1, 257, -1, 259, -1, -1], "K": [[3.125, 0.0, 0.0, 0.0], [0.0, 3.125, 0.0, 0.0], [0.0, 0.0, -1.0010005235671997, -0.010005001910030842], [0.0, 0.0, -1.0, 0.0]], "RT": [[-0.07911700755357742, -0.9968653917312622, 1.3597309589385986e-07, 2.5488873234280618e-08], [-0.38950634002685547, 0.03091360256075859, 0.9205048084259033, -0.48278164863586426], [-0.9176194071769714, 0.0728275403380394, -0.39073115587234497, -0.8814317584037781], [0.0, 0.0, -0.0, 1.0]]}