{"line": [[33, 34], [44, 45], [80, 79], [13, 21], [65, 66], [18, 13], [4, 5], [4, 6], [10, 4], [22, 24], [17, 19], [57, 58], [78, 79], [79, 81], [75, 76], [73, 74], [77, 75], [22, 23], [7, 8], [51, 53], [26, 27], [29, 26], [24, 31], [25, 30], [2, 7], [17, 15], [13, 14], [15, 20], [24, 25], [71, 70], [0, 2], [56, 57], [8, 9], [75, 73], [20, 32], [70, 72], [15, 16], [54, 47], [52, 51], [40, 41], [42, 43], [53, 54], [37, 38], [62, 60], [59, 60], [47, 49], [35, 36], [33, 39], [26, 28], [58, 59], [64, 58], [61, 59], [63, 57], [0, 1], [2, 3], [7, 11], [48, 49], [8, 12], [67, 65], [46, 47], [55, 53], [44, 54], [50, 51], [69, 70], [67, 68]], "linedir": [2, 0, 2, null, 3, 1, 3, 2, 1, 1, 3, 1, 3, 1, 3, 3, 1, 3, 1, 1, 3, 1, 3, 3, 2, 1, 2, 3, 2, 2, 1, 2, 2, 2, 2, 1, 2, 0, 2, 3, 3, 2, 3, 3, 1, 1, 3, 3, 2, 2, 3, 3, 3, 3, 3, 3, 3, 3, 2, 3, 3, 3, 3, 3, 3], "lineidx": [204, 247, 457, 88, 333, 74, 8, 24, 45, 96, 75, 286, 456, 466, 446, 444, 448, 92, 63, 266, 99, 101, 174, 173, 25, 73, 70, 78, 95, 370, 16, 283, 41, 445, 181, 379, 72, 269, 265, 222, 238, 271, 217, 314, 291, 270, 213, 220, 100, 294, 321, 313, 320, 1, 7, 46, 257, 64, 334, 256, 276, 279, 260, 369, 335], "junction": [[0.6961212373760738, -0.16522218044919956], [0.7616535941914864, -0.8738341184463171], [0.7461444158116534, -0.02907931801160146], [0.8281823485838797, -0.8417273700297138], [0.9754638509793333, 0.047620930411129664], [0.9784431948142477, 0.02528059921267728], [0.9999989999999999, 0.048391524718185856], [0.8173046241116942, -0.02695797890394688], [0.8374920156775532, 0.020925928031415016], [0.9999990000000001, 0.02594656344374104], [0.9637519892096847, 0.024826716030883208], [0.9073296864240432, -0.8408474645751881], [0.9346445542972394, -0.8306744615321577], [0.9165029250723022, -0.8308802476980116], [0.999999, -0.8299331256446295], [0.7961799619694023, -0.8420831504679235], [0.9999990000000001, -0.839817231130732], [0.7415322900299183, -0.8923379728982792], [0.903433076889544, -0.8408907843895638], [0.745129081616261, -0.9323757583678202], [0.804906363486324, -0.9320040106593285], [0.9176051302076836, -0.8407332292859211], [0.49077297804431924, -0.889455621027759], [0.4934612769754519, -0.9346547849483327], [0.5034197505112812, -0.8644843950663125], [0.6017736573348056, -0.8634344763726791], [0.4156979987289463, -0.9353589853857486], [0.4189364524271101, -0.999999], [0.999999, -0.9300677344257089], [0.3915262681282726, -0.999999], [0.6069089493215636, -0.9336274375641767], [0.5077059053892387, -0.9345257899549887], [0.9999990000000001, -0.9302380851793376], [-0.13799843482255056, 0.44515249235022], [-0.13799842711986718, 0.4451524926702772], [-0.17002217397093722, 0.5844001446869572], [-0.1595964932770749, 0.9999989999999999], [-0.7124369772572736, 0.6735135707668178], [-0.6776608967189741, 0.9999990000000001], [-0.12692863012606578, 0.999999], [-0.7360703579476727, 0.7216528380065792], [-0.7052163228395297, 0.9999990000000001], [-0.3962218629376635, 0.6885489658919521], [-0.37773023768631153, 0.999999], [-0.45865735773427746, -0.3630371829532734], [-0.45865127222784513, -0.36303850380099795], [-0.19522384090967468, -0.42021398643436214], [-0.17002216689897998, 0.5844001450041418], [-0.08895078669635394, -0.6274878969124579], [-0.07982476358660003, 0.19219808664081303], [-0.854269532648343, -0.34466754807602934], [-0.7360703579476727, 0.7216528380065792], [-0.9999990000000001, 0.7087942772713726], [-0.7124369772572736, 0.6735135707668178], [-0.3962218629376635, 0.6885489658919521], [-0.8237320711434769, -0.37134904562167115], [-0.999999, -0.34808195622430876], [-0.8542688361320507, -0.34466888386257294], [-0.8237313177038317, -0.371350557138913], [-0.2272401008325033, -0.3577697907517277], [-0.07197493376354475, -0.6605974320352695], [-0.24614484144282706, -0.999999], [-0.0750199167982653, -0.9999989999999997], [-0.9269106080738293, -0.9999989999999999], [-0.8906926662125251, -0.999999], [0.9981448179214364, 0.9477534777783844], [0.9999990000000001, 0.9358381095709818], [0.017166850283276344, 0.8967868411236324], [0.02220297439086456, -0.9999990000000002], [-0.00958050603216212, -0.9999989999999997], [-0.007408550784685741, 0.895510028006319], [-0.12913948252018836, 0.8891855065878153], [0.017705418764890884, 0.6939425409081784], [0.8116758206952172, 0.9820686757171195], [0.8172372496036511, 0.9383544386493545], [0.6219035027760311, 0.9720174834975629], [0.6261459714853661, 0.9284263056422539], [0.6151312066808751, 0.9278540343638482], [-0.12175457902523275, 0.8895691886944217], [-0.12094374021568281, 0.932672965229851], [-0.12827961118850129, 0.9322844246352365], [-0.11356892397157035, 0.8899944737881385]], "juncdpth": [-0.9968907106340174, -0.9111185298788683, -0.892282197210963, -0.8038945591048188, -0.8830441757314345, -0.8803553174319294, -0.8825492422024597, -0.8908256334717102, -0.8591676970435307, -0.8559781889248002, -0.8979395664713148, -0.8024379953655659, -0.7698605713836734, -0.6193742053096265, -0.6181927945185423, -0.6126733517255405, -0.609820708364135, -0.6835937385925386, -0.6321426511512781, -0.6802939777760498, -0.6060309800744693, -0.6186302270935875, -0.679085258847687, -0.6753857018027792, -0.6423804687242226, -0.64092391475192, -0.6112294552331621, -0.6065045356454934, -0.6030708069802813, -0.732245441560737, -0.6355007993669567, -0.6369573527685253, -0.6033300742314335, -0.8814690230954252, -0.8814690229361818, -0.817235665556115, -0.8706214181561812, -0.7808223122816654, -0.8208923484467674, -0.9583437572062494, -0.7624699166773249, -0.7958288124312602, -0.7749961001907135, -0.8129356012752902, -0.6694987152491072, -0.6694996331064662, -0.711738366649019, -0.8172356654204629, -0.9227907997484031, -1.0282880994587518, -0.6569725317357186, -0.7624699166773249, -0.7672870941607234, -0.7808223122816654, -0.7749961001907135, -0.6753249273400591, -0.6592643058907142, -0.6569724981228543, -0.6753249367768716, -0.6658573458381225, -0.9686717855166042, -0.6147175257077366, -0.9293549603221172, -0.6054857735771295, -0.6245547713675834, -1.2389852021902894, -1.2366878932713983, -1.267387990542373, -0.9799025638124066, -0.9806592726258158, -1.268116265358091, -1.2717360523885801, -1.3946296664742928, -1.3323313446454186, -1.3232646069456522, -1.3381575561937622, -1.3290908184939958, -1.3643726389937267, -1.3523956684856286, -1.361462406185395, -1.3616965979299305, -1.38767748898536], "junctype": [0, 1, 0, 1, 0, 1, 0, 0, 0, 0, 1, 1, 1, 0, 0, 0, 0, 0, 1, 1, 0, 1, 0, 1, 0, 0, 0, 0, 0, 0, 1, 1, 0, 0, 1, 0, 0, 0, 0, 0, 0, 0, 0, 0, 0, 1, 1, 0, 1, 0, 0, 0, 0, 0, 0, 0, 0, 0, 0, 0, 0, 0, 0, 0, 0, 0, 0, 0, 0, 0, 0, 1, 1, 0, 1, 0, 1, 1, 1, 0, 1, 1], "junindex": [229, -1, 178, -1, 174, -1, -1, 176, 166, -1, -1, -1, -1, 57, -1, 52, -1, 98, -1, -1, 53, -1, 94, -1, 61, 59, 49, -1, -1, -1, -1, -1, -1, 122, -1, 78, -1, 30, -1, -1, 2, -1, 26, -1, 24, -1, -1, 75, -1, 213, 0, 2, -1, 30, 26, 28, -1, 11, 41, 38, 238, -1, -1, -1, -1, 249, -1, 251, -1, -1, 253, -1, -1, 257, -1, 259, -1, -1, -1, 261, -1, -1], "K": [[3.125, 0.0, 0.0, 0.0], [0.0, 3.125, 0.0, 0.0], [0.0, 0.0, -1.0010005235671997, -0.010005001910030842], [0.0, 0.0, -1.0, 0.0]], "RT": [[0.07911702245473862, -0.9968652725219727, 1.341104365337742e-07, -2.9969775994231895e-08], [-0.3895062804222107, -0.03091336227953434, 0.9205046892166138, -0.4827815890312195], [-0.9176192879676819, -0.07282765954732895, -0.3907311260700226, -0.8814316391944885], [-0.0, 0.0, -0.0, 1.0]]}