{"line": [[38, 39], [42, 43], [40, 41], [11, 19], [9, 10], [15, 11], [32, 34], [20, 21], [49, 50], [61, 63], [14, 16], [21, 35], [12, 14], [22, 37], [20, 36], [60, 61], [12, 17], [13, 18], [32, 30], [22, 20], [11, 9], [27, 28], [0, 4], [57, 58], [12, 13], [17, 18], [53, 54], [40, 48], [46, 47], [43, 44], [51, 52], [50, 51], [55, 53], [39, 45], [25, 23], [0, 1], [28, 29], [23, 24], [25, 26], [30, 31], [32, 33], [2, 3], [7, 8], [5, 6], [54, 52], [56, 50], [53, 51], [61, 62], [59, 57]], "linedir": [2, 0, 0, null, null, 1, 1, 1, 1, 1, 3, 3, 1, 3, 3, 2, 3, 3, 3, 2, 2, 3, 1, 2, 2, 2, 1, 3, 3, 3, 1, 2, 2, 3, 3, 3, 2, 2, 2, 2, 2, 3, 3, 3, 3, 3, 3, 3, 3], "lineidx": [241, 247, 247, 88, 67, 74, 165, 94, 286, 378, 75, 172, 73, 174, 173, 368, 78, 84, 162, 95, 70, 121, 16, 332, 72, 181, 306, 279, 276, 256, 291, 294, 307, 257, 99, 1, 129, 98, 100, 149, 163, 7, 64, 46, 314, 321, 313, 369, 335], "junction": [[0.7114288431193161, 0.862863439702789], [0.7253199216673643, 0.18227348960397224], [0.7285799770313707, 0.9999989999999999], [0.7457287725791404, 0.18280471376667365], [0.7265190737577023, 0.9999990000000002], [0.8063425727590621, 0.9999989999999999], [0.8254921168617766, 0.17546703019300333], [0.8170052154593891, 0.9999990000000001], [0.8364014396256981, 0.17574515492360998], [0.8163781478763018, 0.18464365391082269], [0.8165941856121447, 0.17524018433049543], [0.7129515914903602, 0.18195155301524907], [0.585600436722986, 0.16935117769169172], [0.8991133922369776, 0.17734394756209548], [0.585687013611441, 0.12114137301741512], [0.7103334123332805, 0.17253114825357585], [0.5862938832805086, 0.08425583178124624], [0.5870045479537283, 0.08410761243446495], [0.9013083620061694, 0.09057727895987544], [0.7131391497629812, 0.17260267835527643], [0.41529887323805387, 0.1464180479947342], [0.4249781632477062, 0.12266795418337387], [0.319456158181691, 0.1440782298944853], [0.21307568485087122, -0.5616880930337111], [0.999999, -0.5750373413452591], [0.20932771721487695, 0.07649275388706155], [0.999999, 0.09277549570715153], [0.21363728963718306, -0.6573054980186506], [0.2143104286811951, -0.7719240929164084], [0.9999989999999999, -0.7949705912486148], [0.20557899730957369, -0.6571234638394583], [0.999999, -0.675069150995558], [0.20505213255262286, -0.5638955473463351], [0.999999, -0.5774906553936539], [0.21305285578132052, -0.5578008996651314], [0.42547629331885906, 0.08094402401171294], [0.41606551781517825, 0.08075022257843778], [0.32004258166935295, 0.078772767835726], [-0.11446025965763826, 0.3619595263154134], [-0.11446014935526509, 0.36195953052031243], [-0.626619810073172, 0.6121534791499929], [-0.6266132449229341, 0.6121523623951677], [-0.335893181577706, 0.5626998713220601], [-0.33589300127251476, 0.5626998406515217], [-0.3317148493613668, 0.9999989999999997], [-0.11239455223043253, 0.9999990000000001], [-0.9706230755128729, 0.5932959928553158], [-0.9593846279968632, 0.9999989999999997], [-0.619697107994672, 0.9999989999999999], [-0.9999989999999999, 0.6096469028398264], [-0.97062215468704, 0.5932945166145456], [-0.40390986179751515, 0.624360494029554], [-0.07969355231625287, 0.3304417160190108], [-0.4197814133230377, -0.7546546888388673], [-0.08177321164363324, -0.5929859995552611], [-0.9999989999999999, -0.7375880803188908], [-0.9999990000000001, -0.469811677453032], [0.029387354291187818, -0.5805399729507664], [0.2051643459978077, -0.5837515456060017], [0.028107991648473513, 0.9999989999999997], [-0.08174060918807013, -0.5785095847567436], [-0.0009904999605270693, -0.5799849476024981], [-0.0009471741987659485, 0.999999], [0.029374076413411453, -0.5641363336674611]], "juncdpth": [-0.941412055566982, -0.9233823333427211, -0.829403701560455, -0.8103305907781616, -0.8400291858689874, -0.8256083893577432, -0.8064560348830027, -0.7905856919563798, -0.7722518322072498, -0.6192425227575458, -0.6190786952975548, -0.6229035705650723, -0.6193755398855536, -0.6083925249281499, -0.695057858678308, -0.6360624956699955, -0.6943384020161806, -0.6178939071598899, -0.6069108894748223, -0.6227397434684111, -0.6532096249849648, -0.6923789211844913, -0.6568706354260938, -0.6202359150973646, -0.5927866328813074, -0.6313413906453582, -0.6032674958271774, -0.6186055501578728, -0.616662494823073, -0.5894142028141748, -0.6139452307286996, -0.5865155274345473, -0.6155227505121925, -0.5880043288443909, -0.6287133682606805, -0.6915683032517271, -0.6520060032874938, -0.6556670135984847, -0.9380768211305744, -0.9380768149222484, -0.6730442236480525, -0.6730450724098842, -0.7128532901456568, -0.7128533162950723, -0.7218320023386071, -0.9553161266632249, -0.6876882558657449, -0.6957439499752431, -0.6805628128588412, -0.6749537401962654, -0.6876883485316931, -0.6638917788293452, -0.9870386211201321, -0.6387909426719615, -0.9619377850845034, -0.6622770920317734, -0.6674863125835576, -1.0111320208298733, -1.000668652127226, -1.0571626645891388, -1.0178607169586824, -1.01296252059511, -1.0590603023103962, -1.068181536970604], "junctype": [0, 1, 0, 1, 0, 0, 1, 0, 1, 0, 1, 0, 0, 0, 0, 1, 1, 0, 0, 1, 0, 0, 0, 0, 0, 0, 0, 1, 0, 0, 0, 0, 0, 0, 1, 1, 1, 1, 1, 0, 0, 1, 1, 0, 0, 0, 0, 0, 0, 0, 0, 0, 0, 0, 0, 0, 0, 0, 1, 0, 1, 0, 0, 1], "junindex": [229, -1, -1, -1, -1, -1, -1, -1, -1, 55, -1, 57, 52, 51, 98, -1, -1, 53, 50, -1, 59, 92, 61, 48, -1, 49, -1, -1, 46, -1, 14, -1, 15, -1, -1, -1, -1, -1, -1, 212, 24, -1, -1, 77, -1, -1, 28, -1, -1, -1, 41, 38, 238, 39, 239, -1, -1, 250, -1, -1, -1, 252, -1, -1], "K": [[3.125, 0.0, 0.0, 0.0], [0.0, 3.125, 0.0, 0.0], [0.0, 0.0, -1.0010005235671997, -0.010005001910030842], [0.0, 0.0, -1.0, 0.0]], "RT": [[0.18374964594841003, -0.9829730987548828, 1.3597309589385986e-07, 1.0938573780094885e-07], [-0.0856717973947525, -0.01601470820605755, 0.9961947202682495, -0.18677523732185364], [-0.9792326092720032, -0.18305042386054993, -0.0871557667851448, -0.9874792098999023], [-0.0, 0.0, -0.0, 1.0]]}