{"line": [[10, 11], [21, 23], [21, 22], [2, 8], [2, 3], [33, 32], [58, 57], [55, 56], [56, 59], [53, 54], [51, 52], [46, 47], [48, 46], [50, 49], [20, 15], [25, 21], [42, 45], [32, 34], [0, 5], [0, 1], [38, 39], [49, 46], [2, 4], [17, 18], [31, 32], [6, 9], [13, 16], [57, 56], [53, 51], [24, 13], [15, 24], [18, 20], [29, 30], [35, 28], [34, 35], [6, 7], [44, 42], [36, 34], [28, 30], [27, 28], [37, 35], [42, 43], [40, 41], [40, 38], [10, 16], [12, 13], [26, 24], [14, 15], [19, 20]], "linedir": [2, 2, 1, 1, 3, 2, 3, 3, 1, 3, 3, 1, 3, 3, 1, 3, 1, 1, 2, 3, 3, 2, 2, 3, 3, 3, 1, 2, 2, 0, 2, 2, 3, 0, 2, 2, 2, 3, 1, 3, 3, 3, 3, 2, 3, 3, 3, 3, 3], "lineidx": [204, 225, 224, 45, 8, 265, 458, 456, 466, 446, 444, 433, 434, 437, 231, 237, 379, 266, 25, 7, 333, 436, 24, 221, 260, 64, 235, 457, 445, 234, 236, 230, 257, 269, 271, 41, 370, 276, 270, 256, 279, 369, 335, 334, 220, 213, 238, 217, 222], "junction": [[0.6540302293600798, -0.925009419844158], [0.6645793538655514, -0.9999989999999999], [0.88702559823372, -0.8163290731699312], [0.8915675661354991, -0.8395787830665234], [0.999999, -0.8022954032626859], [0.7240190941609648, -0.9167054830675248], [0.7153566194207631, -0.8611792943076784], [0.999999, -0.8262869050660244], [0.8913070277436493, -0.8396107207103919], [0.7370134667726124, -0.9999990000000001], [-0.3085913816863176, -0.5136412476058557], [-0.3085913744961549, -0.5136412464695236], [-0.40219031553079604, -0.3844559065923472], [-0.30601747140065194, 0.5980225734678198], [-0.9287697898396725, -0.3624028974027459], [-0.7050186224079475, 0.6221125397386337], [-0.23808684829626117, 0.4545921109117841], [-0.999999, 0.4882636888682117], [-0.963253669222503, 0.607170392729601], [-0.9674224089729723, -0.32173663551369164], [-0.7311894280382623, 0.6662393090961634], [-0.9843807163163255, 0.5521006567413093], [-0.9815374339447585, 0.5480047204850079], [-0.9799267366574137, 0.5532168848962193], [-0.49397986799820714, 0.6750017336907278], [-0.999999, 0.501771369251608], [-0.6541382979045138, -0.3136193965303459], [-0.462444586285536, -0.999999], [-0.402190309076183, -0.3844559055021139], [-0.13750349978962362, -0.999999], [-0.1305017715323436, -0.7594406905001575], [-0.9999989999999999, -0.45797878157115457], [-0.9674224089729723, -0.32173663551369164], [-0.999999, -0.32764538708306723], [-0.9287697898396725, -0.3624028974027459], [-0.6541382979045138, -0.3136193965303459], [-0.999999, -0.6758147011629572], [-0.7653330480984846, -0.9999990000000001], [0.9787165536560241, 0.12774678857258306], [0.999999, 0.04954027670457217], [0.02835642042365165, -0.05089827620979607], [0.03548531241734272, -0.999999], [0.005609202652181454, -0.05517421124779246], [0.0070113014140160464, -0.9999990000000001], [-0.2791040160885235, -0.10869351369721084], [0.028756320973434075, -0.1041387940319897], [-0.5860557602489513, 0.6910662545259066], [-0.5672928877588206, 0.6566284897233923], [-0.5940030724312728, 0.6499345526709832], [-0.6811373351652251, 0.6669526552403013], [-0.6903058875435707, 0.6257997520233355], [0.8198760967476052, 0.1361998665203234], [0.8282698060476739, 0.09946638408909618], [0.6328183321870762, 0.10054221249575059], [0.6392123883261661, 0.06392809343966094], [-0.07009533673089317, -0.06940486115564452], [-0.0694286379296206, -0.03332274392054985], [-0.23433184038506388, -0.0647572120620615], [-0.23655445037530956, -0.10069520899408145], [-0.053063152468461425, -0.06620321626909123]], "juncdpth": [-0.819639166789129, -0.806628705280658, -0.8074042718258911, -0.8032910592018747, -0.8011781516701644, -0.8156483619919581, -0.7899302130090948, -0.7745827008133935, -0.8179495186554053, -0.7667184075984332, -0.8899608988695386, -0.8899608983899223, -0.8385829974867847, -1.1021259061066884, -0.8303993790527542, -1.0939422880812202, -1.1535038074894424, -1.0586206604586015, -1.0990039448272573, -0.815719972641429, -1.079262881669895, -1.1180702311989332, -1.1195147965432957, -1.1176772031942661, -1.076394679109535, -1.1006078870728364, -0.8128517700810688, -0.7293198786047702, -0.8385829970782225, -0.9560993484507344, -1.007396080295299, -0.7891465874524746, -0.815719972641429, -0.8178205634334782, -0.8303993790527542, -0.8128517700810688, -0.7712506665812292, -0.6947531557018801, -1.2312661783988395, -1.2050617787323428, -1.3168107854140758, -1.0522626185735926, -1.3190042314285095, -1.055209240472815, -1.3470895522056496, -1.344652868465781, -1.1967619953086521, -1.209331721912834, -1.1807502418574067, -1.2055357989773705, -1.1895240455261251, -1.3398898961832377, -1.3263114039411332, -1.3574375035206745, -1.3438590112785698, -1.4140494520680573, -1.4276279443101618, -1.4451755532818473, -1.4315970610397426, -1.4459931195760931], "junctype": [0, 0, 0, 1, 0, 1, 0, 0, 1, 0, 0, 1, 0, 0, 0, 0, 0, 0, 0, 0, 0, 0, 1, 1, 0, 0, 0, 0, 0, 0, 0, 0, 0, 0, 0, 0, 0, 0, 0, 0, 0, 0, 0, 0, 1, 1, 0, 1, 1, 0, 1, 0, 1, 0, 1, 1, 0, 0, 1, 1], "junindex": [178, -1, 174, -1, -1, -1, 166, -1, -1, -1, 122, -1, 78, 76, 30, 31, 121, -1, 7, 2, 3, 21, -1, -1, 27, -1, 26, -1, 75, -1, 213, -1, 2, -1, 30, 26, -1, -1, 249, -1, 251, -1, 253, -1, -1, -1, 84, -1, -1, 86, -1, 257, -1, 259, -1, -1, 261, 263, -1, -1], "K": [[3.125, 0.0, 0.0, 0.0], [0.0, 3.125, 0.0, 0.0], [0.0, 0.0, -1.0010005235671997, -0.010005001910030842], [0.0, 0.0, -1.0, 0.0]], "RT": [[0.2863346338272095, -0.9581296443939209, 1.341104507446289e-07, -2.5871858611026255e-07], [-0.6158739328384399, -0.1840522587299347, 0.7660444378852844, -0.7193921208381653], [-0.7339699268341064, -0.21934513747692108, -0.6427876353263855, -0.7017657160758972], [-0.0, 0.0, -0.0, 1.0]]}