{"line": [[29, 30], [40, 41], [44, 45], [42, 43], [13, 19], [11, 12], [11, 17], [2, 3], [8, 2], [20, 21], [66, 67], [67, 69], [21, 26], [6, 5], [49, 51], [23, 24], [62, 65], [22, 28], [20, 27], [50, 49], [0, 5], [14, 16], [15, 18], [22, 20], [2, 4], [13, 11], [68, 67], [64, 62], [52, 46], [6, 7], [51, 52], [14, 15], [16, 18], [45, 41], [58, 55], [38, 39], [36, 37], [33, 34], [31, 32], [46, 47], [54, 55], [56, 54], [48, 49], [29, 35], [57, 54], [59, 60], [41, 47], [0, 1], [5, 9], [53, 51], [23, 25], [6, 10], [45, 46], [42, 52], [62, 63], [59, 61]], "linedir": [2, 2, 0, 0, null, null, 1, 3, 1, 1, 3, 1, 3, 1, 1, 3, 1, 3, 3, 2, 2, 3, 3, 2, 2, 2, 2, 2, 0, 2, 2, 2, 2, 1, 3, 3, 3, 3, 3, 1, 1, 2, 3, 3, 3, 2, 3, 3, 3, 3, 2, 3, 3, 3, 3, 3], "lineidx": [204, 241, 247, 247, 88, 67, 83, 8, 45, 94, 456, 466, 172, 63, 266, 99, 379, 174, 173, 265, 25, 78, 84, 95, 24, 70, 457, 370, 269, 41, 271, 72, 181, 248, 314, 238, 222, 217, 213, 270, 291, 294, 260, 220, 313, 334, 257, 7, 46, 276, 100, 64, 256, 279, 369, 335], "junction": [[0.6613316203022691, 0.014368780138057683], [0.735442218145722, -0.809032132759665], [0.8941240326945574, 0.10908135974863258], [0.8968504322804884, 0.08696532031338387], [0.999999, 0.11927353273403761], [0.7353800059624617, 0.021132405983735808], [0.7321461528370481, 0.07135702106408881], [0.9999989999999999, 0.0967402558374798], [0.8929969071928012, 0.08660013871071674], [0.819260261846932, -0.8162006099102977], [0.8212695612563922, -0.816131507925432], [0.7440336120232461, -0.8087308106270128], [0.7449465395051474, -0.8187563393811754], [0.636921835685338, -0.8124874942732752], [0.502374073283083, -0.8270986694544271], [0.8271047463424104, -0.8159308295847111], [0.5080524806990442, -0.9196631790608769], [0.745543152632193, -0.8187358212089796], [0.8366652625849822, -0.9104602200821559], [0.6376976580057666, -0.8224447446787322], [0.33951930760603816, -0.8530991345878496], [0.3655806742582831, -0.8786612362560484], [0.24096256416147369, -0.8563485779840799], [0.11688101825669016, -0.9304411750354042], [0.11786141265787031, -0.9999989999999999], [0.999999, -0.9056979051110859], [0.36756618068625074, -0.9234174581954735], [0.3424545271105186, -0.9241210385046906], [0.2430313140657171, -0.926906686003629], [-0.26663905311965375, 0.42844760645319535], [-0.2666390457985182, 0.4284476073874847], [-0.3490648814860687, 0.5613031920165411], [-0.3265476411295729, 0.9999989999999997], [-0.8886148817701487, 0.5998812725290558], [-0.836035357550015, 0.9999990000000002], [-0.24465930797770713, 0.999999], [-0.9272267406415283, 0.6433592172990906], [-0.8780077908272662, 0.999999], [-0.6017573081251251, 0.6419683482501521], [-0.5696969354517343, 0.9999989999999999], [-0.12893376289923245, -0.6310416067395108], [-0.12893341642674044, -0.6310415893917007], [-0.6940521984963332, -0.38872459126799397], [-0.6940457225726675, -0.38872556157702765], [-0.400088953174083, -0.43277007531390355], [-0.4000883608335334, -0.4327701640662447], [-0.349064874817625, 0.5613031929374814], [-0.11576573454433228, 0.1852670127962507], [-0.999999, 0.11605250185310177], [-0.9272267406415283, 0.6433592172990906], [-0.9999989999999999, 0.6324090595865084], [-0.8886148817701487, 0.5998812725290558], [-0.6017573081251251, 0.6419683482501521], [-0.999999, -0.24772548929511282], [-0.4808447951226177, -0.37372055301462365], [-0.08517352629377152, -0.663039552707342], [-0.999999, -0.41025844889792473], [-0.5197735468393464, -0.999999], [-0.08874986577857827, -0.999999], [0.02651793039463983, 0.8990585577684043], [0.6635292579611227, 0.999999], [0.03430954380889866, -0.9999990000000001], [0.0025248934517736648, 0.895256635173489], [0.0032645636611420047, -0.9999990000000002], [-0.25022752335552856, 0.8552056350992855], [0.026803546752749822, 0.8294450034693084], [-0.08535248942800122, 0.8813316365020739], [-0.08481902355685862, 0.9218365166041249], [-0.24868196904898537, 0.8953955332078493], [-0.06949317952231054, 0.8838446934699677]], "juncdpth": [-0.8633694901672446, -0.776367519359741, -0.8452388745063031, -0.8426693695023997, -0.8392801758015231, -0.8590362708487156, -0.8281709828743615, -0.8134005136934783, -0.8586860580666628, -0.7710834188601126, -0.7382985212293198, -0.5928777346160401, -0.5921511654893343, -0.5972109612261791, -0.5942899010074241, -0.5812903495915647, -0.5876475309929776, -0.6045601947613302, -0.5746479763486416, -0.5964843937576966, -0.6269310580170253, -0.6627168114310504, -0.631264248279265, -0.6036399868610429, -0.5986187275382729, -0.5681442728754961, -0.6591369599706078, -0.6215575386520534, -0.625890728320343, -0.8898597806077817, -0.8898597801340383, -0.8272346913292665, -0.8842768402608405, -0.8106682247717294, -0.8616523063525181, -0.9698027951702334, -0.792775334733482, -0.8372163091244139, -0.7933354750224388, -0.8379812884623956, -0.9275054456198744, -0.9275054224831812, -0.6878380820342069, -0.6878387937473521, -0.7217372266672886, -0.7217372983410346, -0.8272346909257069, -1.0330028154714133, -0.7350832866492458, -0.792775334733482, -0.7972069316293531, -0.8106682247717294, -0.7933354750224388, -0.7203726659333174, -0.6770050860579842, -0.9722376882645158, -0.7040031346775345, -0.6263004933907386, -0.9330600736114651, -1.266094549223653, -1.2111617339301866, -0.9785585872998717, -1.2682611378978197, -0.9808097670921531, -1.2915436322505953, -1.306975925951445, -1.35947438060047, -1.3680246324590544, -1.3843045210805025, -1.3915386689637108], "junctype": [0, 1, 0, 1, 0, 0, 0, 0, 1, 1, 1, 0, 1, 0, 0, 0, 0, 1, 0, 1, 0, 0, 0, 0, 0, 0, 1, 1, 1, 0, 1, 0, 0, 0, 0, 0, 0, 0, 0, 0, 1, 0, 0, 1, 1, 0, 0, 0, 0, 0, 0, 0, 0, 0, 0, 0, 0, 0, 0, 0, 0, 0, 0, 0, 1, 1, 1, 0, 1, 1], "junindex": [178, -1, 174, -1, -1, 176, 166, -1, -1, -1, -1, 55, -1, 57, 52, 51, 53, -1, 50, -1, 59, 92, 61, 49, -1, -1, -1, -1, -1, 122, -1, 78, -1, 30, -1, -1, 2, -1, 26, -1, -1, 212, 24, -1, -1, 77, 75, 213, -1, 2, -1, 30, 26, -1, 38, 238, -1, -1, -1, 251, -1, -1, 253, -1, -1, -1, -1, 261, -1, -1], "K": [[3.125, 0.0, 0.0, 0.0], [0.0, 3.125, 0.0, 0.0], [0.0, 0.0, -1.0010005235671997, -0.010005001910030842], [0.0, 0.0, -1.0, 0.0]], "RT": [[0.23537012934684753, -0.9719058275222778, 1.341104507446289e-07, -8.82224000520182e-08], [-0.3797539174556732, -0.09196632355451584, 0.9205048680305481, -0.48278161883354187], [-0.894644021987915, -0.21665939688682556, -0.39073115587234497, -0.8814316987991333], [-0.0, 0.0, -0.0, 1.0]]}