{"line": [[11, 12], [2, 3], [4, 5], [4, 9], [39, 40], [41, 39], [43, 42], [52, 51], [49, 50], [50, 53], [46, 47], [44, 45], [44, 48], [35, 38], [0, 6], [19, 16], [42, 39], [30, 34], [0, 1], [30, 31], [51, 50], [2, 4], [14, 17], [20, 19], [7, 10], [28, 27], [46, 44], [16, 21], [21, 14], [25, 26], [27, 24], [37, 35], [7, 8], [24, 26], [23, 24], [18, 19], [29, 27], [15, 16], [35, 36], [32, 33], [11, 17], [32, 30], [13, 14], [22, 21]], "linedir": [2, 3, 3, 1, 1, 3, 3, 3, 3, 1, 3, 3, 1, 1, 2, 1, 2, 1, 3, 3, 2, 2, 1, 2, 3, 2, 2, 2, 0, 3, 0, 2, 2, 1, 3, 3, 3, 3, 3, 3, 3, 2, 3, 3], "lineidx": [204, 8, 15, 55, 433, 434, 437, 458, 456, 466, 446, 444, 454, 379, 25, 231, 436, 343, 7, 333, 457, 24, 235, 230, 64, 271, 445, 236, 234, 257, 269, 370, 41, 270, 256, 222, 279, 217, 369, 335, 220, 334, 213, 238], "junction": [[0.5278532655906395, -0.8854814738585179], [0.5409665327379961, -0.9999989999999999], [0.7492963996093184, -0.7578294885529994], [0.752755203431183, -0.7785190020785482], [0.9087481746102767, -0.7255879418757105], [0.9130159098393894, -0.746485545089326], [0.5686019702356306, -0.8776172719208167], [0.5610910695485574, -0.8168294833356757], [0.9999990000000001, -0.7290990681424923], [0.9196438377903214, -0.7451607322284426], [0.5837233791058958, -0.9999989999999999], [-0.42285304790939154, -0.5434675484116539], [-0.4228530414300813, -0.5434675467381341], [-0.5578470988464648, -0.42592707425443566], [-0.4263426428509766, 0.5524120128603275], [-0.9999990000000001, -0.2311610628185563], [-0.8080938603129167, 0.5278992148037537], [-0.3273007691857658, 0.420904572943082], [-0.999999, -0.023319586494356104], [-0.8424850006648689, 0.5669722537553521], [-0.9999990000000001, 0.5011219347592746], [-0.6228738614495215, 0.6040403446880103], [-0.8191067064246997, -0.37895677088565277], [-0.6350115629880447, -0.999999], [-0.5578470931127725, -0.42592707266306684], [-0.17096207939526065, -0.999999], [-0.16264011138402212, -0.7700371679683248], [-0.8191067064246997, -0.37895677088565277], [-0.999999, -0.4319874748951017], [-0.9430835539027455, -0.9999989999999999], [0.9666869892062862, 0.23384816193670213], [0.9999990000000001, 0.11356959911378492], [0.036479147107807135, -0.047652824326114056], [0.04568945980564054, -0.999999], [0.9999989999999999, 0.13850275421292732], [0.01503280688652563, -0.054142950135416215], [0.018795887372889248, -0.9999989999999999], [-0.3864065502472916, -0.17562717101980302], [0.03681946916354054, -0.082842119077358], [-0.6666076969275585, 0.6112297269690127], [-0.6512614145045718, 0.5923706525514988], [-0.6725172369101454, 0.5836327066249734], [-0.7503105155998843, 0.5765508412494688], [-0.7568901235404673, 0.5489482937157224], [0.8318259143322464, 0.22627606479219525], [0.8391997886353575, 0.19526778121701074], [0.6450131997268908, 0.1690750009813435], [0.6506152177069404, 0.13819801647439184], [0.8436241339552615, 0.19660668368026088], [-0.03305064373755446, -0.06869404093579348], [-0.03278722082749813, -0.03846389801200362], [-0.18677578648145793, -0.0856143812578649], [-0.1882487800035686, -0.11566034937550314], [-0.013898518697483236, -0.06289819419723411]], "juncdpth": [-0.8009838803689711, -0.781567657329146, -0.7820695909224646, -0.7784760888645058, -0.7687746547973671, -0.7651811481291975, -0.7973731865338975, -0.770525007661707, -0.7348169147740882, -0.7767910933889552, -0.7406499359523149, -0.9027303981729864, -0.9027303974462223, -0.8544176453004553, -1.1179605292719232, -0.9104481549392165, -1.1266601120225932, -1.1662732821444544, -0.9375659169761443, -1.1128564628216306, -1.136319401565856, -1.1000701588097384, -0.8365272742191747, -0.7505917852217265, -0.8544176446813596, -0.963841849910418, -1.013159526788629, -0.8365272742191747, -0.8567819020016016, -0.7265582792927666, -1.1855247333542724, -1.1460324582604453, -1.3151507753875489, -1.0500326587045148, -1.2264689728454614, -1.31847451180046, -1.0544976855367303, -1.3839435819648227, -1.3333756480255918, -1.2263113365465, -1.233505824824576, -1.2155355092047933, -1.239606311914736, -1.2288304845730293, -1.2975188559385105, -1.2861178192763556, -1.3241088066749827, -1.3127077700128278, -1.3111759684792699, -1.4190675902933951, -1.43046862695555, -1.4570585801684048, -1.4456575435062498, -1.4441257394963094], "junctype": [0, 0, 0, 1, 0, 1, 1, 0, 0, 1, 0, 0, 1, 0, 0, 0, 0, 0, 0, 0, 0, 0, 0, 0, 0, 0, 0, 0, 0, 0, 0, 0, 0, 0, 0, 0, 0, 1, 1, 0, 1, 1, 0, 1, 0, 1, 0, 1, 1, 1, 0, 0, 1, 1], "junindex": [178, -1, 174, -1, 172, -1, -1, 166, -1, -1, -1, 122, -1, 78, 76, -1, 31, 121, -1, 3, -1, 27, 26, -1, 75, -1, 213, 26, -1, -1, 249, -1, 251, -1, -1, 253, -1, -1, -1, 84, -1, -1, 86, -1, 257, -1, 259, -1, -1, -1, 261, 263, -1, -1], "K": [[3.125, 0.0, 0.0, 0.0], [0.0, 3.125, 0.0, 0.0], [0.0, 0.0, -1.0010005235671997, -0.010005001910030842], [0.0, 0.0, -1.0, 0.0]], "RT": [[0.4338839054107666, -0.9009687900543213, 1.1920928955078125e-07, 1.8263922640926467e-07], [-0.5791316628456116, -0.2788951098918915, 0.7660444974899292, -0.7193920612335205], [-0.690182089805603, -0.3323744535446167, -0.6427875757217407, -0.7017655968666077], [-0.0, 0.0, -0.0, 1.0]]}