{"line": [[43, 44], [45, 46], [8, 17], [6, 7], [38, 36], [13, 16], [39, 40], [6, 14], [42, 20], [41, 18], [20, 18], [18, 19], [36, 34], [11, 9], [10, 15], [37, 39], [8, 6], [10, 12], [35, 33], [31, 32], [27, 28], [12, 13], [56, 54], [29, 30], [53, 51], [57, 52], [22, 26], [21, 25], [30, 32], [35, 36], [33, 34], [9, 10], [11, 15], [2, 3], [49, 50], [46, 47], [54, 55], [25, 26], [23, 24], [44, 48], [21, 22], [51, 52], [58, 59], [60, 61], [24, 21], [23, 22], [27, 30], [39, 35], [37, 33], [0, 1], [4, 5], [54, 51]], "linedir": [2, 0, null, null, 2, 3, 1, 1, 3, 3, 2, 1, 3, 3, 3, 3, 2, 1, 3, 3, 3, 1, 2, 3, 2, 3, 1, 1, 1, 1, 1, 2, 2, 2, 3, 3, 1, 3, 3, 3, 3, 1, 3, 3, 2, 2, 2, 2, 2, 3, 3, 3], "lineidx": [241, 247, 88, 67, 155, 87, 165, 83, 174, 173, 95, 94, 148, 78, 84, 162, 70, 82, 146, 125, 121, 79, 307, 123, 294, 314, 104, 103, 126, 147, 145, 72, 181, 30, 279, 256, 306, 119, 99, 257, 97, 291, 335, 369, 100, 98, 129, 163, 149, 7, 64, 313], "junction": [[0.4921394198071036, 0.999999], [0.5046787946543415, 0.11537646170177182], [0.7077516064323026, -0.7226635655343459], [0.999999, -0.743088779788371], [0.5236880965153566, 0.999999], [0.5371881512209735, 0.10497879813493566], [0.1773328679967906, 0.20882688538769542], [0.17737624614454003, 0.20014037861811979], [0.08281483762306674, 0.2010985472393446], [-0.05150538278838302, 0.18176301004202042], [0.23245709168440115, 0.20456293102954937], [-0.05163243641281494, 0.09415451438051398], [0.3260635220162223, 0.17449081030340072], [0.434615706265807, 0.13961722338307797], [0.19945388169131356, 0.20191303659693363], [0.23305892794995697, 0.11261365717611453], [0.43478311705200784, 0.1259121909766159], [0.08283476990137023, 0.19254945241425897], [-0.13180789020477884, 0.15260957788827387], [-0.05157442735210562, 0.13415405446607898], [-0.2137588420183811, 0.14636252920477757], [0.46550600268807446, 0.1279053319980536], [0.4750907001419079, -0.6049200800649571], [-0.37879935649080326, -0.5592285182173603], [-0.37219179413634773, 0.07355985604905359], [0.6926432188231524, 0.05525866635151293], [0.704279747085198, -0.5438990713494964], [-0.3809756138199624, -0.7676464883250698], [-0.37979582662775846, -0.6546580960522455], [0.47651488019043026, -0.7138091609969499], [0.478259291641746, -0.8471822972785114], [0.706001414189631, -0.6325469450991356], [0.7081076262422845, -0.7409948672629942], [0.47186166393849904, -0.7154568858420379], [0.7172829100467916, -0.6285521165746956], [0.47046904619190644, -0.607926100770357], [0.7155811553392417, -0.5423171470548206], [-0.39867270621903667, -0.6533104986355959], [0.7042398205010609, -0.5418432759020044], [-0.39766106492814385, -0.5610162681935222], [-0.37879126604126484, -0.558453717748459], [-0.1320431176437037, 0.08913945309704559], [-0.21413471196801281, 0.08381377743945297], [-0.18374461179923887, 0.35236741395676613], [-0.1837433496264172, 0.35236755661199787], [-0.6927024528415135, 0.5196436438917397], [-0.6926997355377741, 0.5196434556488733], [-0.683246566612881, 0.999999], [-0.18037855636217257, 0.999999], [-0.9999990000000001, 0.5843719260358659], [-0.9881693660824994, 0.9999989999999999], [-0.8415682489928829, 0.5685705041115845], [-0.10026502660548929, 0.3249306615154456], [-0.9999989999999999, 0.5412288434898345], [-0.8725066999113122, -0.7236484503206921], [-0.3985415119937673, -0.6413413647452619], [-0.999999, -0.7118075489870581], [-0.10077343044075379, 0.14547094546850856], [0.04868992382593407, 0.9999989999999999], [0.049825898776317476, 0.18989910343791613], [0.022559482813601015, 0.9999989999999999], [0.023087148126744034, 0.1877521951069918]], "juncdpth": [-0.7773095205572855, -0.757996110872071, -0.6842813348235108, -0.654524112090094, -0.736137764043256, -0.7176377486918327, -0.5881883703968469, -0.588044522422306, -0.5977683902408815, -0.6024860335360704, -0.5737461591634945, -0.6010044052203747, -0.612268208814079, -0.6639654850626922, -0.5967440479541367, -0.5722645237101669, -0.6637098260712068, -0.5976245427040153, -0.643716220345065, -0.6728658515119247, -0.6532961927445207, -0.55045855158119, -0.5393531419027972, -0.6255728939744394, -0.6366783644772336, -0.6721309512663649, -0.661025485667739, -0.6219994724419022, -0.6239316098401196, -0.5377411382336956, -0.5357797519161727, -0.6594134866512886, -0.6574520982785588, -0.5329291861175384, -0.663336401309757, -0.5345067059010313, -0.66491392109325, -0.620106937430083, -0.6660876910081506, -0.621684457213576, -0.6272732672934981, -0.6425695176118934, -0.6521494898545672, -0.9524561754187341, -0.9524559582892942, -0.7515557571021312, -0.7515559354963478, -0.7619541333156743, -0.9702226597477898, -0.7327350013943543, -0.7415067210439058, -0.7078820171214516, -0.9961299507820766, -0.7316408145321237, -0.6827811815153139, -0.8355177202905909, -0.7012224000797151, -0.9911047065373002, -1.052887721648669, -1.0288807384100762, -1.0578533774534709, -1.0336707103345404], "junctype": [0, 1, 1, 0, 0, 1, 0, 1, 0, 0, 0, 0, 0, 0, 1, 0, 1, 1, 0, 1, 0, 0, 0, 0, 0, 0, 0, 0, 1, 1, 0, 1, 0, 0, 0, 0, 0, 0, 1, 0, 1, 1, 1, 1, 0, 1, 0, 0, 0, 0, 0, 0, 0, 0, 0, 1, 0, 1, 0, 1, 0, 1], "junindex": [-1, -1, -1, -1, -1, -1, 55, -1, 57, 52, 51, 53, 70, 108, -1, 50, -1, -1, 59, -1, 61, 45, 44, 48, 49, 139, 129, 46, -1, -1, 42, -1, 127, 12, 143, 13, 144, 14, -1, 15, -1, -1, -1, -1, 212, -1, 77, -1, -1, -1, -1, 38, 238, -1, 39, -1, -1, -1, -1, -1, -1, -1], "K": [[3.125, 0.0, 0.0, 0.0], [0.0, 3.125, 0.0, 0.0], [0.0, 0.0, -1.0010005235671997, -0.010005001910030842], [0.0, 0.0, -1.0, 0.0]], "RT": [[0.48082807660102844, -0.8768149018287659, 1.341104507446289e-07, 4.0775454124286625e-09], [-0.07641953974962234, -0.04190681874752045, 0.9961947202682495, -0.18677522242069244], [-0.873478353023529, -0.4789983630180359, -0.0871557667851448, -0.9874790906906128], [-0.0, 0.0, -0.0, 1.0]]}