{"line": [[18, 19], [49, 51], [50, 49], [48, 46], [0, 9], [46, 47], [0, 6], [2, 3], [4, 5], [4, 15], [60, 59], [57, 58], [57, 61], [54, 55], [52, 53], [52, 56], [42, 45], [12, 10], [10, 11], [26, 23], [35, 34], [49, 46], [27, 26], [10, 16], [37, 41], [0, 1], [59, 57], [2, 4], [21, 24], [23, 28], [54, 52], [28, 21], [13, 17], [32, 33], [36, 34], [7, 14], [34, 31], [37, 38], [25, 26], [7, 8], [22, 23], [13, 7], [30, 31], [44, 42], [31, 33], [42, 43], [39, 40], [39, 37], [18, 24], [20, 21], [29, 28]], "linedir": [2, 1, 3, 3, 2, 1, 1, 3, 3, 1, 3, 3, 1, 3, 3, 1, 1, 2, 3, 1, 2, 2, 2, 1, 1, 3, 2, 2, 1, 2, 2, 0, 3, 3, 3, 1, 0, 3, 3, 3, 3, 2, 3, 2, 1, 3, 3, 2, 3, 3, 3], "lineidx": [204, 439, 437, 434, 25, 433, 16, 8, 15, 55, 458, 456, 466, 446, 444, 454, 379, 40, 36, 231, 271, 436, 230, 62, 343, 7, 457, 24, 235, 236, 445, 234, 64, 257, 279, 51, 269, 333, 222, 22, 217, 41, 256, 370, 270, 369, 335, 334, 220, 213, 238], "junction": [[0.3798853527680436, -0.8544927741383329], [0.39195762579667937, -0.999999], [0.5788610753947868, -0.7089427683593182], [0.5809275522558257, -0.7247687743689004], [0.7303190868311341, -0.6640200501508648], [0.732987699255393, -0.6800548885445333], [0.3882437115998077, -0.8605128141035031], [0.8257152528948752, -0.6527879857562537], [0.8912158329472573, -0.9999990000000001], [0.387550389670257, -0.8523254105709539], [0.9295024471451862, -0.7214172102461475], [0.9382178935756676, -0.7631016896024655], [0.9032023639979567, -0.7287674487661671], [0.38170941636360267, -0.7833496527791617], [0.9999990000000001, -0.823680735891009], [0.7440515999638326, -0.6768015049143654], [0.999999, -0.7917685824922128], [0.4000556164566966, -0.9999990000000002], [-0.5212222198630613, -0.5813366679968317], [-0.5212222143017522, -0.5813366658755602], [-0.6900116847089319, -0.47867450153695523], [-0.530354003983352, 0.4938094720772824], [-0.9999990000000001, -0.015728577327713756], [-0.8819075073999189, 0.4259288437490843], [-0.40510910527061467, 0.3778167860930074], [-0.999999, 0.1849483354483849], [-0.922503332649548, 0.4592274101565579], [-0.9999989999999999, 0.4109778045184342], [-0.7274205565614685, 0.5203005312093324], [-0.94883140856114, -0.45490434519098366], [-0.7756001968200379, -0.999999], [-0.6900116798901785, -0.4786744995435745], [-0.19930724381629697, -0.9999989999999999], [-0.1901401340077146, -0.78270944395856], [-0.94883140856114, -0.45490434519098366], [-0.999999, -0.4774308155310597], [-0.999999, -0.6802721816550671], [0.926194978070207, 0.341041627347019], [0.9999990000000001, 0.07145144819260058], [0.04371973587230426, -0.043633283124146174], [0.05481659158019346, -0.9999989999999999], [0.9999990000000001, 0.22641974052034416], [0.024094963176694895, -0.05218780943685996], [0.030142191028651084, -0.999999], [-0.4839752705761651, -0.27365789985568667], [0.04403054707438383, -0.07042007624055523], [-0.7246948753690325, 0.5248271554184338], [-0.7181694644625173, 0.5190569349489664], [-0.7257704436619409, 0.5200787115356026], [-0.7951361513903243, 0.48175741859616406], [-0.7959502306790103, 0.4784377010319395], [-0.7932110450357861, 0.4801109916886258], [0.8222160525578422, 0.3194465639487195], [0.8274007540806406, 0.2979767826340927], [0.6409675016385675, 0.2397969845957739], [0.6448991819433751, 0.21842352995824516], [0.8347188096154575, 0.30116675581755276], [0.004533639984392429, -0.039883537591148946], [0.004558713024671195, -0.06070374837635339], [-0.13560269027885674, -0.10146637343133501], [-0.13633476088831262, -0.12211984468344286], [0.019981399165685355, -0.05398093041293562]], "juncdpth": [-0.7869421598869337, -0.7627043449048799, -0.7620863439189716, -0.7593754455337898, -0.7446031474587533, -0.7418922438788319, -0.7896313196087824, -0.7063439199697132, -0.6544306026661166, -0.7859784736371754, -0.7670877678680093, -0.759962006315091, -0.770065598494179, -0.7564960002739642, -0.7734602029131764, -0.749495294280009, -0.7965704679470708, -0.72180369990626, -0.9194810485548243, -0.9194810475991095, -0.8754430890326749, -1.1389859972470133, -1.0268509199710425, -1.1643509039831725, -1.1830239567691627, -1.0625115156573093, -1.1517686249423322, -1.1700902178142791, -1.1293843962948658, -0.8658414872663998, -0.7788368596016418, -0.8754430882185473, -0.9732182098849355, -1.0201392223895274, -0.8658414872663998, -0.8749354658638935, -0.8215384483775162, -1.1426388973353925, -1.0583074117833149, -1.3131006487750332, -1.0472785441098207, -1.188616260478609, -1.3174714520594772, -1.0531501760125042, -1.4417112225438757, -1.3268847299081823, -1.2599802025850524, -1.262294688093358, -1.2581129544076317, -1.2774634548009507, -1.2761568961134209, -1.2781414200427725, -1.256422465484388, -1.2485493996560604, -1.2913889699161847, -1.283515904087857, -1.264278908306947, -1.4312550104389423, -1.4233819446106146, -1.466221518127249, -1.4583484522989214, -1.4391114532615013], "junctype": [0, 0, 0, 1, 0, 1, 1, 0, 0, 1, 0, 1, 1, 0, 0, 1, 0, 0, 0, 1, 0, 0, 0, 0, 0, 0, 0, 0, 0, 0, 0, 0, 0, 0, 0, 0, 0, 0, 0, 0, 0, 0, 0, 0, 1, 1, 0, 1, 1, 0, 1, 1, 0, 1, 0, 1, 1, 0, 1, 0, 1, 1], "junindex": [178, -1, 174, -1, 172, -1, -1, 164, -1, -1, 190, -1, -1, 166, -1, -1, -1, -1, 122, -1, 78, 76, -1, 31, 121, -1, 3, -1, 27, 26, -1, 75, -1, 213, 26, -1, -1, 249, -1, 251, -1, -1, 253, -1, -1, -1, 84, -1, -1, 86, -1, -1, 257, -1, 259, -1, -1, 261, -1, 263, -1, -1], "K": [[3.125, 0.0, 0.0, 0.0], [0.0, 3.125, 0.0, 0.0], [0.0, 0.0, -1.0010005235671997, -0.010005001910030842], [0.0, 0.0, -1.0, 0.0]], "RT": [[0.5705691576004028, -0.8212496042251587, 1.341104507446289e-07, 1.2207826216581452e-07], [-0.5278891324996948, -0.3667547106742859, 0.7660444378852844, -0.7193921208381653], [-0.6291136145591736, -0.43708139657974243, -0.6427876353263855, -0.7017656564712524], [-0.0, 0.0, -0.0, 1.0]]}