{"line": [[43, 44], [45, 46], [51, 49], [17, 8], [6, 7], [38, 36], [39, 40], [7, 14], [18, 19], [13, 16], [42, 20], [41, 18], [20, 18], [8, 7], [11, 9], [36, 34], [37, 39], [15, 10], [35, 33], [27, 28], [31, 32], [54, 49], [55, 50], [29, 30], [10, 12], [0, 1], [12, 13], [11, 15], [9, 10], [52, 53], [3, 0], [21, 25], [22, 26], [29, 31], [30, 32], [35, 36], [33, 34], [46, 47], [23, 24], [25, 26], [46, 44], [44, 48], [24, 21], [23, 22], [27, 30], [39, 35], [37, 33], [21, 22], [58, 59], [56, 57], [49, 50], [4, 5], [2, 0]], "linedir": [2, 0, 2, null, null, 2, 1, 1, 1, 3, 3, 3, 2, 2, 3, 3, 3, 3, 3, 3, 3, 3, 3, 3, 1, 1, 1, 2, 2, 1, 2, 1, 1, 1, 1, 1, 1, 3, 3, 3, 1, 3, 2, 2, 2, 2, 2, 3, 3, 3, 1, 3, 3], "lineidx": [241, 247, 294, 88, 67, 155, 165, 83, 94, 87, 174, 173, 95, 70, 78, 148, 162, 84, 146, 121, 125, 313, 314, 123, 82, 21, 79, 181, 72, 306, 30, 103, 104, 124, 126, 147, 145, 256, 99, 119, 248, 257, 100, 98, 129, 163, 149, 97, 369, 335, 291, 64, 22], "junction": [[0.8484842420253105, -0.7727334541713381], [0.9999990000000001, -0.7250340747848808], [0.8072658327124856, 0.9999990000000001], [0.4640637204696429, -0.7334823568105341], [0.3322148354077461, 0.999999], [0.34097721097283784, 0.0842531123131939], [-0.17479982601128977, 0.20159910865478944], [-0.17476409887718825, 0.20885825542351255], [-0.2534491207924075, 0.19904565989873874], [-0.3763529957910587, 0.17684215393250866], [-0.1416817207325902, 0.20566703491845661], [-0.3772708171277462, 0.09017110511324743], [0.0055945631173397676, 0.17828027308420752], [0.17866546970197575, 0.14609688886438899], [-0.15118297913703246, 0.20449998691628188], [-0.14204940699141724, 0.1135076620024111], [0.17883695950579795, 0.11195188357581472], [-0.25349987846011335, 0.1919323113662845], [-0.40148642401957874, 0.14688058531252024], [-0.37670916335884097, 0.14320879260043407], [-0.46838841454760777, 0.13915683945294666], [0.05419483680339084, 0.13324476807046656], [0.05532567320323851, -0.6094230981579878], [-0.6462431262617789, -0.5518862878600501], [-0.6352551784117625, 0.06479860645616652], [0.45389912891990186, 0.06496241584854723], [0.4617536529244325, -0.5520238195998843], [-0.649859980890499, -0.754879376510938], [-0.6479124836616496, -0.6455757050978803], [0.055490163483492734, -0.7174409749923394], [0.0556996827967465, -0.855028626606068], [0.46289149993287826, -0.641403047558031], [0.4643391575531525, -0.7551182654102009], [0.04245050046044625, -0.7212785282732291], [0.479224091330503, -0.6395019745286614], [0.04232358286812246, -0.6123184543381472], [0.4780521666205534, -0.5505879752592792], [-0.6701247015069833, -0.643139989918255], [0.46172262573594236, -0.5495865811100566], [-0.6684696635433267, -0.5533355939399904], [-0.6462332072563416, -0.5513295960279345], [-0.4021516659022866, 0.08794029959994805], [-0.4691502224755561, 0.08128891961599409], [-0.21065732393893363, 0.34615184671423876], [-0.2106557670406553, 0.3461520984807777], [-0.8237254654645519, 0.48974140862057786], [-0.823721759376146, 0.4897412986045884], [-0.8117909384581539, 0.9999990000000001], [-0.2067618184960485, 0.999999], [-0.9965937701102242, 0.5302297042116584], [-0.10670759262122954, 0.32180529309452655], [-0.999999, 0.5293310940564684], [-0.999999, -0.6985278338746375], [-0.6480798295113169, -0.654968024374857], [-0.999999, 0.4099952096290502], [-0.10707711672813934, 0.19923213567015616], [0.05737655196484603, 0.9999989999999999], [0.05875074986358105, 0.1683956193577413], [0.03366108685380214, 0.9999990000000001], [0.03446286265863422, 0.17291207114752935]], "juncdpth": [-0.6156659047585049, -0.6806898781616073, -0.6471015424328884, -0.6681905194855882, -0.719755104056238, -0.7012587036973754, -0.5880298413410798, -0.5881500494339249, -0.6003657580187907, -0.6090707153108601, -0.5724237964389365, -0.607589088958902, -0.6071314191663146, -0.6537096639241067, -0.5935137294273114, -0.5709421609856089, -0.6530827942157867, -0.6002455504515856, -0.6524908141483567, -0.6582415252807587, -0.6647064719750702, -0.5432307498767694, -0.5321253427760161, -0.6420662447915362, -0.6531717095251497, -0.6528552266937084, -0.6417497636117059, -0.6384928238729008, -0.6404119936131979, -0.5305478231548634, -0.5285519527893916, -0.6401722439905532, -0.6381763762225257, -0.5260020549327747, -0.6434964371599382, -0.5275795747162677, -0.6450739569434312, -0.6371645345753917, -0.6474129037762807, -0.6387420543588846, -0.6433523104284552, -0.651411472177336, -0.6636271298157359, -0.9620114321435795, -0.9620110412133447, -0.781003886563705, -0.7810039991540135, -0.7924822782339294, -0.9801282004802744, -0.7416545938273608, -1.0013604175583852, -0.7424848295253365, -0.723126733762538, -0.8056794193353018, -0.7391290991804369, -0.9979048704017597, -1.049963176466328, -1.0254022641955136, -1.056295006050334, -1.0317170512508476], "junctype": [0, 0, 0, 1, 0, 1, 1, 0, 0, 0, 0, 0, 0, 0, 1, 0, 1, 1, 0, 1, 0, 0, 0, 0, 0, 0, 0, 0, 1, 0, 0, 0, 0, 0, 0, 0, 0, 0, 1, 0, 1, 1, 1, 1, 0, 1, 0, 0, 0, 0, 0, 0, 0, 1, 0, 1, 0, 1, 0, 1], "junindex": [163, -1, -1, -1, -1, -1, -1, 55, 57, 52, 51, 53, 70, 108, -1, 50, -1, -1, 59, -1, 61, 45, 44, 48, 49, 139, 129, 46, -1, 43, 42, 128, 127, 12, 143, 13, 144, 14, -1, 15, -1, -1, -1, -1, 212, -1, 77, -1, -1, 38, 238, -1, -1, -1, -1, -1, -1, -1, -1, -1], "K": [[3.125, 0.0, 0.0, 0.0], [0.0, 3.125, 0.0, 0.0], [0.0, 0.0, -1.0010005235671997, -0.010005001910030842], [0.0, 0.0, -1.0, 0.0]], "RT": [[0.6131156086921692, -0.7899932861328125, 1.303851746570217e-07, -5.48346328343996e-08], [-0.06885255128145218, -0.05343646556138992, 0.9961947202682495, -0.18677525222301483], [-0.7869871258735657, -0.6107825636863708, -0.0871557667851448, -0.9874792098999023], [-0.0, 0.0, -0.0, 1.0]]}