{"line": [[16, 17], [55, 57], [56, 55], [49, 51], [49, 50], [47, 52], [47, 48], [0, 1], [2, 3], [45, 43], [0, 12], [2, 14], [53, 58], [46, 43], [43, 44], [53, 54], [38, 42], [25, 24], [10, 8], [4, 5], [8, 9], [24, 21], [23, 24], [55, 53], [0, 2], [8, 4], [21, 26], [19, 22], [26, 19], [49, 47], [30, 31], [33, 37], [32, 29], [11, 15], [41, 40], [20, 21], [6, 7], [11, 6], [28, 29], [6, 13], [33, 34], [29, 31], [40, 38], [27, 26], [35, 33], [38, 39], [35, 36], [16, 22], [18, 19]], "linedir": [2, 1, 3, 1, 3, 1, 3, 3, 3, 3, 1, 1, 1, 2, 1, 3, 1, 2, 2, 3, 3, 1, 3, 2, 2, 1, 2, 1, 0, 2, 3, 1, 0, 3, 3, 3, 3, 2, 3, 1, 3, 1, 2, 3, 2, 3, 3, 3, 3], "lineidx": [204, 460, 458, 448, 446, 454, 444, 8, 15, 434, 45, 55, 466, 436, 433, 456, 379, 230, 40, 19, 36, 231, 222, 457, 24, 62, 236, 235, 234, 445, 257, 343, 269, 64, 371, 217, 22, 41, 256, 51, 333, 270, 370, 238, 334, 369, 335, 220, 213], "junction": [[0.38135609130628423, -0.6727937408522596], [0.38198040660628857, -0.6799920872461329], [0.5165086862062629, -0.6158353684814868], [0.5173790116136101, -0.6231484560003439], [0.8856670517162607, -0.7420806525406455], [0.8953535258161046, -0.7909283868828751], [0.5768765820350873, -0.598169927212134], [0.6305054834942893, -0.999999], [0.750180308841893, -0.6581585330404915], [0.7587553769294421, -0.7082522331222053], [0.7052090566396457, -0.6758432741013152], [0.18438879314994402, -0.7629458577961737], [0.38904283595888467, -0.6770271074385735], [0.999999, -0.8542651552395562], [0.5241175043201444, -0.6203194726844377], [0.19412984380725262, -0.999999], [-0.6009683183001557, -0.6254462903607736], [-0.6009683138003782, -0.6254462878946062], [-0.7949693016160166, -0.5397817863068938], [-0.6150834338648405, 0.42507918755782853], [-0.9999990000000001, 0.050858957872043045], [-0.9265974995352397, 0.3204900030233211], [-0.4693499852946708, 0.32717722562116824], [-0.9999990000000001, 0.24829766551076943], [-0.9714046278398704, 0.347689804438647], [-0.999999, 0.3217422398814089], [-0.8055153198116293, 0.4278877015195013], [-0.999999, -0.36798081396796095], [-0.8807708544939105, -0.999999], [-0.7949692978312916, -0.5397817840219586], [-0.22185290066144284, -0.999999], [-0.21232270332228487, -0.7970595071274684], [-0.999999, -0.5377172003559886], [0.8553945755729248, 0.4456356733153473], [0.999999, -0.10861093028266924], [0.04989954739958891, -0.03893278887636926], [0.06264314026834622, -0.999999], [0.9999990000000001, 0.30092530750340923], [0.03257831900075081, -0.04935286685938365], [0.04078534790240741, -0.9999989999999999], [-0.5487714213937519, -0.399080351009537], [-0.5801235126776939, -0.6346506718590413], [0.05019225453777319, -0.06100748501275394], [-0.760160572016741, 0.4351792177235497], [-0.7476908086932511, 0.4270348981877722], [-0.7619941228718018, 0.4272458453060499], [-0.7690820393847859, 0.4273503788109664], [0.789177906565967, 0.4131662169633648], [0.7907132013023591, 0.406724751501451], [0.6195429977777408, 0.31086929282455283], [0.620707581972813, 0.30445303207285984], [0.6243194104517026, 0.3066258303031416], [0.7938666881868525, 0.40862182129917024], [0.0417605918931349, -0.03755759268935544], [0.04196044682096247, -0.05556074226467561], [-0.08185469055834123, -0.11210276302999067], [-0.08198633321997756, -0.11827249442557748], [-0.07689761918515342, -0.1152112336503496], [0.04995369640824705, -0.04301647101555332]], "juncdpth": [-0.7479545338515372, -0.7467320623330999, -0.7267208216168397, -0.7254983439179116, -0.7755186203014774, -0.7671285870069611, -0.687283362471069, -0.628825051536347, -0.7423810352485667, -0.7339910152497907, -0.7491264125734238, -0.7481941348142325, -0.7495823514161276, -0.7868409147775498, -0.7283486474112426, -0.7106511245076893, -0.9397932196973207, -0.9397932185365848, -0.9011326782239362, -1.1646755862636269, -1.1175432925822602, -1.206070731135389, -1.2033361277370114, -1.1608538581077301, -1.195024858005258, -1.2055577180736976, -1.1636031609664723, -0.9373012407947618, -0.813347604564887, -0.9011326772351609, -0.9839933051876301, -1.0281601542109144, -0.9002401536180521, -1.1036819515024368, -0.9440844060622113, -1.3107113882111028, -1.0440688354663201, -1.1583203616344588, -1.3160198221225263, -1.0512000584649799, -1.52304925092099, -1.4407379320421905, -1.3220083548836095, -1.2969253314968352, -1.3003893541372626, -1.2938046030417014, -1.30025482755753, -1.2176291976842548, -1.2152649762886936, -1.2600967638980705, -1.2577325425025094, -1.261922477377406, -1.2194549111635904, -1.429967056439041, -1.4231561206219578, -1.4724346266079578, -1.4700704052123967, -1.4742603400872933, -1.4329936169319393], "junctype": [0, 1, 0, 1, 0, 1, 0, 0, 0, 1, 1, 0, 1, 0, 1, 0, 0, 1, 0, 0, 0, 0, 0, 0, 0, 0, 0, 0, 0, 0, 0, 0, 0, 0, 0, 0, 0, 0, 0, 0, 0, 1, 1, 0, 1, 1, 1, 0, 1, 0, 1, 1, 1, 0, 1, 0, 1, 1, 1], "junindex": [174, -1, 172, -1, 223, -1, 164, -1, 190, -1, -1, 166, -1, -1, -1, -1, 122, -1, 78, 76, -1, 31, 121, -1, 3, -1, 27, -1, -1, 75, -1, 213, -1, 249, -1, 251, -1, -1, 253, -1, 255, -1, -1, 84, -1, -1, -1, 257, -1, 259, -1, -1, -1, 261, -1, 263, -1, -1, -1], "K": [[3.125, 0.0, 0.0, 0.0], [0.0, 3.125, 0.0, 0.0], [0.0, 0.0, -1.0010005235671997, -0.010005001910030842], [0.0, 0.0, -1.0, 0.0]], "RT": [[0.692968487739563, -0.7209678888320923, 1.1920928955078125e-07, 9.924835353558592e-08], [-0.4634293019771576, -0.44543153047561646, 0.7660444378852844, -0.7193921208381653], [-0.5522933602333069, -0.5308446884155273, -0.6427876353263855, -0.7017657160758972], [-0.0, 0.0, -0.0, 1.0]]}