{"line": [[45, 46], [47, 48], [11, 12], [21, 10], [8, 9], [15, 12], [22, 23], [41, 39], [42, 43], [20, 18], [44, 22], [10, 9], [3, 4], [16, 13], [40, 42], [39, 37], [19, 14], [30, 31], [36, 38], [34, 35], [53, 54], [32, 33], [55, 52], [9, 12], [16, 19], [13, 14], [14, 17], [17, 18], [5, 0], [0, 1], [27, 25], [26, 24], [42, 38], [40, 36], [30, 32], [48, 49], [25, 28], [24, 29], [33, 34], [32, 35], [26, 27], [38, 39], [36, 37], [28, 29], [46, 50], [48, 46], [24, 25], [51, 52], [58, 59], [56, 57], [6, 7], [2, 0]], "linedir": [2, 0, null, null, null, 2, 2, 2, 1, 3, 3, 2, 3, 3, 3, 3, 3, 3, 3, 3, 1, 3, 3, 1, 2, 2, 1, 1, 2, 1, 2, 2, 2, 2, 2, 3, 1, 1, 1, 1, 3, 1, 1, 3, 3, 1, 3, 1, 3, 3, 3, 3], "lineidx": [241, 247, 71, 88, 67, 77, 95, 155, 165, 87, 174, 70, 29, 78, 162, 148, 84, 121, 146, 125, 306, 123, 314, 83, 181, 72, 82, 79, 30, 21, 100, 98, 163, 149, 129, 256, 103, 104, 124, 126, 99, 147, 145, 119, 257, 248, 97, 291, 369, 335, 64, 22], "junction": [[0.5584973379263604, -0.790898161204187], [0.999999, -0.7090843481035407], [0.5311018862965734, 0.9999990000000001], [0.9981141772426855, 0.999999], [0.999999, 0.9344360586585085], [0.19056190755763605, -0.7364179083247406], [0.12195179327642912, 0.9999989999999999], [0.12519320475542148, 0.07715230465744746], [-0.5135027493305327, 0.1961106213886076], [-0.5134393222593443, 0.20049829972896577], [-0.5709265782604961, 0.18925469035314318], [-0.3452764124353872, 0.17840692091834318], [-0.34526214807227334, 0.17987518009557354], [-0.6741076242436389, 0.16498894547310375], [-0.5044568908090549, 0.1978635088861711], [-0.3502089813803821, 0.1790098275220059], [-0.6757081403575869, 0.08057690384667533], [-0.31528305129096346, 0.174740840281323], [-0.08877907207639277, 0.14705533129819098], [-0.5057446264424859, 0.10718924344357991], [-0.08889547731109039, 0.10041687820426026], [-0.5709954326856239, 0.18496980975472724], [-0.6941766888207374, 0.1271642983074793], [-0.6747590364207495, 0.13063313278803185], [-0.3693162472183556, -0.6067498992734679], [-0.36182483978358293, 0.13007554658895037], [-0.8729275180865954, -0.5413547071667287], [-0.8586374479679422, 0.05221822412155148], [0.18634414363584278, 0.07050715881737808], [0.1896223392232237, -0.5566697500263922], [-0.8776273177857788, -0.7365731219519306], [-0.8751305432939563, -0.6328610059886496], [-0.37179312709809154, -0.8503705667441256], [-0.3704056175110025, -0.7138980577241785], [0.19009740759912652, -0.6475547474307871], [0.19070188304199157, -0.763196519947022], [-0.39075987491702485, -0.7173273628976331], [0.21071010210290872, -0.6459708601467339], [-0.38960172296871337, -0.6093373714382794], [0.21018574314374144, -0.5554735674399147], [-0.8989534810644523, -0.6287066735822593], [0.1896064444978761, -0.5536288073966147], [-0.8968197595001822, -0.542433857155666], [-0.872917053786822, -0.5409200469419146], [-0.6951386965918749, 0.07784071195539445], [-0.2315150267819688, 0.3392575515020603], [-0.2315133986934955, 0.33925792025982515], [-0.9187735364649076, 0.45678444948207214], [-0.9187692275450973, 0.45678448291542445], [-0.9046154678184728, 0.9999989999999999], [-0.2271896219751467, 0.9999989999999999], [-0.9999989999999999, 0.47067467656805184], [-0.11039387823730619, 0.3185448318082763], [-0.9999990000000002, -0.6666809999073002], [-0.8756742041243436, -0.6554438284543873], [-0.11092024274025707, 0.14976163951157023], [0.0646979610088806, 0.9999990000000001], [0.06640563189502517, 0.08354062840837048], [0.0439762461246054, 0.999999], [0.04513400818971279, 0.08585217168742444]], "juncdpth": [-0.5940552276126995, -0.7056089512732058, -0.6246982419112669, -0.7552639163091014, -0.7538403692329368, -0.6639540402119484, -0.7112086395108715, -0.6927938153089501, -0.5984516345692972, -0.5985255628163535, -0.6130711022407929, -0.6257312795553457, -0.6257571310147987, -0.6255388722908477, -0.5819024774433941, -0.6269540511632106, -0.6240572475480877, -0.6119266560514531, -0.6522196328412888, -0.5804208418634078, -0.6513656236037884, -0.6129971746915865, -0.684607210699228, -0.6787295274989067, -0.5363924274780865, -0.5474978323633055, -0.667301770184847, -0.6784072281090092, -0.642329584220054, -0.6312241246292025, -0.663728350389768, -0.6656219771964978, -0.5328190371859878, -0.5348149077220782, -0.6296466048731942, -0.6276507369345483, -0.5306836252688485, -0.6323233239927029, -0.5322611451871969, -0.6339008439110513, -0.6630475380699523, -0.6380739166089456, -0.6646250579883007, -0.66838599449584, -0.6836597842679601, -0.9728370578338915, -0.9728364722865952, -0.8162545430113393, -0.816254505636524, -0.829025683317716, -0.9913506814881975, -0.8010157996849236, -1.0068759934404543, -0.7816838105324687, -0.8046758686652024, -1.0020981512832785, -1.0466070258204772, -1.0196907339261707, -1.0541464923325945, -1.0271029275766386], "junctype": [0, 0, 0, 0, 0, 1, 0, 1, 1, 0, 0, 1, 0, 0, 0, 1, 0, 0, 0, 0, 1, 1, 0, 1, 0, 0, 0, 0, 0, 0, 0, 1, 0, 0, 0, 0, 0, 0, 0, 0, 0, 1, 0, 1, 1, 1, 0, 1, 0, 0, 0, 0, 0, 0, 1, 1, 0, 1, 0, 1], "junindex": [163, -1, -1, -1, -1, -1, -1, -1, -1, 55, 57, -1, 72, 52, 51, -1, 53, 70, 108, 50, -1, -1, 61, -1, 44, 45, 48, 49, 139, 129, 46, -1, 42, 43, 128, 127, 12, 143, 13, 144, 14, -1, 15, -1, -1, -1, 212, -1, 77, -1, -1, -1, 238, -1, -1, -1, -1, -1, -1, -1], "K": [[3.125, 0.0, 0.0, 0.0], [0.0, 3.125, 0.0, 0.0], [0.0, 0.0, -1.0010005235671997, -0.010005001910030842], [0.0, 0.0, -1.0, 0.0]], "RT": [[0.7300519943237305, -0.6833916306495667, 1.3783574104309082e-07, -5.576594830358772e-08], [-0.05956161767244339, -0.06362815201282501, 0.9961947202682495, -0.18677523732185364], [-0.6807911396026611, -0.7272739410400391, -0.0871557742357254, -0.9874791502952576], [-0.0, 0.0, -0.0, 1.0]]}