{"line": [[6, 7], [29, 30], [39, 40], [31, 28], [34, 33], [32, 33], [12, 9], [42, 44], [30, 33], [26, 28], [23, 24], [21, 20], [10, 8], [11, 7], [4, 0], [41, 42], [8, 9], [35, 36], [17, 18], [16, 14], [22, 21], [19, 20], [15, 16], [13, 14], [25, 26], [27, 28], [37, 38], [0, 1], [4, 5], [3, 1], [43, 42], [0, 2]], "linedir": [null, null, 1, 2, null, 2, 3, 1, 3, 3, 3, 3, 1, 1, 2, 2, 1, 3, 3, 3, 1, 1, 1, 1, 1, 1, 1, 1, 3, 3, 3, 3], "lineidx": [71, 150, 306, 155, 161, 160, 87, 342, 168, 148, 142, 125, 82, 83, 30, 332, 79, 256, 113, 119, 126, 124, 104, 103, 145, 147, 291, 21, 64, 29, 333, 22], "junction": [[-0.11946395695215908, -0.8028059747491219], [0.6906537604684061, -0.74028308928399], [-0.11356667331810351, 0.9999989999999999], [0.6576874744906267, 0.9999989999999999], [-0.3224676192393669, -0.7226345578270105], [-0.3072239758129969, 0.9999989999999999], [-0.8634380628001862, 0.1477223086697369], [-0.8633230337930583, 0.15246114883256212], [-0.870439660738529, 0.1481100961008278], [-0.5901318079489712, 0.13258508836615124], [-0.999999, 0.1552858169965885], [-0.9999989999999999, 0.16011631989142883], [-0.59103633149024, 0.07804066144177786], [-0.9999989999999999, 0.09764576376078475], [-0.3671910280827001, 0.06730982849576475], [-0.9999990000000001, -0.5786976285832548], [-0.3735904495616472, -0.5539901387162358], [-0.3728291950113986, -0.5346742315680703], [-0.366799386585364, 0.05161987148793217], [-0.9999989999999999, -0.6765881597567057], [-0.37451758094230025, -0.6440066420100075], [-0.3756971963410588, -0.7585371774266277], [-0.999999, -0.8011003099734156], [-0.3748965934517695, -0.7357032863042835], [-0.3739595311315914, -0.6445853575220116], [-0.999999, -0.6772496060629138], [-0.3494992628982372, -0.6433091180504084], [-0.999999, -0.5791973166210433], [-0.34863568864477734, -0.5534633224008708], [-0.34935376764597104, -0.6281718711365402], [-0.34389535783826786, -0.6278987218962417], [-0.37352043205847807, -0.5471923566719741], [-0.3733901062540122, -0.5345394288553154], [-0.34308094621682056, -0.5418235705945617], [-0.37347699766878706, -0.5429754465997595], [-0.999999, 0.5504977985323467], [-0.9872175586149274, 0.999999], [-0.999999, 0.38807088803189416], [-0.31315836934620883, 0.32937288000180404], [-0.34356904632491014, -0.5934108632458079], [-0.32131521814140557, -0.5924055339710282], [0.6900875142866358, -0.7103910932937707], [0.9225884648941703, -0.7576456383837235], [0.8781332130755535, 0.9999989999999997], [0.999999, -0.7512020579102934]], "juncdpth": [-0.5806931025244082, -0.6584574243909109, -0.6108460235993379, -0.6914625450694174, -0.6843253519179497, -0.7182792396469154, -0.6659503107682554, -0.666039041374735, -0.6505877520493468, -0.6754662608272344, -0.6396977189668663, -0.6542779922732936, -0.6744325339124172, -0.5953496076700363, -0.648357543108796, -0.585679014514757, -0.6372520986297859, -0.668664599725001, -0.6796560512101801, -0.5843053072806857, -0.6356745790086332, -0.6336787112406057, -0.5825672996710941, -0.6649772462584784, -0.6666435150843546, -0.5833484271048603, -0.6368731808407512, -0.5847221342739056, -0.6384507006242441, -0.6640473234335165, -0.6645589912616638, -0.6530740705600775, -0.6847176515842925, -0.6661365110451567, -0.6632901264715602, -0.9046587111146986, -0.9163712101943547, -0.901045538447142, -0.9887888840960539, -0.9606605493081204, -0.9636880496479787, -0.710674639594398, -0.6413240099815427, -0.6737910389661179, -0.6499728831373244], "junctype": [0, 0, 0, 0, 0, 0, 1, 0, 0, 0, 0, 0, 1, 0, 0, 0, 0, 1, 0, 0, 0, 0, 0, 0, 1, 0, 0, 0, 0, 1, 0, 1, 1, 0, 1, 0, 0, 0, 1, 1, 1, 1, 0, 0, 0], "junindex": [163, 244, -1, -1, 165, -1, -1, 72, 70, 108, -1, -1, -1, -1, 139, -1, 129, -1, 157, -1, 128, 127, -1, 151, -1, -1, 143, -1, 144, -1, 159, -1, -1, 160, -1, -1, -1, -1, -1, -1, -1, -1, 248, -1, -1], "K": [[3.125, 0.0, 0.0, 0.0], [0.0, 3.125, 0.0, 0.0], [0.0, 0.0, -1.0010005235671997, -0.010005001910030842], [0.0, 0.0, -1.0, 0.0]], "RT": [[0.9066174030303955, -0.4219536781311035, 1.341104507446289e-07, -1.7498727800102643e-07], [-0.03677581995725632, -0.07901687175035477, 0.9961947202682495, -0.18677523732185364], [-0.42034801840782166, -0.9031674861907959, -0.0871557667851448, -0.9874792098999023], [-0.0, 0.0, -0.0, 1.0]]}