{"line": [[22, 23], [50, 54], [14, 12], [30, 34], [18, 19], [11, 12], [21, 17], [20, 19], [32, 27], [0, 1], [6, 7], [8, 7], [15, 14], [53, 52], [47, 48], [41, 40], [13, 14], [32, 33], [9, 3], [7, 0], [16, 17], [29, 30], [40, 42], [43, 44], [37, 38], [52, 50], [35, 36], [50, 51], [47, 49], [39, 40], [26, 27], [31, 32], [3, 4], [24, 25], [22, 28], [10, 9], [4, 5], [2, 3], [45, 46]], "linedir": [2, 1, 2, 1, 3, 3, 3, 1, 1, 3, 3, 2, 3, 3, 2, 0, 1, 2, 2, 1, 1, 3, 1, 1, 1, 2, 3, 3, 3, 3, 3, 3, 1, 3, 3, 3, 3, 3, 3], "lineidx": [204, 379, 81, 231, 113, 76, 119, 117, 229, 19, 36, 40, 87, 371, 334, 269, 79, 226, 41, 62, 103, 222, 270, 291, 248, 370, 238, 369, 335, 256, 218, 223, 51, 213, 220, 64, 29, 22, 333], "junction": [[0.11153906442486936, 0.34057607862306777], [0.11242010430583271, 0.28511346751340555], [-0.5795042117760746, -0.9999989999999999], [-0.4859163792936976, 0.3504372597483937], [0.3133332716175821, 0.2631786359286908], [0.36908789187441854, -0.999999], [-0.1431436626184222, 0.31301481545214266], [-0.14200255563776312, 0.3692075208696662], [-0.16219806235857087, 0.3150950924934152], [-0.5234213417912791, 0.1327709378744583], [-0.6054375605547997, -0.999999], [-0.8864625007974688, -0.9507616410240772], [-0.8822457608231402, -0.9112192198992468], [-0.999999, -0.8886082281006], [-0.8872889737819227, -0.891717297853036], [-0.8936179835082178, -0.9505910560476427], [-0.999999, -0.9480549583551613], [-0.7241408468011173, -0.9546313499788862], [-0.681009247825573, -0.9999989999999999], [-0.6786202846738036, -0.9706654372765566], [-0.7254436864038026, -0.9695941836270131], [-0.728091085941527, -0.9999990000000001], [-0.6969895995766475, 0.13431967245951656], [-0.6969895994337126, 0.13431967514094648], [-0.9086714389628792, 0.15417887426173618], [-0.8020415164440333, 0.9999990000000001], [-0.6384106682655208, 0.1288240180867472], [-0.573758120264697, 0.8613383274050239], [-0.6135095356013032, 0.999999], [-0.9999990000000001, 0.6338980426291897], [-0.9581041462918286, 0.9157724751789366], [-0.6909655850243653, 0.13375452455483772], [-0.6207777612235512, 0.8679976430129012], [-0.6115095782930794, 0.9999989999999999], [-0.9348127225181516, 0.9124737594218808], [-0.999999, 0.46273381351284665], [-0.9221266254282904, 0.999999], [-0.999999, -0.647345942163758], [-0.5812016244242836, -0.6652635015975178], [-0.999999, -0.5702583850895808], [-0.9086714391749607, 0.1541788766084454], [-0.999999, 0.1240903081453112], [-0.5244809906165512, 0.11813556023734569], [-0.9999990000000001, -0.647346669505616], [-0.5812016755645412, -0.6652642079230141], [0.449796883728439, 0.999999], [0.5911966262020929, -0.9999989999999999], [0.06394815868290293, 0.9359572322864906], [0.08769181832605048, 0.9999989999999999], [0.06982602848217505, 0.3452865651271317], [0.05794725981463853, 0.9197715146182974], [0.06310774935300216, 0.3460452335494441], [-0.12372547587650179, 0.42976098911922755], [-0.12484081707103342, 0.3672695142950329], [0.06411853628234856, 0.9188358849667488]], "juncdpth": [-0.7278655126695708, -0.722161153408825, -0.5788555350683717, -0.6903432674748142, -0.7282370478395394, -0.6182288385563818, -0.709871295940319, -0.7155756508308517, -0.7391636347304104, -0.7933167082412904, -0.6858494388441029, -0.7112761769865781, -0.7146757547177627, -0.6777713957226162, -0.6826181991332296, -0.6777835918224667, -0.6317360251924988, -0.6429085175474758, -0.6695226940980709, -0.6718796112249579, -0.6698628840156652, -0.639420459190014, -1.0690299836876842, -1.069029981725388, -1.0546917750887599, -1.1949108889645208, -1.2132768125359181, -1.3499917241875892, -1.2144923262484713, -1.2620339949229793, -1.3172186745906487, -1.2091801785392484, -1.3458950789976996, -1.269530887581035, -1.3191593659908345, -1.1454706961090184, -1.2422040696968661, -0.9497723796647256, -0.9755089546912858, -0.9583693545036028, -1.054691773417174, -1.0765687531894146, -1.0810063388880522, -0.9497720560665621, -0.9755086196288267, -0.7799989645965094, -0.5934419919497894, -1.2454453841216573, -1.2111616471117728, -1.140603702280757, -1.254419621090138, -1.1518406284442326, -1.6044157187129056, -1.5900818204591884, -1.2549423399876845], "junctype": [0, 1, 0, 0, 0, 0, 1, 0, 1, 0, 0, 1, 0, 0, 0, 1, 0, 0, 0, 0, 1, 0, 0, 1, 0, 0, 1, 0, 0, 0, 0, 1, 0, 0, 1, 0, 0, 0, 1, 0, 0, 0, 1, 0, 1, 0, 0, 0, 0, 1, 0, 1, 0, 1, 1], "junindex": [223, -1, -1, 164, 245, -1, -1, 190, -1, 166, -1, -1, 110, -1, 108, -1, -1, 139, -1, 157, -1, -1, 122, -1, 78, -1, -1, 126, -1, -1, 3, -1, 115, -1, -1, -1, -1, -1, -1, -1, 75, -1, -1, -1, -1, -1, -1, 251, -1, -1, 253, -1, 255, -1, -1], "K": [[3.125, 0.0, 0.0, 0.0], [0.0, 3.125, 0.0, 0.0], [0.0, 0.0, -1.0010005235671997, -0.010005001910030842], [0.0, 0.0, -1.0, 0.0]], "RT": [[0.9749279618263245, -0.2225208431482315, 1.341104507446289e-07, 7.502055154873233e-08], [-0.08694595098495483, -0.3809346854686737, 0.9205048084259033, -0.48278164863586426], [-0.20483148097991943, -0.8974258899688721, -0.3907311260700226, -0.8814316987991333], [-0.0, 0.0, -0.0, 1.0]]}