{"line": [[30, 27], [31, 32], [16, 14], [15, 13], [21, 22], [28, 29], [39, 40], [30, 32], [8, 7], [29, 32], [25, 27], [22, 23], [4, 0], [19, 18], [6, 7], [41, 42], [42, 44], [20, 19], [17, 18], [11, 12], [9, 10], [24, 25], [26, 27], [37, 38], [33, 34], [13, 14], [35, 36], [12, 10], [0, 1], [4, 5], [3, 1], [43, 42], [0, 2]], "linedir": [2, 2, 1, 1, 1, null, 1, null, 3, 3, 3, 3, 2, 3, 1, 2, 1, 1, 1, 1, 1, 1, 1, 1, 1, 3, 3, 3, 1, 3, 3, 3, 3], "lineidx": [155, 160, 117, 115, 131, 150, 306, 161, 87, 168, 148, 142, 30, 125, 79, 332, 342, 126, 124, 104, 103, 145, 147, 291, 248, 113, 256, 119, 21, 64, 29, 333, 22], "junction": [[-0.45797442930593313, -0.7950950394002594], [0.44736102181665116, -0.7539647517250806], [-0.4354593411259429, 0.999999], [0.42584786115057033, 0.999999], [-0.5263035115148316, -0.7130657437499826], [-0.5015560067097509, 0.9999990000000002], [-0.9999989999999999, 0.1253712379011012], [-0.7948522729600246, 0.11856823909472436], [-0.7960703986181833, 0.06401041028614943], [-0.9999989999999999, 0.06983114080308232], [-0.617128759260897, 0.0589028821910255], [-0.9999990000000001, -0.5556907232569253], [-0.6276140139470718, -0.5469491986339917], [-0.5923608004017992, -0.5343838321249221], [-0.582911806447344, 0.04388196208601263], [-0.627410176416632, -0.5351711926948464], [-0.6173724192926942, 0.044823878705035146], [-0.999999, -0.6461810305504697], [-0.629132363533153, -0.6346843555923506], [-0.6310639291985344, -0.7462964760033037], [-0.999999, -0.7612641180280292], [-0.630709703694526, -0.7258281790592181], [-0.5954665801288509, -0.7244602136231041], [-0.5937686833868869, -0.6205474776170525], [-0.9999990000000001, -0.6467420600934493], [-0.604398184289781, -0.6344600816818157], [-0.999999, -0.5561145931294545], [-0.6029404307684664, -0.5467797787561441], [-0.6041720440930448, -0.6208583028738149], [-0.5683362537430671, -0.6197876230183889], [-0.6135660536368412, -0.5367493065736271], [-0.5920526607812271, -0.5155260994100058], [-0.5670210538437168, -0.5356961497463483], [-0.999999, 0.3556227538567898], [-0.5112342281916114, 0.3300559033781862], [-0.9999990000000001, 0.4104501304671307], [-0.9833018319071121, 0.999999], [-0.9999989999999999, 0.355622040715004], [-0.511234238073689, 0.33005521932381526], [-0.5679325462165948, -0.5939753030137699], [-0.5245657676012205, -0.5927761284728098], [0.44676612888440065, -0.7054632481329084], [0.6704670919442574, -0.7776295551780041], [0.6378110301007034, 0.9999989999999997], [0.999999, -0.7615828979444873]], "juncdpth": [-0.5892761176770903, -0.6397111071108499, -0.6197438467908303, -0.6720286657605596, -0.6992190202796947, -0.733719175668268, -0.6876854181495414, -0.6996207730011164, -0.6985502384500187, -0.643594807723114, -0.6647601196327464, -0.6334129225405457, -0.6536546835717703, -0.6851259007142372, -0.6962313082196536, -0.6830651370834422, -0.6941705439277879, -0.6319665877950056, -0.652077163815762, -0.650081295877116, -0.6301366930445655, -0.6794917489962484, -0.681552513019583, -0.6835014140853884, -0.6310169665647696, -0.6524821314658471, -0.6324633012553963, -0.6540596513841955, -0.6780248478925649, -0.6801206361311144, -0.6789719483717656, -0.7384867526808968, -0.6816981560494628, -0.9475269891701424, -0.9876709929135467, -0.9488737962794268, -0.964986271810906, -0.9475267257923754, -0.9876707182107963, -0.9589691608447607, -0.9625698814819506, -0.7187802257610187, -0.6159065985523846, -0.6474413865387676, -0.636151705759289], "junctype": [0, 0, 0, 0, 0, 0, 0, 0, 1, 0, 0, 0, 0, 0, 0, 1, 1, 0, 0, 0, 0, 1, 0, 1, 0, 0, 0, 0, 1, 0, 0, 1, 0, 0, 1, 0, 0, 0, 1, 1, 1, 1, 0, 0, 0], "junindex": [163, 244, -1, -1, 165, -1, -1, 108, -1, -1, 139, -1, 129, 153, 157, -1, -1, -1, 128, 127, -1, -1, 151, -1, -1, 143, -1, 144, -1, 159, 146, -1, 160, -1, -1, -1, -1, -1, -1, -1, -1, -1, 248, -1, -1], "K": [[3.125, 0.0, 0.0, 0.0], [0.0, 3.125, 0.0, 0.0], [0.0, 0.0, -1.0010005235671997, -0.010005001910030842], [0.0, 0.0, -1.0, 0.0]], "RT": [[0.9618256092071533, -0.2736632227897644, 1.341104507446289e-07, -2.352964258989232e-07], [-0.023851454257965088, -0.08382861316204071, 0.9961946606636047, -0.18677525222301483], [-0.27262184023857117, -0.9581655859947205, -0.0871557742357254, -0.9874792098999023], [-0.0, 0.0, -0.0, 1.0]]}