{"line": [[41, 45], [48, 49], [10, 11], [28, 29], [46, 47], [11, 12], [50, 49], [13, 9], [9, 11], [33, 31], [23, 17], [51, 49], [0, 1], [6, 7], [38, 39], [8, 9], [25, 26], [30, 32], [17, 19], [31, 30], [44, 43], [34, 35], [24, 23], [7, 1], [18, 19], [43, 41], [16, 17], [22, 23], [41, 42], [20, 21], [29, 30], [3, 4], [27, 25], [14, 15], [4, 5], [2, 3], [38, 40], [36, 37]], "linedir": [1, 1, 3, 0, 3, 1, 3, 3, 2, 3, 1, 2, 3, 3, 2, 1, 0, 1, 2, 0, 3, 1, 2, 1, 3, 2, 3, 3, 3, 3, 3, 1, 3, 3, 3, 3, 3, 3], "lineidx": [379, 439, 116, 247, 432, 117, 440, 119, 120, 279, 229, 442, 19, 36, 334, 103, 234, 270, 227, 269, 371, 291, 226, 62, 219, 370, 218, 223, 369, 220, 256, 51, 238, 213, 29, 22, 335, 333], "junction": [[-0.13532434659651058, 0.2839978161010292], [-0.13425959856486538, 0.3396882343629796], [-0.8767441790291379, -0.999999], [-0.7401362074784618, 0.3029118401396357], [0.0706860769975454, 0.27755533976073465], [0.08343279970858315, -0.999999], [-0.39626418800806695, 0.2921580767577752], [-0.3931306799798132, 0.34806387329626604], [-0.9999989999999999, -0.9683283469935895], [-0.9323059315729152, -0.9687913661526646], [-0.9061225961397337, -0.9999990000000001], [-0.904275600346453, -0.9829543443669982], [-0.8749772665959951, -0.983146913430034], [-0.9357984118619525, -0.9999989999999999], [-0.8826786393374342, 0.0934609011507664], [-0.7725906832879651, 0.9999989999999999], [-0.5578791023023632, 0.2972121912215725], [-0.5176822442793468, 0.8062530333626132], [-0.5304206679882072, 0.29635349528607435], [-0.501161077699235, 0.6861169864304967], [-0.6616689103631047, 0.300457965736908], [-0.59612192126585, 0.999999], [-0.6069819593958243, 0.29874776398311803], [-0.5632087232289066, 0.8081245860203792], [-0.5936644861058361, 0.999999], [-0.8726638613014858, 0.940448278178086], [-0.7937837956849492, 0.999999], [-0.9950083530026481, 0.04016446728574041], [-0.999999, -0.6830512898800614], [-0.9763334494129626, -0.6777556393985983], [-0.8826786403614759, 0.09346090335963961], [-0.9950083530026481, 0.04016446728574041], [-0.7624394142825951, 0.09019299522067993], [-0.999999, 0.003440307210197884], [-0.999999, -0.6774630079152988], [-0.8431306941551062, -0.6794073586769366], [0.20867202883153185, 0.999999], [0.2742707315191785, -0.999999], [0.0636093585255244, 0.942713945182496], [0.07087972156242064, 0.999999], [0.08285946060765975, -0.999999], [0.06149472395000553, 0.9260521970740683], [0.067689995370623, 0.27764903494692134], [-0.0021463541971203297, 0.4246078219030145], [-0.002191167669216281, 0.27983439883124384], [0.06377545001950259, 0.9259520550865679], [-0.5896290811945865, 0.9745755372666773], [-0.587282227389006, 0.9999990000000001], [-0.5850842542535714, 0.9459426637619182], [-0.577688870366745, 0.9456191576723865], [-0.5803468711661486, 0.9160966668854207], [-0.5861446909617982, 0.999999]], "juncdpth": [-0.7225234482141671, -0.7282533869421228, -0.5997773127671452, -0.7104788870364824, -0.7217100182165561, -0.6114469588513904, -0.7188809403511409, -0.7246108748660003, -0.6674956204521761, -0.6683596498700474, -0.6944961615213993, -0.6959146708204847, -0.6963049834148017, -0.6658652890479931, -1.0997912314026421, -1.2565024148306851, -1.2850767717814329, -1.3848598763561608, -1.386572046790281, -1.4675249479055021, -1.1372582884801792, -1.2623060673851494, -1.2838625842748317, -1.3836456821744334, -1.2695308488677834, -1.3028805601700066, -1.2695308645931251, -1.1426808115233558, -1.002477201152936, -0.9942938464610358, -1.0997912296918013, -1.1426808115233558, -1.1023281511052758, -1.136978095376367, -0.9938441399253528, -0.996830431971103, -0.7637096462868526, -0.5810486759759634, -1.2417369384300585, -1.2111616139210053, -0.9532499982853329, -1.250921922602327, -1.1364305033507924, -1.6091371812712865, -1.5762434216572796, -1.2509775376780896, -1.4089278424681764, -1.414558085434375, -1.4521127399327383, -1.4523194936641024, -1.4456678523226163, -1.4183725834007919], "junctype": [1, 0, 0, 0, 0, 0, 1, 0, 0, 0, 0, 0, 1, 0, 0, 0, 1, 0, 1, 0, 1, 0, 1, 0, 0, 0, 0, 0, 0, 0, 0, 0, 1, 0, 0, 1, 0, 0, 0, 0, 0, 0, 1, 0, 1, 1, 1, 0, 1, 0, 1, 0], "junindex": [-1, 223, -1, 164, 245, -1, -1, 190, -1, 139, -1, 140, -1, -1, 78, -1, -1, 126, -1, 124, -1, -1, -1, 115, -1, 27, -1, 26, -1, 77, 75, 26, -1, -1, -1, -1, -1, -1, 251, -1, -1, 253, -1, 255, -1, -1, -1, -1, -1, 106, -1, -1], "K": [[3.125, 0.0, 0.0, 0.0], [0.0, 3.125, 0.0, 0.0], [0.0, 0.0, -1.0010005235671997, -0.010005001910030842], [0.0, 0.0, -1.0, 0.0]], "RT": [[0.9978227019309998, -0.06595189869403839, 1.341104365337742e-07, 2.2991041959130598e-08], [-0.025769583880901337, -0.3898804187774658, 0.9205047488212585, -0.48278161883354187], [-0.060708992183208466, -0.9185006618499756, -0.3907311260700226, -0.8814316987991333], [-0.0, 0.0, -0.0, 1.0]]}