{"line": [[38, 39], [36, 37], [33, 34], [31, 35], [29, 32], [14, 17], [12, 18], [15, 16], [9, 10], [21, 23], [24, 25], [7, 5], [4, 5], [6, 7], [18, 9], [17, 15], [23, 24], [35, 36], [32, 33], [8, 7], [33, 36], [32, 35], [29, 31], [23, 26], [24, 27], [21, 20], [22, 21], [19, 20], [13, 14], [11, 12], [28, 29], [30, 31], [43, 44], [41, 42], [15, 9], [17, 18], [14, 12], [44, 46], [39, 40], [0, 1], [3, 1], [0, 2], [45, 44]], "linedir": [0, 2, 2, 2, 2, 2, 2, 2, 2, 2, 2, 2, 3, 1, 1, 1, 1, null, null, 3, 3, 3, 3, 3, 3, 3, 1, 1, 1, 1, 1, 1, 2, 1, 3, 3, 3, 1, 3, 1, 3, 3, 3], "lineidx": [247, 160, 151, 155, 157, 118, 120, 114, 102, 130, 132, 81, 76, 79, 117, 115, 131, 161, 150, 87, 168, 156, 148, 135, 142, 125, 126, 124, 104, 103, 145, 147, 332, 291, 113, 116, 119, 342, 256, 21, 29, 22, 333], "junction": [[-0.7627363084277825, -0.7791672796046817], [0.1753805966574979, -0.7616229802455418], [-0.7255550761419363, 0.9999989999999999], [0.1669118128474466, 0.9999989999999997], [-0.9307163445653466, 0.04812029228478608], [-0.9297733352515151, 0.08426203246977836], [-0.9999989999999999, 0.10213884270726974], [-0.9566030367642148, 0.10154146341436197], [-0.9580291500326658, 0.04844301255738553], [-0.7664751198095362, 0.03320733156510085], [-0.7460923397656816, 0.017266458114108173], [-0.9999990000000001, 0.04893891626228404], [-0.8296534987818854, 0.04692616269674579], [-0.9999989999999999, -0.5384517254647377], [-0.8432331580108461, -0.5369287179525835], [-0.7784749908944537, -0.5254658642973798], [-0.7571564906737376, -0.512166349726535], [-0.8235887808446221, -0.5258861016439617], [-0.8108726833499995, 0.03371062766838728], [-0.9999989999999999, -0.6234051352882085], [-0.8451982364298469, -0.6214191683164749], [-0.8476976040999277, -0.7288819026420782], [-0.999999, -0.7314389548753014], [-0.8277655784130061, -0.70969903464185], [-0.7824163925636576, -0.7089691758748661], [-0.7607867239067578, -0.6858773366469074], [-0.8257652841784165, -0.6216698821395182], [-0.7802596311993933, -0.6085549360075511], [-0.9999989999999999, -0.6239084167185999], [-0.822215929906169, -0.6216242804473637], [-0.999999, -0.5388319788788347], [-0.8203031603701442, -0.5370836539403859], [-0.8058167002807937, -0.6088714564508967], [-0.7603524335316743, -0.6083083883689511], [-0.759143758720522, -0.6072594943053051], [-0.804010581137042, -0.5274485969689161], [-0.7586510692851253, -0.5270231485612682], [-0.7574504071576069, -0.5262306037862231], [-0.9732867625668903, 0.3250473068676258], [-0.9732836645060049, 0.32504792200553173], [-0.9547233230923119, 0.999999], [-0.999999, 0.3256338584243439], [-0.7397674566654318, 0.3199196528198058], [0.17486219978368742, -0.6537893942339051], [0.3732504136411359, -0.7911741893057446], [0.35493910423578817, 0.999999], [0.9999989999999997, -0.7786485525069018]], "juncdpth": [-0.6078337897290899, -0.6296765611106154, -0.6389821590406007, -0.6616260699007144, -0.7659498624969657, -0.7667267121219807, -0.7302283639183841, -0.7313917899188005, -0.7303030524539604, -0.7204708146906942, -0.759982946888711, -0.6853088976196072, -0.6896149251968893, -0.6746105662880164, -0.6785095016255862, -0.709365420599049, -0.7488781818110946, -0.7081847275015629, -0.7192901215932082, -0.6730908717263113, -0.6769319821392891, -0.6749361145418799, -0.6711681632815951, -0.7046113404178566, -0.7057920335153426, -0.7453047952677814, -0.7063181470705063, -0.7077429424395468, -0.6721243800858644, -0.6765331734594633, -0.6736440745926179, -0.6781106931081007, -0.702251667518295, -0.7034323553376745, -0.7056423588039371, -0.7038291871669324, -0.7050098749863118, -0.7072198784525745, -0.995937294102846, -0.9959362703928059, -1.015297714484505, -0.9949607142787652, -1.0045429946532434, -0.8164231482420442, -0.5997947764708204, -0.630738615746437, -0.6146644808239878], "junctype": [0, 0, 0, 0, 1, 0, 0, 0, 1, 0, 1, 0, 0, 0, 0, 0, 1, 0, 0, 0, 0, 0, 0, 0, 0, 1, 1, 1, 0, 0, 0, 0, 0, 0, 1, 0, 0, 1, 1, 0, 0, 0, 1, 1, 0, 0, 0], "junindex": [163, 244, -1, -1, -1, 110, -1, 108, -1, 157, -1, -1, 139, -1, 129, 153, -1, 132, 140, -1, 128, 127, -1, 130, 151, -1, -1, -1, -1, 143, -1, 144, 145, 159, -1, 146, 160, -1, -1, 77, -1, -1, -1, -1, 248, -1, -1], "K": [[3.125, 0.0, 0.0, 0.0], [0.0, 3.125, 0.0, 0.0], [0.0, 0.0, -1.0010005235671997, -0.010005001910030842], [0.0, 0.0, -1.0, 0.0]], "RT": [[0.9929516911506653, -0.11852026730775833, 1.3597309589385986e-07, 1.9891814417860587e-07], [-0.010329858399927616, -0.08654144406318665, 0.9961947202682495, -0.18677525222301483], [-0.11806924641132355, -0.989173173904419, -0.08715575933456421, -0.9874792098999023], [-0.0, 0.0, -0.0, 1.0]]}