{"line": [[28, 29], [23, 22], [21, 22], [22, 24], [6, 7], [0, 1], [26, 29], [1, 2], [4, 5], [27, 26], [14, 10], [25, 26], [10, 12], [12, 13], [7, 1], [3, 4], [15, 14], [8, 4], [9, 10], [11, 12], [18, 19], [17, 20], [16, 17]], "linedir": [1, 1, 3, 2, 3, 3, 2, 2, 2, 1, 0, 3, 1, 2, 1, 3, 3, 1, 3, 3, 3, 1, 3], "lineidx": [439, 421, 420, 430, 36, 19, 442, 26, 35, 433, 234, 432, 235, 226, 62, 29, 238, 51, 213, 220, 341, 343, 333], "junction": [[-0.6755036676322881, -0.7256748948863733], [-0.667053234546798, -0.6700074168371176], [-0.6200726371849038, -0.7171598741470754], [-0.5312988480244203, -0.9999990000000001], [-0.49737020008657423, -0.6983109769098788], [-0.4411479900632306, -0.7592356755773348], [-0.9013075657546483, -0.7603616914335034], [-0.890236065139389, -0.7052738130469768], [-0.9999990000000001, -0.7755221458325587], [-0.7382676501159435, -0.6812604141606421], [-0.6419814136638096, -0.10668870566272982], [-0.5829919340985811, -0.71146373331658], [-0.49970530846096756, -0.07777822389988918], [-0.38960213035421437, -0.2353667104984636], [-0.6910437009081699, -0.1894553070111451], [-0.7790193688131486, -0.6876998264308084], [-0.4648377929930503, -0.9999990000000001], [-0.2929831207393434, 0.74658801602314], [0.7475358705451989, 0.999999], [0.9999989999999999, 0.07995160051837977], [0.6644931748350503, 0.9999990000000001], [-0.4197638232170048, -0.192196880042801], [-0.4188272964848289, -0.18345903179759132], [-0.4250301163093545, -0.18465933959502878], [-0.388748304017609, -0.22668913441690206], [-0.4197092861899631, -0.18362970564437087], [-0.40754430538527336, -0.07036330048418243], [-0.49283113703506853, -0.08761708859257104], [-0.378035992155399, -0.11781816474954604], [-0.3764115062151192, -0.11749639051385308]], "juncdpth": [-0.7375436154451134, -0.7468870329645715, -0.7653736801381258, -0.6768834132512003, -0.7230576893009374, -0.7467040820769815, -0.7512844920703663, -0.7606279021500519, -0.7532896048315562, -1.2268741921259698, -1.41088416077455, -1.1955837169903536, -1.3948531727319768, -1.4869475915528658, -1.4588853976749525, -1.294131715062386, -0.633495780395092, -1.0050836287505613, -0.9225176226519755, -0.6896155519066958, -0.9347671313316018, -1.4971153046538133, -1.5004629525580242, -1.5012018239665128, -1.5275409041809174, -1.5088221482531825, -1.5538596150129678, -1.564437344469316, -1.5833034434117155, -1.5831000383143365], "junctype": [1, 0, 1, 0, 0, 1, 1, 0, 0, 1, 0, 1, 0, 1, 0, 1, 0, 0, 0, 0, 0, 1, 0, 1, 1, 1, 0, 1, 1, 0], "junindex": [-1, 223, -1, -1, 245, -1, -1, 190, -1, -1, 76, -1, 121, -1, 27, -1, -1, 249, -1, -1, -1, -1, 112, -1, -1, -1, 104, -1, -1, 106], "K": [[3.125, 0.0, 0.0, 0.0], [0.0, 3.125, 0.0, 0.0], [0.0, 0.0, -1.0010005235671997, -0.010005001910030842], [0.0, 0.0, -1.0, 0.0]], "RT": [[0.9542667269706726, 0.29895660281181335, 1.341104507446289e-07, -2.473036602168577e-07], [0.19216550886631012, -0.6133909225463867, 0.7660444378852844, -0.7193921208381653], [0.22901412844657898, -0.7310107350349426, -0.6427876353263855, -0.7017657160758972], [-0.0, 0.0, -0.0, 1.0]]}