{"line": [[19, 16], [4, 5], [0, 1], [1, 2], [7, 1], [3, 4], [6, 4], [16, 17], [16, 18], [10, 11], [9, 15], [12, 10], [8, 9], [13, 14]], "linedir": [1, 2, 3, 2, 1, 3, 1, 2, 3, 3, 1, 2, 3, 3], "lineidx": [379, 35, 19, 26, 62, 29, 51, 376, 377, 338, 343, 340, 333, 341], "junction": [[-0.8580109304077862, -0.7807343044844848], [-0.8477391199108415, -0.7268024670799232], [-0.791270445811215, -0.7639780088298157], [-0.7483558032170174, -0.999999], [-0.7076421741515354, -0.7429817566526095], [-0.6959308549515184, -0.7510169649432085], [-0.999999, -0.816382743178097], [-0.9999989999999999, -0.766094412847737], [-0.7346492627800214, -0.999999], [-0.4707832245437704, 0.6968141404946572], [0.8393035259344671, 0.2596444524460088], [0.999999, -0.40369563384203216], [0.5330746471289792, 0.999999], [0.5083445565794995, 0.9999989999999999], [0.8815459250280285, -0.9999990000000003], [0.23458502329630562, 0.999999], [0.8462201961254835, 0.24292235801185588], [0.9999989999999999, -0.12886111717837304], [0.9999990000000001, -0.3897164785741862], [0.8435588496142528, 0.24207876309883167]], "juncdpth": [-0.7600580721076367, -0.7692674695454832, -0.7846575222964557, -0.699973227334967, -0.7402455925458427, -0.7434243669492749, -0.770334579131985, -0.785552244432789, -0.6537443524035157, -1.0201565021903307, -1.1749126913897001, -0.9861092275585864, -0.9347671147381267, -0.8711896039886918, -0.5023722983628793, -0.9347671308495249, -1.1817700215241382, -1.3579854783102687, -1.0000385409396506, -1.1821180813737382], "junctype": [1, 0, 1, 0, 0, 1, 0, 0, 0, 0, 0, 0, 0, 0, 0, 0, 0, 0, 0, 1], "junindex": [-1, 223, -1, -1, 245, -1, -1, -1, -1, 249, 307, -1, -1, -1, -1, -1, 309, -1, -1, -1], "K": [[3.125, 0.0, 0.0, 0.0], [0.0, 3.125, 0.0, 0.0], [0.0, 0.0, -1.0010005235671997, -0.010005001910030842], [0.0, 0.0, -1.0, 0.0]], "RT": [[0.8951632380485535, 0.4457385241985321, 1.341104507446289e-07, 1.8263922640926467e-07], [0.28651511669158936, -0.5753998756408691, 0.7660444378852844, -0.7193920612335205], [0.3414556086063385, -0.6857346892356873, -0.6427875757217407, -0.7017656564712524], [-0.0, 0.0, -0.0, 1.0]]}