{"line": [[0, 1], [4, 5], [2, 4], [2, 3], [6, 4]], "linedir": [1, 2, 1, 3, 3], "lineidx": [21, 339, 342, 333, 341], "junction": [[-0.999999, -0.7120360190926034], [-0.8520707075083532, -0.7263110116798108], [-0.8529556588897546, -0.764162402907922], [-0.811710224577711, 0.999999], [0.7598190730649685, -0.9328326834552045], [0.999999, -0.7767407845729166], [0.7197502195478657, 0.999999]], "juncdpth": [-0.7008603398631975, -0.6787703338586542, -0.6328076444080106, -0.6649623108408498, -0.4709471977590902, -0.6169941610490828, -0.4971652381851177], "junctype": [0, 1, 0, 0, 0, 0, 0], "junindex": [-1, -1, 248, -1, 304, -1, -1], "K": [[3.125, 0.0, 0.0, 0.0], [0.0, 3.125, 0.0, 0.0], [0.0, 0.0, -1.0010005235671997, -0.010005001910030842], [0.0, 0.0, -1.0, 0.0]], "RT": [[0.8703917860984802, 0.4923597574234009, 1.341104507446289e-07, 5.008867987044141e-09], [0.04291187599301338, -0.07585973292589188, 0.9961947202682495, -0.18677523732185364], [0.490486204624176, -0.8670796751976013, -0.0871557667851448, -0.9874790906906128], [-0.0, 0.0, -0.0, 1.0]]}