{"line": [[11, 8], [8, 9], [1, 7], [4, 2], [0, 1], [8, 10], [2, 3], [5, 6]], "linedir": [1, 2, 1, 2, 3, 3, 3, 3], "lineidx": [379, 376, 343, 340, 333, 377, 338, 341], "junction": [[-0.999999, -0.47743904097248074], [-0.7578410320745607, 0.540028818600677], [0.7041281507465084, 0.4397304172684648], [0.999999, -0.9403996332342694], [0.0963108706446088, 0.9999990000000001], [-0.16029786727483106, -0.9999989999999997], [-0.09243562885260012, 0.999999], [-0.2668086505570771, 0.999999], [0.7204263176513551, 0.4247072332099767], [0.9999989999999999, 0.16700513154602054], [0.999999, -0.8557250482796243], [0.7088998781254752, 0.4174720421526507]], "juncdpth": [-0.8114492679633668, -1.0707368077422386, -1.105810578498044, -0.7786329230280771, -0.9347671999982473, -0.4831504096748699, -0.8378560295252913, -0.9347672130376122, -1.1112629489301984, -1.213935976524524, -0.8005836722621216, -1.1139080491620907], "junctype": [0, 0, 0, 0, 0, 0, 0, 0, 0, 0, 0, 1], "junindex": [-1, 249, 307, -1, -1, -1, -1, -1, 309, -1, -1, -1], "K": [[3.125, 0.0, 0.0, 0.0], [0.0, 3.125, 0.0, 0.0], [0.0, 0.0, -1.0010005235671997, -0.010005001910030842], [0.0, 0.0, -1.0, 0.0]], "RT": [[0.7117581367492676, 0.7024246454238892, 1.341104507446289e-07, 9.227593977811921e-08], [0.4515097737312317, -0.45750942826271057, 0.7660444378852844, -0.7193920612335205], [0.5380885004997253, -0.5452383756637573, -0.6427876949310303, -0.7017656564712524], [-0.0, 0.0, -0.0, 1.0]]}