{"line": [[0, 1], [6, 7], [4, 5], [2, 3]], "linedir": [3, 3, 3, 3], "lineidx": [333, 377, 341, 338], "junction": [[-0.999999, 0.9101203064692875], [-0.986068461791661, 0.999999], [0.7610629910733012, 0.9999990000000001], [0.9999989999999999, -0.9973680874951782], [-0.5540796106896, -0.999999], [-0.4215568787604071, 0.9999989999999997], [0.780835515026046, 0.9999989999999999], [0.999999, -0.7856887253826131]], "juncdpth": [-0.905318327082427, -0.918108067187575, -0.9079233733915275, -0.690987362375986, -0.454370760227834, -0.5972087052456627, -0.9158903963781343, -0.7151602731444489], "junctype": [0, 0, 0, 0, 0, 0, 0, 0], "junindex": [-1, -1, -1, -1, -1, -1, -1, -1], "K": [[3.125, 0.0, 0.0, 0.0], [0.0, 3.125, 0.0, 0.0], [0.0, 0.0, -1.0010005235671997, -0.010005001910030842], [0.0, 0.0, -1.0, 0.0]], "RT": [[0.6337552070617676, 0.7735337018966675, 1.1920928955078125e-07, 1.6222995213865943e-07], [0.3022436201572418, -0.24762797355651855, 0.9205048680305481, -0.48278164863586426], [0.7120416164398193, -0.5833746194839478, -0.39073115587234497, -0.8814316987991333], [-0.0, 0.0, -0.0, 1.0]]}