{"line": [[11, 8], [8, 9], [0, 1], [1, 7], [4, 2], [8, 10], [2, 3], [5, 6]], "linedir": [1, 2, 3, 1, 2, 3, 3, 3], "lineidx": [379, 376, 333, 343, 340, 377, 338, 341], "junction": [[-0.9999990000000001, -0.09930826690790966], [-0.8584163738052781, 0.44203852197315807], [0.5975285830559459, 0.518347572101058], [0.8805254402548545, -0.999999], [-0.16245977490954816, 0.9999989999999999], [-0.684161139337455, -0.999999], [-0.3945218931121142, 0.999999], [-0.46902434969529316, 0.9999990000000001], [0.6182869983459119, 0.5051916858818307], [0.9999989999999999, 0.2632772819098658], [0.9073916702873143, -0.9999989999999999], [0.6025224498364026, 0.4915542692259437]], "juncdpth": [-0.9485319677735058, -1.1049776746083335, -1.0781286998702084, -0.7316228289561688, -0.934767156230598, -0.49400798256030304, -0.8566846603468923, -0.9347671719578835, -1.0826640434606145, -1.173433489420299, -0.7377155021939389, -1.0874058462439098], "junctype": [0, 0, 0, 0, 0, 0, 0, 0, 0, 0, 0, 1], "junindex": [-1, 249, 307, -1, -1, -1, -1, -1, 309, -1, -1, -1], "K": [[3.125, 0.0, 0.0, 0.0], [0.0, 3.125, 0.0, 0.0], [0.0, 0.0, -1.0010005235671997, -0.010005001910030842], [0.0, 0.0, -1.0, 0.0]], "RT": [[0.5920485854148865, 0.805902361869812, 1.1920928955078125e-07, 9.924835353558592e-08], [0.5180239081382751, -0.38056159019470215, 0.7660444378852844, -0.7193920612335205], [0.6173570156097412, -0.4535354673862457, -0.6427876353263855, -0.7017656564712524], [-0.0, 0.0, -0.0, 1.0]]}