{"line": [[11, 8], [0, 1], [8, 9], [1, 7], [4, 2], [5, 6], [8, 10], [2, 3]], "linedir": [1, 3, 2, 1, 2, 3, 3, 3], "lineidx": [379, 333, 376, 343, 340, 341, 377, 338], "junction": [[-0.9999989999999999, 0.07501561530584767], [-0.9281296246699795, 0.3372824258610551], [0.46748785110547625, 0.5841853603298739], [0.7033399240578038, -0.9999990000000001], [-0.5000817641519864, 0.999999], [-0.9999989999999999, -0.4252184199739837], [-0.6565275392005508, 0.9999990000000001], [-0.6659475362676679, 0.999999], [0.49216850847472626, 0.5735788325841382], [0.999999, 0.35533836524535717], [0.7379794602623545, -0.9999990000000003], [0.4726508013545209, 0.5495065680881323]], "juncdpth": [-1.0618654509460803, -1.1440905529200682, -1.0559910843645612, -0.7018836199305877, -0.9347672222936229, -0.5900524903266928, -0.8987463035069326, -0.9347672312849433, -1.0594958453037093, -1.1371525444295667, -0.7065918333835882, -1.067537124398894], "junctype": [0, 0, 0, 0, 0, 0, 0, 0, 0, 0, 0, 1], "junindex": [-1, 249, 307, -1, -1, -1, -1, -1, 309, -1, -1, -1], "K": [[3.125, 0.0, 0.0, 0.0], [0.0, 3.125, 0.0, 0.0], [0.0, 0.0, -1.0010005235671997, -0.010005001910030842], [0.0, 0.0, -1.0, 0.0]], "RT": [[0.45751529932022095, 0.8892017602920532, 1.341104507446289e-07, -6.016094289407192e-09], [0.5715678334236145, -0.2940852642059326, 0.7660444378852844, -0.7193920612335205], [0.6811681389808655, -0.3504769504070282, -0.6427876949310303, -0.7017656564712524], [-0.0, 0.0, -0.0, 1.0]]}