{"line": [[6, 3], [3, 4], [2, 1], [5, 3], [0, 1]], "linedir": [1, 2, 2, 3, 3], "lineidx": [378, 375, 339, 377, 338], "junction": [[0.4050390665597657, 0.999999], [0.4255128594804772, -0.7549828659188706], [-0.999999, -0.8163896211455316], [0.4703970179607499, -0.7530493916267962], [0.999999, -0.7302357341588808], [0.44778731038460745, 0.9999989999999997], [0.42529888690540285, -0.7366414676975654]], "juncdpth": [-0.6774670093014078, -0.6448699258699582, -0.5719410193290426, -0.6474694267895507, -0.6798032924839936, -0.6801618534218558, -0.6704027704873684], "junctype": [0, 0, 0, 0, 0, 0, 1], "junindex": [-1, 306, -1, 308, -1, -1, -1], "K": [[3.125, 0.0, 0.0, 0.0], [0.0, 3.125, 0.0, 0.0], [0.0, 0.0, -1.0010005235671997, -0.010005001910030842], [0.0, 0.0, -1.0, 0.0]], "RT": [[0.2609436810016632, 0.9653540849685669, 1.3597311010471458e-07, -2.0514185905540216e-07], [0.08413614332675934, -0.022742876783013344, 0.9961947798728943, -0.18677523732185364], [0.9616806507110596, -0.25995072722435, -0.0871557742357254, -0.9874792098999023], [-0.0, 0.0, -0.0, 1.0]]}